Column;1963;1964;1965;1966;1967;1968;1969;1970;1971;1972;1973;1974;1975;1976;1977;1978;1979;1980;1981;1982;1983;1984;1985;1986;1987;1988;1989;1990;1991;1992;1993;1994;1995;1996;1997;1998;1999;2000;2001;2002;2003;2004;2005;2006;2007;2008;2009;2010;2011;2012;2013;2014;2015;2016;2017;2018;2019;2020;2021;2022;2023
;;;;;;;;;;;;;;;;;;;;;;;;;;;;;;;;;;;;;;;;;;;;;;;;;;;;;;;;;;;;;
Money Supply;-;-;-;-;-;-;-;-;-;-;-;-;-;-;-;-;-;-;-;-;-;-;-;-;-;-;-;-;-;-;-;-;-;-;-;-;-;-;-;-;-;-;-;-;-;-;-;-;-;-;-;-;-;-;-;-;-;-;-;-;-
;;;;;;;;;;;;;;;;;;;;;;;;;;;;;;;;;;;;;;;;;;;;;;;;;;;;;;;;;;;;;
          Currency Outside Banks (1) ;845,5;977,8;1103,5;1241,4;1373,8;1452,5;1528,3;1641,6;1951,2;2487,8;3374,4;5051,6;8558,5;13607;17969,6;21009,6;25198,8;26143,8;30421,1;35280,6;34654,9;34749,8;36867,8;38603,6;39396,2;35945,3;33877,2;44776,248436;44620,12479;43771,6;42622,797617;44965,078411;43087,203;43037,635;45823,203;45019,049;55060,285;51019,457;49203,423;52329,209;55444,658;60133,143;64288,038;69324,101;72191,673;83006,392;88395,351;95519,84768499;119901,52640616;133120,72828841;143140,03717765;153750,14311176;168491,79047888;170323,06883444;172046,3506952;180132,44599683;189160,26772414;206283,560385;204366,04192211;199965,70505283;211884,8803785
;;;;;;;;;;;;;;;;;;;;;;;;;;;;;;;;;;;;;;;;;;;;;;;;;;;;;;;;;;;;;
          Demand Deposits (1) ;516,9;537,7;618,5;701,1;739,6;808,3;812,1;967,9;1309,4;2259,3;3195,2;5632,5;11011,8;17609,6;27327,4;29476,3;30448,5;37265,4;46166,6;51761,9;51666,5;48360,7;46170,8;47246,5;49926,4;57718,9;57874,5;57488,368102;75850,327042;81691,9;78879,959;80679,357;81383,933;89890,221;95360,545;95253,268;101604,895;114480,931;130192,471;150009,862;167577,202;211170,238;219251,036;243417,691;311365,062;342487,682;433162,212;530072,227;642093,67;756555,345;860270,196;991384,41;980150,664;976086,198808325;1002467,74800831;1040664,95184748;1099151,08319698;1282591,31982632;1360108,16626135;1328160,3574;1312330,29183468
;;;;;;;;;;;;;;;;;;;;;;;;;;;;;;;;;;;;;;;;;;;;;;;;;;;;;;;;;;;;;
          Money Supply M1 (1) ;1362,4;1515,5;1722;1942,5;2113,4;2260,8;2340,4;2609,5;3260,6;4747,1;6569,6;10684,1;19570,3;31216,6;45297;50485,9;55647,3;63409,2;76587,7;87042,5;86321,4;83110,5;83038,6;85850,1;89322,6;93664,2;91751,7;102264,616538;120470,451832;125463,5;121502,756617;125644,435411;124471,136;132927,856;141183,748;140272,317;156665,18;165500,388;179395,894;202339,071;223021,86;271303,381;283539,074;312741,792;383556,735;425494,074;521557,563;625592,07468499;761995,19640616;889676,07328841;1003410,23317765;1145134,55311176;1148642,45447888;1146409,26764277;1174514,09870351;1220797,39784431;1288311,35092112;1488874,88021132;1564474,20818346;1528126,06245283;1524215,17221318
;;;;;;;;;;;;;;;;;;;;;;;;;;;;;;;;;;;;;;;;;;;;;;;;;;;;;;;;;;;;;
          Time & Savings Deposits (1) ;86,4;118;151,1;198,8;291,3;376,8;481,7;565,3;737,8;814,3;913,5;1539,1;1571,9;1810,6;3060,2;4165,2;11630;19994,2;26367;29050,3;33575,4;36589,4;39682,1;41088,6;39697,2;40478,6;44662;39280,874738;44623,018342;46332,9;47892,339;51417,12;61222,523;71080,751;77165,538;83436,098;85341,415;90832,006;91684,591;108028,195;113381,881;136672,88;165266,397;226026,745;283059,125;367623,877;323377,029;298282,546;316400,646;329679,868;350266,485;403419,45;439377,329;496019,30788064;454152,05919544;443022,41314938;501666,91848965;473966,98055585;495334,36669822;654764,27135;864069,42390418
;;;;;;;;;;;;;;;;;;;;;;;;;;;;;;;;;;;;;;;;;;;;;;;;;;;;;;;;;;;;;
          Money Supply M2 (1) ;1448,8;1633,5;1873,1;2141,3;2404,7;2637,6;2822,1;3174,8;3998,4;5561,4;7483,1;12223,2;21142,2;33027,2;48357,2;54651,1;67277,3;83403,4;102954,7;116092,8;119896,8;119699,9;122720,7;126938,7;129019,8;134142,8;136413,7;141545,491276;165093,470174;171796,4;169395,095617;177061,555411;185693,659;204008,607;218349,286;223708,415;242006,595;256332,394;271080,485;310367,266;336403,741;407976,261;448805,471;538768,537;666615,86;793117,951;844934,592;923874,62068499;1078395,84240616;1219355,94128841;1353676,71817765;1548554,00311176;1588019,78347888;1642428,57552341;1628666,15789895;1663819,81099369;1789978,26941077;1962841,86076717;2059808,57488168;2182890,33380283;2388284,59611736
;;;;;;;;;;;;;;;;;;;;;;;;;;;;;;;;;;;;;;;;;;;;;;;;;;;;;;;;;;;;;
          Other Quasi-Money Deposits* (1) ;179,2;235,2;272,2;335,6;326,6;285,8;315,1;343,4;482,7;656,4;1248,1;1836,6;3310,4;4307,6;5259,9;6728,8;7511,2;10976,8;16490;18305,3;24050,7;29196,4;27519;36797;35339,8;44275;43767,1;46892,917053;50749,345958;51208,783;59027,66;59169,37;56075,251;54313,953;54199,523;59547,916;63439,317;62656,915;68902,386;79841,297;80703,041;87691,664;104542,462;121499,516;123139,628;136006,62;184009,189;156495,171;161149,603;188717,559;207393,726;193335,18;197562,28;157279,108571845;176505,21473534;189825,56086021;195161,18214797;186425,206063303;249011,38056003;312481,682124;297058,62959233
;;;;;;;;;;;;;;;;;;;;;;;;;;;;;;;;;;;;;;;;;;;;;;;;;;;;;;;;;;;;;
          Money Supply M3 (1) ;1628;1868,7;2145,3;2476,9;2731,3;2923,4;3137,2;3518,2;4481,1;6217,8;8731,2;14059,8;24452,6;37334,8;53617,1;61379,9;74788,5;94380,2;119444,7;134398,1;143947,5;148896,3;150239,7;163735,7;164359,6;178417,8;180180,8;188438,408329;215842,816132;223005,183;228422,755617;236230,925411;241768,91;258322,56;272548,809;283256,331;305445,912;318989,309;339982,871;390208,563;417106,782;495667,925;553347,933;660268,053;789755,488;929124,571;1028943,781;1080369,79168499;1239545,44540616;1408073,50028841;1561070,44417765;1741889,18311176;1785582,06347888;1799707,68409525;1805171,37263429;1853645,3718539;1985139,45155874;2149267,06683047;2308819,95544171;2495372,01592683;2685343,22570969
;;;;;;;;;;;;;;;;;;;;;;;;;;;;;;;;;;;;;;;;;;;;;;;;;;;;;;;;;;;;;
Money Multiplier;-;-;-;-;-;-;-;-;-;-;-;-;-;-;-;-;-;-;-;-;-;-;-;-;-;-;-;-;-;-;-;-;-;-;-;-;-;-;-;-;-;-;-;-;-;-;-;-;-;-;-;-;-;-;-;-;-;-;-;-;-
;;;;;;;;;;;;;;;;;;;;;;;;;;;;;;;;;;;;;;;;;;;;;;;;;;;;;;;;;;;;;
          M1 (2) ;1,36035946080879;1,28128170443017;1,30900798175599;1,29551820728291;1,24994085639934;1,33577548005908;1,32353107504383;1,3175300414016;1,2192805324957;0,974403711153988;1,10591879334725;1,24500093222709;1,34084478092563;1,20546030274946;1,24807128529548;1,31790819576272;1,62731388065201;1,86088252902438;1,88885764949898;1,8866258025082;1,92252989427593;1,81591643032875;1,65898693006325;1,55164056202398;1,52612029551062;2,15591099612616;2,19358933899472;1,94874376944654;2,20916582768681;2,32822706353919;2,24370300335347;2,05795678199269;2,17177840978487;2,24703510996163;2,21048611241584;2,22269909204709;2,15190555334258;2,29979834081403;2,66353212933185;2,61386994173991;2,8415528341329;2,95173629671054;2,86023473894245;2,73001699070993;3,08981214465368;2,96918773406231;3,43707035383113;3,65284907908754;3,6138202695105;3,77574314351283;3,91837701154378;4,04749957235837;3,81993108956672;3,79098860181462;3,8900663007798;3,91765185911004;3,96802125850136;4,22194856113863;4,39118541626893;4,19634813572936;-
;;;;;;;;;;;;;;;;;;;;;;;;;;;;;;;;;;;;;;;;;;;;;;;;;;;;;;;;;;;;;
          M2 (2) ;1,44663005491762;1,38104497801826;1,42386925123527;1,4281045751634;1,42222616512893;1,5584047267356;1,59593960300854;1,60294860143391;1,49517612743998;1,14154932468492;1,25969631674635;1,42434977160436;1,44854235894625;1,27537843682422;1,33238918156369;1,42663857824557;1,96741412688108;2,447656332539;2,53913843406803;2,51628425154866;2,67031329691157;2,61537369067336;2,45177588914328;2,29426914832474;2,20436636755671;3,08762512861;3,2613634190192;2,69727598416074;3,02745484171708;3,18802701900238;3,12809494615237;2,90012866543823;3,23999195644967;3,4485962269892;3,41865173007672;3,54479416564991;3,32412943147947;3,56200261245362;4,02479435472676;4,0094069004468;4,28616730060211;4,43871481937024;4,52737952858529;4,70307230339696;5,3700472240352;5,53454498116895;5,56812870354178;5,39452894933308;5,1143744372976;5,17488889838769;5,28618859782969;5,47339319064018;5,28112653167611;5,43124360980313;5,39424715553165;5,33935179356831;5,51316405013364;5,5659595577517;5,78149599847251;5,99437965742954;-
;;;;;;;;;;;;;;;;;;;;;;;;;;;;;;;;;;;;;;;;;;;;;;;;;;;;;;;;;;;;;
          M3 (2) ;1,62556165751373;1,57989516401759;1,63078677309008;1,65192743764172;1,61538916489236;1,72726735598227;1,77413334841373;1,7763304049278;1,67567870765089;1,27628391970114;1,46980001346711;1,63836580591032;1,67535199205234;1,44172072907013;1,47731555976811;1,60229040712548;2,18706683276894;2,76979468698276;2,94582596535881;2,91304734202347;3,20596482397511;3,25329817032936;3,00156431679513;2,95933206334518;2,80816413004107;4,10672270648378;4,30774233034963;3,5908624760658;3,95808736747714;4,13830877004157;4,22233572409922;3,86927629127152;4,21839565194633;4,36672853592981;4,26724297792391;4,48836665134925;4,19551271238823;4,43268497700207;5,0478039387623;5,04081801302342;5,31441607799413;5,39278574393327;5,58196427166367;5,7636780539806;6,36202124864081;6,48362797087769;6,78075138071387;6,3083084941856;5,87863870627411;5,97579728611247;6,09607350972986;6,15674001328685;5,9381406378107;5,95133998788407;5,97884378873662;5,94851959055394;6,1142638689342;6,09459876105885;6,48042419881007;6,85247766154698;-
;;;;;;;;;;;;;;;;;;;;;;;;;;;;;;;;;;;;;;;;;;;;;;;;;;;;;;;;;;;;;
Income Velocity Of Money ( Non-Oil Sector );-;-;-;-;-;-;-;-;-;-;-;-;-;-;-;-;-;-;-;-;-;-;-;-;-;-;-;-;-;-;-;-;-;-;-;-;-;-;-;-;-;-;-;-;-;-;-;-;-;-;-;-;-;-;-;-;-;-;-;-;-
;;;;;;;;;;;;;;;;;;;;;;;;;;;;;;;;;;;;;;;;;;;;;;;;;;;;;;;;;;;;;
          M1 (3) ;-;-;-;3,50943759218486;3,43408782494893;3,48412955174521;3,36793580624909;3,50939527969386;3,35145909464445;3,11544146798048;2,95534191289871;3,5791654893096;3,30758863849234;2,73723455293188;2,41389675712951;2,24954712291671;2,48452874481095;2,67845996929912;2,68;2,54707219799925;2,484716775675;2,59979459862088;2,59382864279775;2,44319918834387;2,33575807375212;2,69369050225221;2,70105919465597;2,78512813221622;2,7744003875729;2,44711604172119;2,62092727627607;2,61268102070458;2,74245595094679;2,69759645107015;2,71926300631327;2,76097454117261;2,53793376166931;2,49855548469891;2,3945742775779;2,18405669391941;2,11931491142706;2,00780763583628;2,15231140369483;2,20068625292405;2,00062710409713;2,02754300649222;1,80892684555124;1,73321772471082;1,6055801607565;1,53070953775107;1,48290702524763;1,41064658401625;1,53907522144584;1,5676362139753;1,63683778099154;1,64129722400687;1,62568221633279;1,35924577052015;1,37527351751571;1,5366272199853;-
;;;;;;;;;;;;;;;;;;;;;;;;;;;;;;;;;;;;;;;;;;;;;;;;;;;;;;;;;;;;;
          M2 (3) ;-;-;-;3,20414924397301;3,06125963235611;3,00480908960562;2,84313049286495;2,86160526964294;2,6737788887525;2,54811264435941;2,53786452382928;3,09718645062433;2,96940992606197;2,54296670579226;2,26072625206754;2,08486292678045;2,2054324147746;2,17082553243269;2;1,87560371800042;1,84244644217699;1,82270469280535;1,77117658520276;1,6502976824838;1,59329660536349;1,8846387963153;1,87872316373812;1,95363659941139;2,02683382961727;1,80320600053102;1,87992390098612;1,85398140772838;1,83827821306654;1,75769894156458;1,75826424744551;1,73121916789895;1,64295460460489;1,61318628404492;1,58468357940075;1,42386150496613;1,40501871967054;1,33518798045948;1,35975254714146;1,27744386522933;1,15111872675817;1,0877417828645;1,11660652332599;1,17363032602705;1,13450397510035;1,11684833343456;1,09920194681905;1,04315389863062;1,11323999762544;1,09420446695589;1,18040707221744;1,20427186100158;1,17006160805604;1,03102900147542;1,04455335004839;1,07571143944883;-
;;;;;;;;;;;;;;;;;;;;;;;;;;;;;;;;;;;;;;;;;;;;;;;;;;;;;;;;;;;;;
          M3 (3) ;-;-;-;2,82188237215158;2,69166420627891;2,68664266682374;2,55602732260054;2,59322074818025;2,41342492798002;2,28183970201089;2,21518414371051;2,65469662406422;2,56401619592514;2,22977058717163;2,02300044411966;1,87810253402324;1,98274798762274;1,92527850643251;1,75;1,61860797435905;1,56748228220804;1,49411015063243;1,46148985710561;1,34923374681211;1,25844397739012;1,46739987544285;1,42966455499521;1,49354640028237;1,54368951385869;1,40678809344602;1,39412506472944;1,38960989626711;1,4119127543914;1,3881316157364;1,40861280751021;1,36727145586128;1,30172260940261;1,29631900032486;1,26352481232942;1,13252256450093;1,13317158547712;1,09897165526698;1,10285833915507;1,04237447085636;0,971634906828276;0,928516542312583;0,916920335816661;1,0036260552894;0,987010500079404;0,967162332514991;0,953169083134065;0,927372510977029;0,990067707414606;0,998580324947143;1,06498977338625;1,08094644778397;1,05503160024734;0,941598610518585;0,931895942028723;0,941006025613307;-
;;;;;;;;;;;;;;;;;;;;;;;;;;;;;;;;;;;;;;;;;;;;;;;;;;;;;;;;;;;;;
Coins in Circulation by Denomination (Sixth-Issue) Outside SAMA;-;-;-;-;-;-;-;-;-;-;-;-;-;-;-;-;-;-;-;-;-;-;-;-;-;-;-;-;-;-;-;-;-;-;-;-;-;-;-;-;-;-;-;-;-;-;-;-;-;-;-;-;-;-;-;-;-;-;-;-;-
;;;;;;;;;;;;;;;;;;;;;;;;;;;;;;;;;;;;;;;;;;;;;;;;;;;;;;;;;;;;;
          COINS;-;-;-;-;-;-;-;-;-;-;-;-;-;-;-;-;-;-;-;-;-;-;-;-;-;-;-;-;-;-;-;-;-;-;-;-;-;-;-;-;-;-;-;-;-;-;-;-;-;-;-;-;-;-;-;-;-;-;-;-;-
;;;;;;;;;;;;;;;;;;;;;;;;;;;;;;;;;;;;;;;;;;;;;;;;;;;;;;;;;;;;;
          Halalas;-;-;-;-;-;-;-;-;-;-;-;-;-;-;-;-;-;-;-;-;-;-;-;-;-;-;-;-;-;-;-;-;-;-;-;-;-;-;-;-;-;-;-;-;-;-;-;-;-;-;-;-;-;-;-;-;-;-;-;-;-
;;;;;;;;;;;;;;;;;;;;;;;;;;;;;;;;;;;;;;;;;;;;;;;;;;;;;;;;;;;;;
                    1 (4) ;-;-;-;-;-;-;-;-;-;-;-;-;-;-;-;-;-;-;-;-;-;-;-;-;-;-;-;-;-;-;-;-;-;-;-;-;-;-;-;-;-;-;-;-;-;-;-;-;-;-;-;-;-;-;8371,99;250657,79;337219,74;376593,27;385851,5;387156,9;387405,37
;;;;;;;;;;;;;;;;;;;;;;;;;;;;;;;;;;;;;;;;;;;;;;;;;;;;;;;;;;;;;
                    5 (4) ;-;-;-;-;-;-;-;-;-;-;-;-;-;-;-;-;-;-;-;-;-;-;-;-;-;-;-;-;-;-;-;-;-;-;-;-;-;-;-;-;-;-;-;-;-;-;-;-;-;-;-;-;-;-;152583,95;2192161,3;3179322,95;3678253,85;3921126,35;4210906,05;4426067,75
;;;;;;;;;;;;;;;;;;;;;;;;;;;;;;;;;;;;;;;;;;;;;;;;;;;;;;;;;;;;;
                    10 (4) ;-;-;-;-;-;-;-;-;-;-;-;-;-;-;-;-;-;-;-;-;-;-;-;-;-;-;-;-;-;-;-;-;-;-;-;-;-;-;-;-;-;-;-;-;-;-;-;-;-;-;-;-;-;-;294668,5;4660194,8;6644487,5;7388832,2;7982035,9;8510880,5;8824824,6
;;;;;;;;;;;;;;;;;;;;;;;;;;;;;;;;;;;;;;;;;;;;;;;;;;;;;;;;;;;;;
                    25 (4) ;-;-;-;-;-;-;-;-;-;-;-;-;-;-;-;-;-;-;-;-;-;-;-;-;-;-;-;-;-;-;-;-;-;-;-;-;-;-;-;-;-;-;-;-;-;-;-;-;-;-;-;-;-;-;4809716,5;24877750;38415532,25;44909590;49612954,75;53675543,25;58004842,5
;;;;;;;;;;;;;;;;;;;;;;;;;;;;;;;;;;;;;;;;;;;;;;;;;;;;;;;;;;;;;
                    50 (4) ;-;-;-;-;-;-;-;-;-;-;-;-;-;-;-;-;-;-;-;-;-;-;-;-;-;-;-;-;-;-;-;-;-;-;-;-;-;-;-;-;-;-;-;-;-;-;-;-;-;-;-;-;-;-;11846999;53973145;81334701,5;95292963;103752557;110925555;116989044,5
;;;;;;;;;;;;;;;;;;;;;;;;;;;;;;;;;;;;;;;;;;;;;;;;;;;;;;;;;;;;;
                    100 (4) ;-;-;-;-;-;-;-;-;-;-;-;-;-;-;-;-;-;-;-;-;-;-;-;-;-;-;-;-;-;-;-;-;-;-;-;-;-;-;-;-;-;-;-;-;-;-;-;-;-;-;-;-;-;-;10746575;71459417;218017034;333563106;444413775;551917482;646439828
;;;;;;;;;;;;;;;;;;;;;;;;;;;;;;;;;;;;;;;;;;;;;;;;;;;;;;;;;;;;;
                    200 (4) ;-;-;-;-;-;-;-;-;-;-;-;-;-;-;-;-;-;-;-;-;-;-;-;-;-;-;-;-;-;-;-;-;-;-;-;-;-;-;-;-;-;-;-;-;-;-;-;-;-;-;-;-;-;-;9763508;40586638;111962842;170528954;210052080;261128064;301836432
;;;;;;;;;;;;;;;;;;;;;;;;;;;;;;;;;;;;;;;;;;;;;;;;;;;;;;;;;;;;;
                    Total (4) ;-;-;-;-;-;-;-;-;-;-;-;-;-;-;-;-;-;-;-;-;-;-;-;-;-;-;-;-;-;-;-;-;-;-;-;-;-;-;-;-;-;-;-;-;-;-;-;-;-;-;-;-;-;-;37622422,94;197999963,89;459891139,94;655738292,32;820120380,5;990755587,7;1136908444,72
;;;;;;;;;;;;;;;;;;;;;;;;;;;;;;;;;;;;;;;;;;;;;;;;;;;;;;;;;;;;;
Bank notes in Circulation by Denomination (Sixth-Issue) Outside SAMA;-;-;-;-;-;-;-;-;-;-;-;-;-;-;-;-;-;-;-;-;-;-;-;-;-;-;-;-;-;-;-;-;-;-;-;-;-;-;-;-;-;-;-;-;-;-;-;-;-;-;-;-;-;-;-;-;-;-;-;-;-
;;;;;;;;;;;;;;;;;;;;;;;;;;;;;;;;;;;;;;;;;;;;;;;;;;;;;;;;;;;;;
          Rls. 500 (5) ;-;-;-;-;-;-;-;-;-;-;-;-;-;-;-;-;-;-;-;-;-;-;-;-;-;-;-;-;-;-;-;-;-;-;-;-;-;-;-;-;-;-;-;-;-;-;-;-;-;-;-;-;-;-;16898524;45714668,5;91655516;126301408,5;137240023,5;143110777,5;160956898
;;;;;;;;;;;;;;;;;;;;;;;;;;;;;;;;;;;;;;;;;;;;;;;;;;;;;;;;;;;;;
          Rls. 100 (5) ;-;-;-;-;-;-;-;-;-;-;-;-;-;-;-;-;-;-;-;-;-;-;-;-;-;-;-;-;-;-;-;-;-;-;-;-;-;-;-;-;-;-;-;-;-;-;-;-;-;-;-;-;-;-;5877348,1;11846323,9;22653041,7;24426883,9;23687857,1;21586214,3;21777063,8
;;;;;;;;;;;;;;;;;;;;;;;;;;;;;;;;;;;;;;;;;;;;;;;;;;;;;;;;;;;;;
          Rls. 50 (5) ;-;-;-;-;-;-;-;-;-;-;-;-;-;-;-;-;-;-;-;-;-;-;-;-;-;-;-;-;-;-;-;-;-;-;-;-;-;-;-;-;-;-;-;-;-;-;-;-;-;-;-;-;-;-;2383322,6;4393458,7;5675991,65;5477448,1;5396466,05;5637236,8;5159687,55
;;;;;;;;;;;;;;;;;;;;;;;;;;;;;;;;;;;;;;;;;;;;;;;;;;;;;;;;;;;;;
          Rls. 10 (5) ;-;-;-;-;-;-;-;-;-;-;-;-;-;-;-;-;-;-;-;-;-;-;-;-;-;-;-;-;-;-;-;-;-;-;-;-;-;-;-;-;-;-;-;-;-;-;-;-;-;-;-;-;-;-;280566,49;643839,63;1217603,14;1282570,51;1323728,93;1449313,92;1566230,47
;;;;;;;;;;;;;;;;;;;;;;;;;;;;;;;;;;;;;;;;;;;;;;;;;;;;;;;;;;;;;
          Rls. 5 (5) ;-;-;-;-;-;-;-;-;-;-;-;-;-;-;-;-;-;-;-;-;-;-;-;-;-;-;-;-;-;-;-;-;-;-;-;-;-;-;-;-;-;-;-;-;-;-;-;-;-;-;-;-;-;-;187562,21;521599,585;931002,75;874731,235;1127208,695;1283823,16;1440155,485
;;;;;;;;;;;;;;;;;;;;;;;;;;;;;;;;;;;;;;;;;;;;;;;;;;;;;;;;;;;;;
          Total (5) ;-;-;-;-;-;-;-;-;-;-;-;-;-;-;-;-;-;-;-;-;-;-;-;-;-;-;-;-;-;-;-;-;-;-;-;-;-;-;-;-;-;-;-;-;-;-;-;-;-;-;-;-;-;-;25627323,4;63119890,315;122133155,24;158363042,245;168775284,275;173067365,68;190900035,305
;;;;;;;;;;;;;;;;;;;;;;;;;;;;;;;;;;;;;;;;;;;;;;;;;;;;;;;;;;;;;
Coins in Circulation by Denomination;-;-;-;-;-;-;-;-;-;-;-;-;-;-;-;-;-;-;-;-;-;-;-;-;-;-;-;-;-;-;-;-;-;-;-;-;-;-;-;-;-;-;-;-;-;-;-;-;-;-;-;-;-;-;-;-;-;-;-;-;-
;;;;;;;;;;;;;;;;;;;;;;;;;;;;;;;;;;;;;;;;;;;;;;;;;;;;;;;;;;;;;
          Total (6) ;-;-;-;-;-;-;-;-;-;-;-;-;-;-;-;-;-;-;-;-;-;-;-;-;-;127807121;134706044;144927889;159143832;171950724;181505749;187055249;192479435;198311639;197460956;199506369;198448916;199815367;200881770;201589120;206017903;210803416;217059759;220564109;223976205;231792139;239375668;249079368;260653336;273581890;294030381;312996253;334537994,88;349391001;387967692,88;548436481,28;-;-;-;-;-
;;;;;;;;;;;;;;;;;;;;;;;;;;;;;;;;;;;;;;;;;;;;;;;;;;;;;;;;;;;;;
          1 (6) ;-;-;-;-;-;-;-;-;-;-;-;-;-;-;-;-;-;-;-;-;-;-;-;-;-;354884;350341;354677;352419;345708;338555;331317;327338;354912;355019;354987;354994;355194;355331;355327;355209;355472;355478;355448;355470;355440;355513;355517;355650;355627;355701;355702;355699,5;356373,4;364134,48;606421,23;-;-;-;-;-
;;;;;;;;;;;;;;;;;;;;;;;;;;;;;;;;;;;;;;;;;;;;;;;;;;;;;;;;;;;;;
          5 (6) ;-;-;-;-;-;-;-;-;-;-;-;-;-;-;-;-;-;-;-;-;-;-;-;-;-;7292401;7388066;7491437;7580515;7704663;7801868;7848600;7883247;7913556;7971444;7987123;7985994;8040959;8052236;8060746;8065000;8062320;8082490;8084051;8083273;8086422;8094483;8122028;8153459;8207133;8239537;8242859;8259392,75;8317249,5;8476992,75;10517892,65;-;-;-;-;-
;;;;;;;;;;;;;;;;;;;;;;;;;;;;;;;;;;;;;;;;;;;;;;;;;;;;;;;;;;;;;
          10 (6) ;-;-;-;-;-;-;-;-;-;-;-;-;-;-;-;-;-;-;-;-;-;-;-;-;-;18297845;18931993;19655726;20854287;21802507;22756110;23622011;24620878;25987486;27309267;28563812;29007854;29517446;30040988;30459930;30764774;30995449;31294378;31658655;32034413;32103131;32103172;32099170;32124155;32125329;32191267;32213028;32235826,5;32322216,4;32593791,2;36980179,7;-;-;-;-;-
;;;;;;;;;;;;;;;;;;;;;;;;;;;;;;;;;;;;;;;;;;;;;;;;;;;;;;;;;;;;;
          20 (6) ;-;-;-;-;-;-;-;-;-;-;-;-;-;-;-;-;-;-;-;-;-;-;-;-;-;2518079;2517811;2507228;2506267;2505912;2505712;2505434;2505273;2505235;2505124;2505138;2505138;2505136;2505115;2505115;2505115;2505115;2505115;2505115;2505115;2505115;2505115;2505115;2505115;2505115;2505115;2505115;2505115,2;2505115,2;2505115,2;2505115,2;-;-;-;-;-
;;;;;;;;;;;;;;;;;;;;;;;;;;;;;;;;;;;;;;;;;;;;;;;;;;;;;;;;;;;;;
          25 (6) ;-;-;-;-;-;-;-;-;-;-;-;-;-;-;-;-;-;-;-;-;-;-;-;-;-;27418035;29852222;32366831;34641902;37970798;41131242;43699500;46423301;49105409;49551500;50490633;50558807;50643118;50902711;51385413;52902647;54541520;57193825;59929901;60314573;60645054;60783454;63763739;65342566;66996747;74375445;77769050;82065708,93;87212980;92215072,25;112333912,5;-;-;-;-;-
;;;;;;;;;;;;;;;;;;;;;;;;;;;;;;;;;;;;;;;;;;;;;;;;;;;;;;;;;;;;;
          50 (6) ;-;-;-;-;-;-;-;-;-;-;-;-;-;-;-;-;-;-;-;-;-;-;-;-;-;37181855;38756716;39268214;40020476;42381922;44088761;45287572;47182116;50198880;56421119;62792545;65046419;67821487;70778457;72436036;76424099;80334511;84379597;85268291;88285976;95532897;103057238;109752118;119534196;130573059;142928257;158328598;175222416;184223539,5;196929779;239097411;-;-;-;-;-
;;;;;;;;;;;;;;;;;;;;;;;;;;;;;;;;;;;;;;;;;;;;;;;;;;;;;;;;;;;;;
          100 (6) ;-;-;-;-;-;-;-;-;-;-;-;-;-;-;-;-;-;-;-;-;-;-;-;-;-;34744022;36908895;43283776;53187966;59239214;62883501;63760815;63537282;62246161;53347483;46812131;42989710;40932027;38246932;36386553;35001059;34009029;33248876;32762648;32397385;32564080;32476693;32481681;32638195;32818880;33435059;33581901;33893836;34345407;45119300;105808911;-;-;-;-;-
;;;;;;;;;;;;;;;;;;;;;;;;;;;;;;;;;;;;;;;;;;;;;;;;;;;;;;;;;;;;;
          200 (6) ;-;-;-;-;-;-;-;-;-;-;-;-;-;-;-;-;-;-;-;-;-;-;-;-;-;-;-;-;-;-;-;-;-;-;-;-;-;-;-;-;-;-;-;-;-;-;-;-;-;-;-;-;-;108120;9763508;40586638;-;-;-;-;-
;;;;;;;;;;;;;;;;;;;;;;;;;;;;;;;;;;;;;;;;;;;;;;;;;;;;;;;;;;;;;
Bank notes in Circulation by Denomination;-;-;-;-;-;-;-;-;-;-;-;-;-;-;-;-;-;-;-;-;-;-;-;-;-;-;-;-;-;-;-;-;-;-;-;-;-;-;-;-;-;-;-;-;-;-;-;-;-;-;-;-;-;-;-;-;-;-;-;-;-
;;;;;;;;;;;;;;;;;;;;;;;;;;;;;;;;;;;;;;;;;;;;;;;;;;;;;;;;;;;;;
          Rls. 500 (7) ;-;-;-;-;-;-;-;-;-;-;-;-;-;-;-;-;-;-;-;-;7872480;14582157;19633429;23838693;24310572;22855465;22387010;29852936;31157345;31654763;31329895;32384730;31620518,5;31643493;34656857;34646464;42306793;38035563;34462387;36791546;40023425;43314865;47072341;54869279;55889001;69948241;76440230;86993460;111272531;122032932;133127397;144494152;160368606;162649835;164379319,5;170525298,5;-;-;-;-;-
;;;;;;;;;;;;;;;;;;;;;;;;;;;;;;;;;;;;;;;;;;;;;;;;;;;;;;;;;;;;;
          Rls. 200 (7) ;-;-;-;-;-;-;-;-;-;-;-;-;-;-;-;-;-;-;-;-;-;-;-;-;-;-;-;-;-;-;-;-;-;-;-;-;3388054;7263190;8139746;9902883;9422311;10508749;12633826;14104648;13090811;7799614;2429262;1361341;891846;602068;412776;295002;215304;148955,8;81427;34517,2;-;-;-;-;-
;;;;;;;;;;;;;;;;;;;;;;;;;;;;;;;;;;;;;;;;;;;;;;;;;;;;;;;;;;;;;
          Rls. 100 (7) ;-;412515;470186;536354;657085;762857;871197;1008120;1271621;1724684;2382403;3455651;6300681;10123858;10760821;15126549;17353584;21081125;23068126;24934979;18264151;13193564;10826541;10663558;9799663;8665832;7611220;10164232;9278878;8488515;8299483;9081285;8398015,2;8264617;8990427;8437144;9977872;7295452;6051580;6451207;6199144;6458624;7177150;7851358;8106245;10238168;13625897;15455189;19279350;20942049;22920365;25151457;25678172;25802336,9;26879805,2;27899012,9;-;-;-;-;-
;;;;;;;;;;;;;;;;;;;;;;;;;;;;;;;;;;;;;;;;;;;;;;;;;;;;;;;;;;;;;
          Rls. 50 (7) ;-;291042;334308;389064;436407;499941;519976;582367;731607;984614;1508024;3048821;4296428;5718905;8396085;8741240;9011753;11525067;11693897;11670819;8963245;7668652;6411856;5974858;5418541;4743531;4110884;5322877;4680134;4242632;4021398;4330744;3985530,4;3644898;3408019;2797032;2931557;2340065;1885174;1832852;1770216;1809088;1898823;1847258;1888985;2802386;3483410;3783853;4594041;5133081;5513443;6262883;6565196,85;6353644,3;6586503,85;6728058,7;-;-;-;-;-
;;;;;;;;;;;;;;;;;;;;;;;;;;;;;;;;;;;;;;;;;;;;;;;;;;;;;;;;;;;;;
          Rls. 20 (7) ;-;-;-;-;-;-;-;-;-;-;-;-;-;-;-;-;-;-;-;-;-;-;-;-;-;-;-;-;-;-;-;-;-;-;-;-;82579;143975;140660;170518;176939;321226;278504;272007;238384;244022;201292;201181;245463;180564;155319;128408;104758,5;90808,1;82145,12;76581,76;-;-;-;-;-
;;;;;;;;;;;;;;;;;;;;;;;;;;;;;;;;;;;;;;;;;;;;;;;;;;;;;;;;;;;;;
          Rls. 10 (7) ;-;386063;433144;475525;409087;346054;320943;292648;340880;353223;393165;560713;692933;652545;577966;551126;471587;537388;531687;583679;584348;510435;477734;492948;500400;450685;459314;491960;539071;587971;623322;667992;639276,1;657946;681641;731220;763645;783825;798771;857943;881619;881765;988362;1105803;1277996;1230846;1279302;1338795;1509930;1691125;1861183;2019117;2219049,46;2178873,9;2346817,29;2342274,3;-;-;-;-;-
;;;;;;;;;;;;;;;;;;;;;;;;;;;;;;;;;;;;;;;;;;;;;;;;;;;;;;;;;;;;;
          Rls. 5 (7) ;-;46986;42920;42835;44274;36630;34656;31244;36559;39665;51245;71047;75123;115235;120884;136447;133033;177862;180780;184710;208696;206602;201783;213127;222089;201472;214452;237165;269130;294315;312151;358541;321210,9;346554;371851;386843;410240;427228;464539;494443;497997;540959;590295;600021;724239;713175;714107;756751;888896;965691;1059143;1136556;1244517,955;1242618,9;1398849,58;1521187,89;-;-;-;-;-
;;;;;;;;;;;;;;;;;;;;;;;;;;;;;;;;;;;;;;;;;;;;;;;;;;;;;;;;;;;;;
          Rls. 1 (7) ;-;16483;18110;20611;23379;22741;23598;26065;30093;35103;42225;45278;50664;72467;85282;95970;108824;135533;139467;152723;183433;204020;209585;224759;237345;236612;252922;288482;304326;337072;364859;397212;394058,6;415408;432515;478075;468754;501362;512895;517787;524245;561074;632641;671185;771302;804963;838751;829494;903343;990825;1044417;1091520;1181949,719;1172994,4;1214131,03;1190005,17;-;-;-;-;-
;;;;;;;;;;;;;;;;;;;;;;;;;;;;;;;;;;;;;;;;;;;;;;;;;;;;;;;;;;;;;
          Total (7) ;-;1153089;1298668;1464389;1570232;1668223;1770370;1940444;2410760;3137289;4377062;7181510;11415829;16683010;19941038;24651332;27078781;33456975;35613957;37526910;36076353;36365430;37760928;41407943;40488610;37153597;35035802;46357652;46228884;45605268;44951108;47220504;45358609,7;44972916;48541310;47476778;60329494;56790660;52455752;57019179;59495896;64396350;71271942;81321559;81986963;93781415;99012251;110720064;139585400;152538335;166094043;180579095;197577554,484;199640067,3;202968998,57;210316936,42;-;-;-;-;-
;;;;;;;;;;;;;;;;;;;;;;;;;;;;;;;;;;;;;;;;;;;;;;;;;;;;;;;;;;;;;
CURRENCY OUTSIDE BANKS;-;-;-;-;-;-;-;-;-;-;-;-;-;-;-;-;-;-;-;-;-;-;-;-;-;-;-;-;-;-;-;-;-;-;-;-;-;-;-;-;-;-;-;-;-;-;-;-;-;-;-;-;-;-;-;-;-;-;-;-;-
;;;;;;;;;;;;;;;;;;;;;;;;;;;;;;;;;;;;;;;;;;;;;;;;;;;;;;;;;;;;;
          Currency Outside SAMA (8) ;892,8;1027,7;1164,2;1303,1;1444,4;1513,3;1587,6;1704,3;2020;2605,1;3530,8;5299,6;8999,2;14328;18783,5;22191;26457,8;27445,7;31941,1;36876;36304,3;36188,4;38149,2;39797,4;40727,6;37281,4;35170,5;46502,6;46388;45777,2;45133,561617;47407,559411;45551,088;45171,226;48738,76;47676,283;60527,944;56990,46;52656,63;57220,77;59701,91;64607,15;71489;81542,12;82210,94;94013,19;99251,62;110969,38268499;139846,05340616;152811,91728841;166388,07417765;180892,09211176;197912,09247888;199989,45820095;203356,95356888;210865,37290428;218479,70989933;233667,98094686;227497,13381994;222448,96383092;234754,67687044
;;;;;;;;;;;;;;;;;;;;;;;;;;;;;;;;;;;;;;;;;;;;;;;;;;;;;;;;;;;;;
          Currency Held by Commercial Banks (8) ;47,3;49,9;60,6;61,7;70,6;60,8;59,2;62,7;68,8;117,3;156,4;248;440,7;720,6;813,9;1181,4;1259;1301,9;1520;1595,4;1649,4;1438,6;1281,4;1193,8;1331,4;1336,1;1293,3;1726,3;1767,9;2007,6;2510,764;2442,481;2463,885;2133,591;2915,557;2657,234;5467,659;5971,003;3453,207;4891,561;4257,252;4474,007;7200,962;12218,019;10019,267;11006,798;10856,269;15449,535;19944,527;19691,189;23248,037;27141,949;29420,302;29666,38936651;31310,60287368;30732,92690745;29319,44217519;27384,42056186;23131,09189783;22483,25877809;22869,79649194
;;;;;;;;;;;;;;;;;;;;;;;;;;;;;;;;;;;;;;;;;;;;;;;;;;;;;;;;;;;;;
          Currency Outside Banks (8) ;845,5;977,8;1103,6;1241,4;1373,8;1452,5;1528,4;1641,6;1951,2;2487,8;3374,4;5051,6;8558,5;13607,4;17969,6;21009,6;25198,8;26143,8;30421,1;35280,6;34654,9;34749,8;36867,8;38603,6;39396,2;35945,3;33877,2;44776,3;44620,1;43769,6;42622,797617;44965,078411;43087,203;43037,635;45823,203;45019,049;55060,285;51019,457;49203,423;52329,209;55444,658;60133,143;64288,038;69324,101;72191,673;83006,392;88395,351;95519,84768499;119901,52640616;133120,72828841;143140,03717765;153750,14311176;168491,79047888;170323,06883444;172046,3506952;180132,44599683;189160,26772414;206283,560385;204366,04192211;199965,70505283;211884,8803785
;;;;;;;;;;;;;;;;;;;;;;;;;;;;;;;;;;;;;;;;;;;;;;;;;;;;;;;;;;;;;
Monetary Survey - Liabilities;-;-;-;-;-;-;-;-;-;-;-;-;-;-;-;-;-;-;-;-;-;-;-;-;-;-;-;-;-;-;-;-;-;-;-;-;-;-;-;-;-;-;-;-;-;-;-;-;-;-;-;-;-;-;-;-;-;-;-;-;-
;;;;;;;;;;;;;;;;;;;;;;;;;;;;;;;;;;;;;;;;;;;;;;;;;;;;;;;;;;;;;
                    Currency Outside Banks ( 1 ) (9) ;-;-;-;-;-;-;-;-;-;-;-;-;-;-;-;-;-;-;-;-;-;-;-;-;-;-;-;-;-;-;-;-;-;43037,635;45823,203;45019,049;55060,285;51019,457;49203,423;52329,209;55444,658;60133,143;64288,038;69324,101;72191,673;83006,392;88395,351;95519,84768499;119901,52640616;133120,72828841;143140,03717765;153750,14311176;168491,79047888;170323,06883444;172046,3506952;180132,44599683;189160,26772414;206283,560385;204366,04192211;199965,70505283;211884,8803785
;;;;;;;;;;;;;;;;;;;;;;;;;;;;;;;;;;;;;;;;;;;;;;;;;;;;;;;;;;;;;
                    Demand Deposits ( 2 ) (9) ;-;-;-;-;-;-;-;-;-;-;-;-;-;-;-;-;-;-;-;-;-;-;-;-;-;-;-;-;-;-;-;-;-;89890,221;95360,545;95253,268;101604,895;114480,931;130192,471;150009,862;167577,202;211170,238;219251,036;243417,691;311365,062;342487,682;433162,212;530072,227;642093,67;756555,345;860270,196;991384,41;980150,664;976086,198808325;1002467,74800831;1040664,95184748;1099151,08319698;1282591,31982632;1360108,16626135;1328160,3574;1312330,29183468
;;;;;;;;;;;;;;;;;;;;;;;;;;;;;;;;;;;;;;;;;;;;;;;;;;;;;;;;;;;;;
                    Total 3 =(1+2) (9) ;-;-;-;-;-;-;-;-;-;-;-;-;-;-;-;-;-;-;-;-;-;-;-;-;-;-;-;-;-;-;-;-;-;132927,856;141183,748;140272,317;156665,18;165500,388;179395,894;202339,071;223021,86;271303,381;283539,074;312741,792;383556,735;425494,074;521557,563;625592,07468499;761995,19640616;889676,07328841;1003410,23317765;1145134,55311176;1148642,45447888;1146409,26764277;1174514,09870351;1220797,39784431;1288311,35092112;1488874,88021132;1564474,20818346;1528126,06245283;1524215,17221318
;;;;;;;;;;;;;;;;;;;;;;;;;;;;;;;;;;;;;;;;;;;;;;;;;;;;;;;;;;;;;
                    Time & Savings Deposits ( 4 ) (9) ;-;-;-;-;-;-;-;-;-;-;-;-;-;-;-;-;-;-;-;-;-;-;-;-;-;-;-;-;-;-;-;-;-;71080,751;77165,538;83436,098;85341,415;90832,006;91684,591;108028,195;113381,881;136672,88;165266,397;226026,745;283059,125;367623,877;323377,029;298282,546;316400,646;329679,868;350266,485;403419,45;439377,329;496019,30788064;454152,05919544;443022,41314938;501666,91848965;473966,98055585;495334,36669822;654764,27135;864069,42390418
;;;;;;;;;;;;;;;;;;;;;;;;;;;;;;;;;;;;;;;;;;;;;;;;;;;;;;;;;;;;;
                    Other Quasi-Money Deposits*   ( 5 ) (9) ;-;-;-;-;-;-;-;-;-;-;-;-;-;-;-;-;-;-;-;-;-;-;-;-;-;-;-;-;-;-;-;-;-;54313,953;54199,523;59547,916;63439,317;62656,915;68902,386;79841,297;80703,041;87691,664;104542,462;121499,516;123139,628;136006,62;184009,189;156495,171;161149,603;188717,559;207393,726;193335,18;197562,28;157279,108571845;176505,21473534;189825,56086021;195161,18214797;186425,206063303;249011,38056003;312481,682124;297058,62959233
;;;;;;;;;;;;;;;;;;;;;;;;;;;;;;;;;;;;;;;;;;;;;;;;;;;;;;;;;;;;;
                    Total   6 =(4+5) (9) ;-;-;-;-;-;-;-;-;-;-;-;-;-;-;-;-;-;-;-;-;-;-;-;-;-;-;-;-;-;-;-;-;-;125394,704;131365,061;142984,014;148780,732;153488,921;160586,977;187869,492;194084,922;224364,544;269808,859;347526,261;406198,753;503630,497;507386,218;454777,717;477550,249;518397,427;557660,211;596754,63;636939,609;653298,416452485;630657,27393078;632847,97400959;696828,10063762;660392,186619153;744345,74725825;967245,953474;1161128,05349651
;;;;;;;;;;;;;;;;;;;;;;;;;;;;;;;;;;;;;;;;;;;;;;;;;;;;;;;;;;;;;
          Money;-;-;-;-;-;-;-;-;-;-;-;-;-;-;-;-;-;-;-;-;-;-;-;-;-;-;-;-;-;-;-;-;-;-;-;-;-;-;-;-;-;-;-;-;-;-;-;-;-;-;-;-;-;-;-;-;-;-;-;-;-
;;;;;;;;;;;;;;;;;;;;;;;;;;;;;;;;;;;;;;;;;;;;;;;;;;;;;;;;;;;;;
          Quasi-Money;-;-;-;-;-;-;-;-;-;-;-;-;-;-;-;-;-;-;-;-;-;-;-;-;-;-;-;-;-;-;-;-;-;-;-;-;-;-;-;-;-;-;-;-;-;-;-;-;-;-;-;-;-;-;-;-;-;-;-;-;-
;;;;;;;;;;;;;;;;;;;;;;;;;;;;;;;;;;;;;;;;;;;;;;;;;;;;;;;;;;;;;
          Total (3+6) (9) ;-;-;-;-;-;-;-;-;-;-;-;-;-;-;-;-;-;-;-;-;-;-;-;-;-;-;-;-;-;-;-;-;-;258322,56;272548,809;283256,331;305445,912;318989,309;339982,871;390208,563;417106,782;495667,925;553347,933;660268,053;789755,488;929124,571;1028943,781;1080369,79168499;1239545,44540616;1408073,50028841;1561070,44417765;1741889,18311176;1785582,06347888;1799707,68409525;1805171,37263429;1853645,3718539;1985139,45155874;2149267,06683047;2308819,95544171;2495372,01592683;2685343,22570969
;;;;;;;;;;;;;;;;;;;;;;;;;;;;;;;;;;;;;;;;;;;;;;;;;;;;;;;;;;;;;
          Government Deposits ** (9) ;-;-;-;-;-;-;-;-;-;-;-;-;-;-;-;-;-;-;-;-;-;-;-;-;-;-;-;-;-;-;-;-;-;49270;52777;49206;30995;52003;52155;51980;57124;98786;241287;338926;517599;1057335;924012;993543,02478303;1187984,36840415;1516739,27634767;1641539,7808829;1560706,05277979;1162521,06973012;875423,71991032;737716,36628562;681491,77071521;622945,04486821;585028,75918583;537714,51422031;594091,91581848;451857,65210131
;;;;;;;;;;;;;;;;;;;;;;;;;;;;;;;;;;;;;;;;;;;;;;;;;;;;;;;;;;;;;
          Other Items (Net) (9) ;-;-;-;-;-;-;-;-;-;-;-;-;-;-;-;-;-;-;-;-;-;-;-;-;-;-;-;-;-;-;-;-;-;145709,228;171799,13;150473,16;122243,414;138768,482;148640,443;116750,602;194820,748;266143,006;390001,464;525693,899;606357,984;554691,822;516384,994;545986,47081746;662336,40769068;727594,65950677;850172,117688;935829,282369399;1067907,8945543;1096618,92538331;1146983,19676395;1225798,86225649;1306853,02475129;1297986,84468582;1436327,31060554;1574374,3961069;1675657,93145667
;;;;;;;;;;;;;;;;;;;;;;;;;;;;;;;;;;;;;;;;;;;;;;;;;;;;;;;;;;;;;
          Total Liabilities (9) ;-;-;-;-;-;-;-;-;-;-;-;-;-;-;-;-;-;-;-;-;-;-;-;-;-;-;-;-;-;-;-;-;-;453302,221;497124,486;482935,266;458684,484;509760,791;540778,314;558939,165;669051,53;860596,931;1184636,397;1524887,952;1913712,472;2541151,393;2469340,775;2619899,28728548;3089866,22150099;3652407,43614285;4052782,34274855;4238424,51826095;4016011,0277633;3771750,32938888;3689870,93568386;3760936,0048256;3914937,52117824;4032282,67070212;4282861,78026756;4663838,32785221;4812858,80926767
;;;;;;;;;;;;;;;;;;;;;;;;;;;;;;;;;;;;;;;;;;;;;;;;;;;;;;;;;;;;;
Monetary Survey - Assets;-;-;-;-;-;-;-;-;-;-;-;-;-;-;-;-;-;-;-;-;-;-;-;-;-;-;-;-;-;-;-;-;-;-;-;-;-;-;-;-;-;-;-;-;-;-;-;-;-;-;-;-;-;-;-;-;-;-;-;-;-
;;;;;;;;;;;;;;;;;;;;;;;;;;;;;;;;;;;;;;;;;;;;;;;;;;;;;;;;;;;;;
          Foreign Assets (Net);-;-;-;-;-;-;-;-;-;-;-;-;-;-;-;-;-;-;-;-;-;-;-;-;-;-;-;-;-;-;-;-;-;-;-;-;-;-;-;-;-;-;-;-;-;-;-;-;-;-;-;-;-;-;-;-;-;-;-;-;-
;;;;;;;;;;;;;;;;;;;;;;;;;;;;;;;;;;;;;;;;;;;;;;;;;;;;;;;;;;;;;
                    SAMA  (1) (10) ;-;-;-;-;-;-;-;-;-;-;-;-;-;-;-;-;-;-;-;-;-;-;-;-;-;-;-;-;-;-;-;-;-;188927;213182;170036;141834;178261;181304;157103;223155;324091;563557;829185;1128466;1642312;1520042;1651522,84228548;2007087,47650099;2428571,78114285;2687792,14774855;2715989,28126095;2283381,6377633;1982347,67438205;1833354,55814836;1835865,64231484;1852625,79381764;1684317,11854178;1643108,70759225;1651737,70341297;1564176,81090822
;;;;;;;;;;;;;;;;;;;;;;;;;;;;;;;;;;;;;;;;;;;;;;;;;;;;;;;;;;;;;
                    Commercial Banks  (2) (10) ;-;-;-;-;-;-;-;-;-;-;-;-;-;-;-;-;-;-;-;-;-;-;-;-;-;-;-;-;-;-;-;-;-;67518,057;53470,724;42838;40334,34;36760,522;39749,991;52490,969;41018,507;47050,574;26390,114;70597,287;42499,382;41520,48;111235,373;98420,834;139890,145;133998,761;137703,126;152606,848;222627,208;137730,425538945;142937,932578108;120898,89392802;70474,53321316;67998,18325004;29845,55137531;84360,03963433;42877,5242001525
;;;;;;;;;;;;;;;;;;;;;;;;;;;;;;;;;;;;;;;;;;;;;;;;;;;;;;;;;;;;;
                    Total  (1+2) (10) ;-;-;-;-;-;-;-;-;-;-;-;-;-;-;-;-;-;-;-;-;-;-;-;-;-;-;-;-;-;-;-;-;-;256445,057;266652,724;212874;182168,34;215021,522;221053,991;209593,969;264173,507;371141,574;589947,114;899782,287;1170965,382;1683832,48;1631277,373;1749943,67628548;2146977,62150099;2562570,54214285;2825495,27374855;2868596,12926095;2506008,8457633;2120078,099921;1976292,49072647;1956764,53624286;1923100,3270308;1752315,30179182;1672954,25896756;1736097,7430473;1607054,33510837
;;;;;;;;;;;;;;;;;;;;;;;;;;;;;;;;;;;;;;;;;;;;;;;;;;;;;;;;;;;;;
          Bank Claims on Private Sector (10) ;-;-;-;-;-;-;-;-;-;-;-;-;-;-;-;-;-;-;-;-;-;-;-;-;-;-;-;-;-;-;-;-;-;123546,668;133683,97;160654,84;162189,814;172238,059;187064,121;205829,476;228486,25;313927,879;435925,771;476019,507;577881,935;734557,063;734236,888;775755,731;863225,585;1007515,025;1133179,94;1270481,028;1384858,395;1417920,09133991;1405210,3730772;1445252,02058274;1546518,91514744;1762440,0469103;2034085,1673;2289580,61282591;2518786,4667753
;;;;;;;;;;;;;;;;;;;;;;;;;;;;;;;;;;;;;;;;;;;;;;;;;;;;;;;;;;;;;
          Bank Claims on Government* (10) ;-;-;-;-;-;-;-;-;-;-;-;-;-;-;-;-;-;-;-;-;-;-;-;-;-;-;-;-;-;-;-;-;-;56607,252;75927,059;85807,385;99978,949;110062,408;121843,239;131555,697;150547,573;146389,893;127091,087;114121,538;127430,685;90696,401;75690,747;61915,303;47711,043;42616,697;49753,271;53259,499;86157,633;178416,26798044;254545,17204385;305153,968;383672,269;438369,739;480749,659;510298,349567;540315,310261
;;;;;;;;;;;;;;;;;;;;;;;;;;;;;;;;;;;;;;;;;;;;;;;;;;;;;;;;;;;;;
          Bank Claims on Nonfinancial Public Sector Enterprises (10) ;-;-;-;-;-;-;-;-;-;-;-;-;-;-;-;-;-;-;-;-;-;-;-;-;-;-;-;-;-;-;-;-;-;16703,244;20860,733;23599,041;14347,381;12438,802;10816,963;11960,023;25844,2;29137,585;31672,425;34964,62;37434,47;32065,449;28135,767;32284,577;31951,972;39705,172;44353,858;46087,862;38986,154;55335,8701475384;53822,8998363387;53765,48;61646,01;79157,583;95072,695;127861,622412;146702,697123
;;;;;;;;;;;;;;;;;;;;;;;;;;;;;;;;;;;;;;;;;;;;;;;;;;;;;;;;;;;;;
          Total Assets (10) ;-;-;-;-;-;-;-;-;-;-;-;-;-;-;-;-;-;-;-;-;-;-;-;-;-;-;-;-;-;-;-;-;-;453302,221;497124,486;482935,266;458684,484;509760,791;540778,314;558939,165;669051,53;860596,931;1184636,397;1524887,952;1913712,472;2541151,393;2469340,775;2619899,28728548;3089866,22150099;3652407,43614285;4052782,34274855;4238424,51826095;4016011,0277633;3771750,32938888;3689870,93568386;3760936,0048256;3914937,52117824;4032282,67070212;4282861,78026756;4663838,32785221;4812858,80926767
;;;;;;;;;;;;;;;;;;;;;;;;;;;;;;;;;;;;;;;;;;;;;;;;;;;;;;;;;;;;;
Balance Sheet of Saudi Central Bank - Assets;-;-;-;-;-;-;-;-;-;-;-;-;-;-;-;-;-;-;-;-;-;-;-;-;-;-;-;-;-;-;-;-;-;-;-;-;-;-;-;-;-;-;-;-;-;-;-;-;-;-;-;-;-;-;-;-;-;-;-;-;-
;;;;;;;;;;;;;;;;;;;;;;;;;;;;;;;;;;;;;;;;;;;;;;;;;;;;;;;;;;;;;
          Cash Cover;-;-;-;-;-;-;-;-;-;-;-;-;-;-;-;-;-;-;-;-;-;-;-;-;-;-;-;-;-;-;-;-;-;-;-;-;-;-;-;-;-;-;-;-;-;-;-;-;-;-;-;-;-;-;-;-;-;-;-;-;-
;;;;;;;;;;;;;;;;;;;;;;;;;;;;;;;;;;;;;;;;;;;;;;;;;;;;;;;;;;;;;
                    Gold (11) ;-;-;-;-;-;-;-;-;-;-;-;-;-;-;-;-;-;-;-;-;-;-;-;-;-;-;-;-;-;-;-;-;-;-;-;-;-;756;756;756;756;756;756;756;756;1624;1624;1624;1624;1624;1623,50262039;1623,50262039;1623,50262039;1623,50262039;1623,50262039;1623,50262039;1623,50247581;1623,50247581;1623,50247581;1623,50247581;1623,50247581
;;;;;;;;;;;;;;;;;;;;;;;;;;;;;;;;;;;;;;;;;;;;;;;;;;;;;;;;;;;;;
                    Foreign Currencies (11) ;-;-;-;-;-;-;-;-;-;-;-;-;-;-;-;-;-;-;-;-;-;-;-;-;-;-;-;-;-;-;-;-;-;-;-;-;-;69830;71681;72731;80204;82652;88995;93563;105298;119442;121503;134405,22796039;167409,78616039;184603,32616039;193060,19874;214508,73074;235588,5789;232881,610766;227564,688477;241825,626337;259843,37274558;255320,92846058;259689,57324158;249563,9897466;254802,98701098
;;;;;;;;;;;;;;;;;;;;;;;;;;;;;;;;;;;;;;;;;;;;;;;;;;;;;;;;;;;;;
          Cash in Vault (11) ;-;-;-;-;-;-;-;-;-;-;-;-;-;-;-;-;-;-;-;-;-;-;-;-;-;-;-;-;-;-;-;-;-;-;-;-;-;13595;19733;16266;21259;18802;18262;12777;23842;27053;23876;25059,8452754;29187,73275423;33415,40887198;28295,62718274;35240,14124863;39299,98904151;34515,65518544;25831,23752851;32583,75605311;42987,15867206;23276,44998953;33815,94189745;28738,52839147;21671,81261635
;;;;;;;;;;;;;;;;;;;;;;;;;;;;;;;;;;;;;;;;;;;;;;;;;;;;;;;;;;;;;
          Deposits with Banks Abroad (11) ;-;-;-;-;-;-;-;-;-;-;-;-;-;-;-;-;-;-;-;-;-;-;-;-;-;-;-;-;-;-;-;-;-;-;-;-;-;54574;35809;40255;45776;48398;113954;123346;246792;379488;335673;343887,58827261;414007,49823169;576415,15818149;546628,92965753;510972,14571678;552359,60905386;401143,71542823;377965,89758408;405571,77334437;399832,17317685;311670,74841572;291417,9070208;324419,69611245;361745,12416106
;;;;;;;;;;;;;;;;;;;;;;;;;;;;;;;;;;;;;;;;;;;;;;;;;;;;;;;;;;;;;
          Investment in Foreign Securities (11) ;-;-;-;-;-;-;-;-;-;-;-;-;-;-;-;-;-;-;-;-;-;-;-;-;-;-;-;-;-;-;-;-;-;-;-;-;-;58383;73557;43716;97035;197338;369973;625667;790559;1154247;1071542;1181915,65675566;1427819,97103618;1670019,91661823;1952837,17337714;1998579,89760904;1505023,25381548;1365189,20665399;1244668,98230174;1204035,20514875;1203575,56694628;1124050,6171578;1132710,96122997;1130417,24409243;1001214,36988212
;;;;;;;;;;;;;;;;;;;;;;;;;;;;;;;;;;;;;;;;;;;;;;;;;;;;;;;;;;;;;
          Other Miscellaneous Assets (11) ;-;-;-;-;-;-;-;-;-;-;-;-;-;-;-;-;-;-;-;-;-;-;-;-;-;-;-;-;-;-;-;-;-;-;-;-;-;36302,48702156;22936,74835235;24216,01977878;27669,61883604;26930,73781653;27464,91597639;28216,8351805001;29570,3945418701;28141,31505771;16436,02652413;18496,74918743;17816,45133504;18986,14655331;16282,99964704;31184,90779294;39487,08798097;41516,85962116;26008,56678066;14224,29759027;4944,75175295;130852,39961047;129449,06186739;199024,31082508;167173,5177265
;;;;;;;;;;;;;;;;;;;;;;;;;;;;;;;;;;;;;;;;;;;;;;;;;;;;;;;;;;;;;
          TOTAL (11) ;-;-;-;-;-;-;-;-;-;-;-;-;-;-;-;-;-;-;-;-;-;-;-;-;-;-;-;-;-;-;-;-;-;-;-;-;-;233440,48702156;224472,74835235;197940,01977878;272699,61883604;374876,73781653;619404,91597639;884325,8351805;1196817,39454187;1709995,31505771;1570654,02652413;1705389,06745149;2057865,43951753;2485063,9563854;2738728,43122484;2792109,32572778;2373382,02141221;2076870,55027521;1903662,87529238;1899864,16109389;1912806,52576953;1846794,64610991;1848706,947733;1933787,27164384;1808231,31387282
;;;;;;;;;;;;;;;;;;;;;;;;;;;;;;;;;;;;;;;;;;;;;;;;;;;;;;;;;;;;;
Balance Sheet of Saudi Central Bank - Liabilities;-;-;-;-;-;-;-;-;-;-;-;-;-;-;-;-;-;-;-;-;-;-;-;-;-;-;-;-;-;-;-;-;-;-;-;-;-;-;-;-;-;-;-;-;-;-;-;-;-;-;-;-;-;-;-;-;-;-;-;-;-
;;;;;;;;;;;;;;;;;;;;;;;;;;;;;;;;;;;;;;;;;;;;;;;;;;;;;;;;;;;;;
          Currency Issued;-;-;-;-;-;-;-;-;-;-;-;-;-;-;-;-;-;-;-;-;-;-;-;-;-;-;-;-;-;-;-;-;-;-;-;-;-;-;-;-;-;-;-;-;-;-;-;-;-;-;-;-;-;-;-;-;-;-;-;-;-
;;;;;;;;;;;;;;;;;;;;;;;;;;;;;;;;;;;;;;;;;;;;;;;;;;;;;;;;;;;;;
                    In Circulation (12) ;-;-;-;-;-;-;-;-;-;-;-;-;-;-;-;-;-;-;-;-;-;-;-;-;-;-;-;-;-;-;-;-;-;-;-;-;-;56989,86123043;52704,02820392;57220,59625289;59701,70099764;64606,77059764;71489,22519764;81542,7827976401;82211,8939976401;94013,4181603899;99252,0743328298;110969,38268499;139846,05340616;152811,91728841;166388,07417765;180892,09211176;197912,09247888;199989,45820095;203356,95356888;210865,37290428;218479,70989933;233667,98094686;227497,13381994;222448,96383092;234754,67687044
;;;;;;;;;;;;;;;;;;;;;;;;;;;;;;;;;;;;;;;;;;;;;;;;;;;;;;;;;;;;;
                    At SAMA (12) ;-;-;-;-;-;-;-;-;-;-;-;-;-;-;-;-;-;-;-;-;-;-;-;-;-;-;-;-;-;-;-;-;-;-;-;-;-;13595;19733;16265,9;21259;18802;18262;12777;23842;27053;23876;25059,8452754;29187,73275423;33415,40887198;28295,62718274;35240,14124863;39299,98904151;34515,65518544;25831,23752851;32583,75605311;42987,16532206;23276,44998953;33815,94189745;28738,52839147;21671,81261635
;;;;;;;;;;;;;;;;;;;;;;;;;;;;;;;;;;;;;;;;;;;;;;;;;;;;;;;;;;;;;
          Deposits of Government, Quasi Government and Institutions (12) ;-;-;-;-;-;-;-;-;-;-;-;-;-;-;-;-;-;-;-;-;-;-;-;-;-;-;-;-;-;-;-;-;-;-;-;-;-;53305,78196658;51528,10491171;55708,7311859;57858,51811026;103820,9669586;244519,13477683;342109,99074534;514138,67859029;1052336,35339405;933912,14827186;1008251,21259133;1203477,63829994;1536820,84367977;1650146,20876303;1561217,24635911;1165377,9496157;885094,23159977;729723,25167184;679218,0842021;626170,12420842;574017,79225741;575309,23499696;637533,98051593;484937,89787183
;;;;;;;;;;;;;;;;;;;;;;;;;;;;;;;;;;;;;;;;;;;;;;;;;;;;;;;;;;;;;
          Regulatory Deposits for Financial Institutions  (12) ;-;-;-;-;-;-;-;-;-;-;-;-;-;-;-;-;-;-;-;-;-;-;-;-;-;-;-;-;-;-;-;-;-;-;-;-;-;11212,52747501;12716,31987523;14281;15472,43733433;19099,97153536;21272,09208935;24403,1234224;36277,04971997;44698,16652248;50715,33315326;54976,4358592;63511,35262902;70790,88478802;81901,44526349;92558,21105433;98116,71562323;97838,65477041;97534,49527582;99942,62424247;105469,77303162;118539,02029291;128334,80563762;135861,80628238;142041,652737
;;;;;;;;;;;;;;;;;;;;;;;;;;;;;;;;;;;;;;;;;;;;;;;;;;;;;;;;;;;;;
          Foreign Institutions' Deposits in Local Currency (12) ;-;-;-;-;-;-;-;-;-;-;-;-;-;-;-;-;-;-;-;-;-;-;-;-;-;-;-;-;-;-;-;-;-;-;-;-;-;5295,5544132;514,72536941;369,97500894;616,01670402;5053,38389947;10120,91528576;14147,49819145;14939,02011885;12488,03458487;10299,51107782;10309,63070318;3773,77892727;4090,61981726;6357,65664651;9694,99542526;11213,30662643;18490,36108656;18468,51283485;17190,46513567;12248,82152688;8348,67796813;6896,64293771;5348,90234452;6271,34595195
;;;;;;;;;;;;;;;;;;;;;;;;;;;;;;;;;;;;;;;;;;;;;;;;;;;;;;;;;;;;;
          SAMA Bills and Reverse Repurchase Agreements* (12) ;-;-;-;-;-;-;-;-;-;-;-;-;-;-;-;-;-;-;-;-;-;-;-;-;-;-;-;-;-;-;-;-;-;-;-;-;-;23606,7873987;16684,85548602;25247;16101,19608796;10930,32181079;27997,21618348;110048,74132;316791,93751806;329807,40219074;326941;367768,75933281;379202,27188796;441209,782309;459932,31880675;427815,08896157;182947,31600805;164754,96599933;138786;116326;124007;189541;92182,25446222;68294,77720328;70304,80414224
;;;;;;;;;;;;;;;;;;;;;;;;;;;;;;;;;;;;;;;;;;;;;;;;;;;;;;;;;;;;;
          Other Miscellaneous Liabilities (12) ;-;-;-;-;-;-;-;-;-;-;-;-;-;-;-;-;-;-;-;-;-;-;-;-;-;-;-;-;-;-;-;-;-;-;-;-;-;69434,97453764;70591,71450606;28846,81733105;101690,74960183;152563,32301467;225744,33244333;299296,69870367;208616,81459706;149598,94020518;125657,95968836;128053,80100358;238866,61161295;245924,60453521;345707,10038466;484691,55056712;678514,65201839;676187,22343277;689962,42441248;743737,85855621;783443,93178122;699403,72466114;784670,93398097;835560,31307521;848249,12368288
;;;;;;;;;;;;;;;;;;;;;;;;;;;;;;;;;;;;;;;;;;;;;;;;;;;;;;;;;;;;;
          TOTAL (12) ;-;-;-;-;-;-;-;-;-;-;-;-;-;-;-;-;-;-;-;-;-;-;-;-;-;-;-;-;-;-;-;-;-;-;-;-;-;233440,48702156;224472,74835235;197940,01977878;272699,61883604;374876,73781653;619404,91597639;884325,8351805;1196817,39454187;1709995,31505771;1570654,02652413;1705389,06745149;2057865,43951753;2485064,06128965;2738728,43122483;2792109,32572778;2373382,02141219;2076870,55027523;1903662,87529238;1899864,16109384;1912806,52576953;1846794,64611598;1848706,94773287;1933787,27164371;1808231,31387269
;;;;;;;;;;;;;;;;;;;;;;;;;;;;;;;;;;;;;;;;;;;;;;;;;;;;;;;;;;;;;
Reserve Assets;-;-;-;-;-;-;-;-;-;-;-;-;-;-;-;-;-;-;-;-;-;-;-;-;-;-;-;-;-;-;-;-;-;-;-;-;-;-;-;-;-;-;-;-;-;-;-;-;-;-;-;-;-;-;-;-;-;-;-;-;-
;;;;;;;;;;;;;;;;;;;;;;;;;;;;;;;;;;;;;;;;;;;;;;;;;;;;;;;;;;;;;
          Monetary Gold (11) ;-;-;-;-;-;-;-;-;-;-;-;-;-;-;-;-;-;-;-;-;-;-;-;-;-;-;-;-;-;-;-;-;-;-;-;-;-;-;756;756;756;756;756;756;756;1624;1624;1624;1624;1624;1623,50262039;1623,50262039;1623,50262039;1623,50262039;1623,50262039;1623,50262039;1623,50247581;1623,50247581;1623,54231183;1623,54231183;1623,54231183
;;;;;;;;;;;;;;;;;;;;;;;;;;;;;;;;;;;;;;;;;;;;;;;;;;;;;;;;;;;;;
          SDR (11) ;-;-;-;-;-;-;-;-;-;-;-;-;-;-;-;-;-;-;-;-;-;-;-;-;-;-;-;-;-;-;-;-;-;-;-;-;-;-;906,097015603012;1243,401552951;1614,61878705364;1945,58894902598;2062,5;2400;2703,75;2756,25;40980;39921,975;38600,2875;36973,725;36172,320139725;34044,6;33766,73;27600,59;29312,72;30333,3881;31437,8618264398;31509,6243793474;80782,5669931112;77306,2730898782;78423,560790878
;;;;;;;;;;;;;;;;;;;;;;;;;;;;;;;;;;;;;;;;;;;;;;;;;;;;;;;;;;;;;
          Reserve Position in the IMF (11) ;-;-;-;-;-;-;-;-;-;-;-;-;-;-;-;-;-;-;-;-;-;-;-;-;-;-;-;-;-;-;-;-;-;-;-;-;-;-;9592,89721467412;13364,5105353576;16977,851614886;13121,3491233303;7147,5;3420;2741,25;5190;7564;7430,3025;18233,29125;21110,7075;19353,839510775;14703,3;11230,16;7276,93;5775,76;6189,99;9429,72095727807;13656,9968191304;14618,9336234076;14710,1400903721;13856,0987105732
;;;;;;;;;;;;;;;;;;;;;;;;;;;;;;;;;;;;;;;;;;;;;;;;;;;;;;;;;;;;;
          Foreign Currency and Deposits Abroad (11) ;-;-;-;-;-;-;-;-;-;-;-;-;-;-;-;-;-;-;-;-;-;-;-;-;-;-;-;-;-;-;-;-;-;-;-;-;-;-;106583,902984397;111742,598447049;124365,381212946;129104,411050974;200886,5;214509;349386,25;496172,75;416196;438370,025;556608,9;737281,7;716613,68908723;702295,70742678;763905,57061196;613767,97195943;585222,22503598;625756,83080877;637185,24429983;545431,8529631;494048,76664738;516695,23586595;558754,40448214
;;;;;;;;;;;;;;;;;;;;;;;;;;;;;;;;;;;;;;;;;;;;;;;;;;;;;;;;;;;;;
          Investment in Foreign Securities (11) ;-;-;-;-;-;-;-;-;-;-;-;-;-;-;-;-;-;-;-;-;-;-;-;-;-;-;-;-;-;-;-;-;-;-;-;-;-;-;73557;43716;97035;197338;369973;625667;790559;1154247;1071542;1181916;1424988,8;1665161,9;1947704,49637714;1993656,94585904;1501041,48956548;1358970,34940399;1239653,45106874;1198305,25379785;1193734,22619669;1108986,94520085;1116565,04854785;1114104,83256738;985747,345719517
;;;;;;;;;;;;;;;;;;;;;;;;;;;;;;;;;;;;;;;;;;;;;;;;;;;;;;;;;;;;;
          Total Reserves Assets (11) ;-;-;-;-;-;-;-;-;-;-;-;-;-;-;-;-;-;-;-;-;-;-;-;-;-;-;-;-;-;-;-;-;-;-;-;-;-;-;191395,897214674;170822,510535358;240748,851614886;342265,34912333;580825,5;846752;1146146,25;1659990;1537906;1669262,3025;2040055,27875;2462152,0325;2721467,84773526;2746324,05590621;2311567,45279783;2009239,34398381;1861587,65872511;1862208,96532701;1873410,55575605;1701208,92183824;1707638,81828756;1724439,98408939;1638404,91217892
;;;;;;;;;;;;;;;;;;;;;;;;;;;;;;;;;;;;;;;;;;;;;;;;;;;;;;;;;;;;;
Consolidated Balance Sheet Of Commercial Banks - Assets;-;-;-;-;-;-;-;-;-;-;-;-;-;-;-;-;-;-;-;-;-;-;-;-;-;-;-;-;-;-;-;-;-;-;-;-;-;-;-;-;-;-;-;-;-;-;-;-;-;-;-;-;-;-;-;-;-;-;-;-;-
;;;;;;;;;;;;;;;;;;;;;;;;;;;;;;;;;;;;;;;;;;;;;;;;;;;;;;;;;;;;;
          Bank reserves;-;-;-;-;-;-;-;-;-;-;-;-;-;-;-;-;-;-;-;-;-;-;-;-;-;-;-;-;-;-;-;-;-;-;-;-;-;-;-;-;-;-;-;-;-;-;-;-;-;-;-;-;-;-;-;-;-;-;-;-;-
;;;;;;;;;;;;;;;;;;;;;;;;;;;;;;;;;;;;;;;;;;;;;;;;;;;;;;;;;;;;;
                    Cash in Vault (13) ;47;50;60;62;71;61;59;63;69;117;156;248;441;721;814;1181;1259;1302;1520;1595;1649;1439;1281;1194;1331;1336;1293;1726,330952;1767,90121;2005,628;2510,764;2442,481;2463,885;2133,591;2915,557;2657,234;5467,659;5971,003;3453,207;4891,561;4257,252;4474,007;7200,962;12218,019;10019,267;11006,798;10856,269;15449,535;19944,527;19691,189;23248,037;27141,949;29420,302;29666,38936651;31310,60287368;30732,92690745;29319,44217519;27384,42056186;23131,09189783;22483,25877809;22869,79649194
;;;;;;;;;;;;;;;;;;;;;;;;;;;;;;;;;;;;;;;;;;;;;;;;;;;;;;;;;;;;;
          Deposits with SAMA;-;-;-;-;-;-;-;-;-;-;-;-;-;-;-;-;-;-;-;-;-;-;-;-;-;-;-;-;-;-;-;-;-;-;-;-;-;-;-;-;-;-;-;-;-;-;-;-;-;-;-;-;-;-;-;-;-;-;-;-;-
;;;;;;;;;;;;;;;;;;;;;;;;;;;;;;;;;;;;;;;;;;;;;;;;;;;;;;;;;;;;;
                    Statutory Deposits (13) ;58;66;72;82;92;102;108;124;175;483;850;1252;2572;7033;11081;11466;3704;2979;3832;5158;4492;4561;4610;5122;5238;5867;5853;5780,336032;7269,804379;7746,215;8131,827;8202,425;8312,085;8830,796;9497,932;9825,532;10504,286;11190,816;12598,667;14269,909;15464,788;19089,688;21038,987;23758,812;36141,536;44297,112;50322,24;54594,441;63206,697;70741,275;81826,493;92499,91;97974,164;97266,686;96282,124;98060;102917,779;115067,433;124144,932;133995,409;141699,522
;;;;;;;;;;;;;;;;;;;;;;;;;;;;;;;;;;;;;;;;;;;;;;;;;;;;;;;;;;;;;
                    Current Deposits (13) ;51;89;80;114;154;77;73;152;479;1784;1560;2030;3024;4535;6429;4651;4034;3650;4774;4103;2484;2009;1097;510;493;411;1196;751,016906;1423,74347;491,451;627,996;1003,223;402,135;198,67;141,083;90,548;572,09;116,207;196,569;1750,199;847,473;3415,364;2238,318;1011,823;3143,497;751,046;646,183;295,618;621,887;273,604;224,572;477,814;357,896;328,1018266;267,73114819;1401,05662487;593,22586347;431,72062894;58,89051893;1482,90101546;1138,19314827
;;;;;;;;;;;;;;;;;;;;;;;;;;;;;;;;;;;;;;;;;;;;;;;;;;;;;;;;;;;;;
                    Other Deposits (13) ;-;-;-;-;-;-;-;-;-;-;-;-;-;-;-;-;-;-;-;-;1620;3009;6198;9899;12071;3075;3409;3378,590742;2216,432583;407,395;259,633;0;0;43,995;0;0;1;1604,641;2873,979;7731,825;6093,811;5056,368;2167,483;15072,068;59309,604;41116,141;98293,144;88973,041;99665,658;132185,87;100426,425;98748,72;20220,936;112658,53324999;115433,23387259;92661,7423344;106544,8540354;145293,5742911;58233,633;44455,369403;39957,65772944
;;;;;;;;;;;;;;;;;;;;;;;;;;;;;;;;;;;;;;;;;;;;;;;;;;;;;;;;;;;;;
          SAMA Bills (13) ;-;-;-;-;-;-;-;-;-;-;-;-;-;-;-;-;-;-;-;-;-;-;-;-;-;-;-;-;-;10830;6376,655;11005,043;13106,325;8658,772;7281,87;3558,84;2286,586;2210,766;1989,735;7093,85;174,69;266,41;714,791;9131,469;16747,989;119223,86;78497,441;120132,788;131096,672;139360,291;179417,847;226870,328;137108,831;35563,51193912;11532,14237396;9922,7156172;17671,57659625;21804,37216168;19580,82179773;13988,12939728;19839,74247637
;;;;;;;;;;;;;;;;;;;;;;;;;;;;;;;;;;;;;;;;;;;;;;;;;;;;;;;;;;;;;
          Foreign Assets (13) ;217;189;215;208;247;340;479;624;1115;719;1420;2370;5425;9433;14689;12962;23937;41010;53570;66001;71052;73400;72770;92571;96532;114741;118844;123467,092739;118951,402834;101666,324;111586,214;98147,348;97970,822;106171,34;99514,624;85943,665;91487,192;101204,285;99364,016;95489,835;81081,917;92798,243;91429,84;129795,826;147712,075;153986,465;210918,327;193126,579;221453,455;222110,869;221525,173;257725,923;322613,779;233831,507970723;262124,021989288;231832,16036955;243629,37153833;250064,205753258;255572,29254498;286889,85415933;317580,976872053
;;;;;;;;;;;;;;;;;;;;;;;;;;;;;;;;;;;;;;;;;;;;;;;;;;;;;;;;;;;;;
          Claims on Private Sector (13) ;809;988;1170;1248;1297;1379;1624;1696;1692;1809;3202;5401;8508;8413;11218;19739;29240;40252;46572;49397;56001;59280;58081;56136;61857,9;70523;73281;65295,254594;73616,241034;86037,409;101932,032;113191,568;121152,847;123546,668;133683,97;160654,84;162189,814;172238,059;187064,121;205829,476;228486,25;313927,879;435925,771;476019,507;577881,935;734557,063;734236,888;775755,731;863225,585;1007515,025;1133179,94;1270481,028;1384858,395;1417920,09133991;1405210,3730772;1445252,02058274;1546518,91514744;1762440,0469103;2034085,1673;2289580,61282591;2518786,4667753
;;;;;;;;;;;;;;;;;;;;;;;;;;;;;;;;;;;;;;;;;;;;;;;;;;;;;;;;;;;;;
          Claims on Govt. & Quasi-govt. (13) ;-;-;-;-;-;-;-;-;-;-;-;-;-;-;-;-;-;-;-;-;-;-;-;-;-;-;-;-;-;-;59686,101;65954,682;63628,412;73310,496;96787,792;109406,426;114326,33;122501,21;132660,202;143515,72;176391,773;175527,478;158763,512;149086,158;164865,155;122761,85;103826,514;94199,88;79663,015;82321,869;94107,129;99347,361;125143,787;233752,138127978;308368,071880189;358919,448;445318,279;517527,322;575822,354;638159,971979;687018,007384
;;;;;;;;;;;;;;;;;;;;;;;;;;;;;;;;;;;;;;;;;;;;;;;;;;;;;;;;;;;;;
          Claims on Non-Monetary Finan. Inst. (13) ;-;-;-;-;-;-;-;-;-;-;-;-;-;-;-;-;-;-;-;-;-;-;-;-;-;-;-;-;-;-;807,526;501,666;529,329;663,307;1117,799;451,597;425,517;273,479;378,722;243,14;449,353;468,75;537,809;837,1;1428,621;911,482;1365,349;1945,644;1795,437;2736,919;2742,774;2256,913;2904,324;4442,106;2600,126;1041,436;1398,184;1418,761;368,132;972,733;1225,538
;;;;;;;;;;;;;;;;;;;;;;;;;;;;;;;;;;;;;;;;;;;;;;;;;;;;;;;;;;;;;
          Fixed  Assets (13) ;-;-;-;-;-;-;-;-;-;-;-;-;-;-;-;-;-;-;-;-;-;-;-;-;-;-;-;-;-;-;4569,728;4711,375;4753,944;4899,7;4864,144;5075,283;5156,514;5118,914;5165,532;5616,501;5591,344;5789,723;6808,7;8353,408;9757,209;10623,845;12871,687;13081,87;14089,835;15012,076;16990,649;18609,66;21519,821;23683,78673561;26231,30198212;27703,11078046;34155,32679329;35094,16613493;32572,41946573;40520,920612;48084,64885236
;;;;;;;;;;;;;;;;;;;;;;;;;;;;;;;;;;;;;;;;;;;;;;;;;;;;;;;;;;;;;
          Claims on Banks (13) ;-;-;-;-;-;-;-;-;-;-;-;-;-;-;-;-;-;-;-;-;-;-;-;-;-;-;-;-;-;-;13719,893;13755,304;15286,869;16782,193;13146,777;13802,185;9937,418;14985,579;11314,177;8056,935;10948,992;20491,589;16801,784;15861,278;12627,771;20162,358;36186,482;18967,609;21220,125;32195,188;32144,212;28101,156;50370,888;59543,7333954;49435,20971148;59042,453948;29730,29;21646,489;33082,849;27521,165526;37888,70918339
;;;;;;;;;;;;;;;;;;;;;;;;;;;;;;;;;;;;;;;;;;;;;;;;;;;;;;;;;;;;;
          Other Assets (13) ;56;69;66;217;332;983;381;304;238;369;382;485;1720;5059;8283;2562;3339;4430;7453;11882;7949;8868;10492;10697;11308;20286;29709;31656,555486;53084,83164;81450,954;10545,955;13316,056;13551,241;12707,88;12835,898;12839,446;12873,275;15857,331;15372,255;13748,347;15420,083;14076,408;15447,483;19942,944;35586,075;42873,292;32237,582;38744,387;52672,661;35712,822;35929,927;40284,186;40761,224;40344,4894398;42095,8705450365;41577,43473394;73331,14328131;81452,742859117;121193,47849168;120898,902043;120935,190894916
;;;;;;;;;;;;;;;;;;;;;;;;;;;;;;;;;;;;;;;;;;;;;;;;;;;;;;;;;;;;;
          Total Assets (13) ;1238;1451;1663;1931;2193;2942;2724;2963;3768;5281;7570;11786;21690;35194;52514;52561;65513;93623;117721;138136;145247;152566;154529;176129;188830,9;216239;233585;232055,177451;258330,35715;290635,376;320754,324;332231,171;341157,894;357947,408;381787,446;404305,596;415227,681;453272,29;472431,182;508237,298;545207,726;655381,907;759075,44;861088,412;1075220,734;1302271,312;1370258,106;1415267,123;1568655,554;1759856,997;1921763,178;2162544,946;2233254,347;2289001,07539164;2350890,80945373;2398146,50589861;2631128,38743068;2979625,25430119;3277846,06201688;3620949,22773907;3957024,44980804
;;;;;;;;;;;;;;;;;;;;;;;;;;;;;;;;;;;;;;;;;;;;;;;;;;;;;;;;;;;;;
Consolidated Balance Sheet Of Commercial Banks - Liabilities;-;-;-;-;-;-;-;-;-;-;-;-;-;-;-;-;-;-;-;-;-;-;-;-;-;-;-;-;-;-;-;-;-;-;-;-;-;-;-;-;-;-;-;-;-;-;-;-;-;-;-;-;-;-;-;-;-;-;-;-;-
;;;;;;;;;;;;;;;;;;;;;;;;;;;;;;;;;;;;;;;;;;;;;;;;;;;;;;;;;;;;;
          Total Deposits (14) ;782;891;1042;1235;1357;1471;1610;1876;2530;3730;5357;9007;15894;23729;35647;40369;49591;68237;89023;99117;109293;114146;113373;125132;124963;142473;146304;143662,159893;171222,691342;177215,673;185799,958;191265,847;198681,707;215284,925;226725,606;238237,282;250385,627;267969,852;290779,448;337879,354;361662,444;435534,782;489059,895;590943,952;717563,815;846118,179;940548,43;984849,944;1119643,91900463;1274952,77200231;1417930,40700231;1588139,04;1617090,273;1629384,61526081;1633125,02193909;1673512,92585707;1795979,1838346;1942983,50644547;2104453,9135196;2295406,310874;2473458,34533119
;;;;;;;;;;;;;;;;;;;;;;;;;;;;;;;;;;;;;;;;;;;;;;;;;;;;;;;;;;;;;
          Foreign Liabilities (14) ;119;157;239;174;130;163;150;148;296;392;873;1077;2734;3923;4838;5699;5938;8548;7060;5604;8498;8944;11145;16047;26817;28727;34603;30172,223784;27935,880497;28641,785;37292,093;39150,438;39677,854;38653,283;46043,9;43104,975;51152,852;64443,763;59614,025;42998,866;40063,41;45747,669;65039,726;59198,539;105212,693;112465,985;99682,954;94705,745;81563,31;88112,108;83822,047;105119,075;99986,571;96101,0824317776;119186,08941118;110933,26644153;173154,83832517;182066,022503218;225726,74116967;202529,814525;274703,4526719
;;;;;;;;;;;;;;;;;;;;;;;;;;;;;;;;;;;;;;;;;;;;;;;;;;;;;;;;;;;;;
          Capital Accounts;-;-;-;-;-;-;-;-;-;-;-;-;-;-;-;-;-;-;-;-;-;-;-;-;-;-;-;-;-;-;-;-;-;-;-;-;-;-;-;-;-;-;-;-;-;-;-;-;-;-;-;-;-;-;-;-;-;-;-;-;-
;;;;;;;;;;;;;;;;;;;;;;;;;;;;;;;;;;;;;;;;;;;;;;;;;;;;;;;;;;;;;
                    Total (14) ;-;-;-;-;-;-;-;-;-;-;-;-;-;-;-;-;-;-;-;-;-;-;-;-;-;-;-;-;-;-;34480,971;36961,934;39254,61;43003,9;44873,572;47598,981;48692,135;52380,262;53846,674;57854,164;59181,004;68811,606;92219,7;114611,9;136289,749;161749,891;190471,78;204144,389;220275,088;242784,686;261187,509;287696,65;312838,27;338789,98326989;360924,744556557;351586,83078817;393290,91693213;415799,345200877;473399,77316566;507000,081649;540967,560979981
;;;;;;;;;;;;;;;;;;;;;;;;;;;;;;;;;;;;;;;;;;;;;;;;;;;;;;;;;;;;;
                    Reserves (14) ;-;-;-;-;-;-;-;-;-;-;-;-;-;-;-;-;-;-;-;-;-;-;-;-;-;-;-;-;-;-;13992,779;13613,094;14826,861;14793,223;15713,845;16447,419;19310,153;20144,664;19912,777;22802,903;22078,262;24165,072;31132,255;32835,805;39544,34;46550,651;59602,615;73984,991;82185,106;96357,479;111629,933;102532,522;109880,262;130639,42445746;147614,371627;121054,32027088;143724,36820293;172790,983090017;220436,84903145;218452,645709;229075,29731218
;;;;;;;;;;;;;;;;;;;;;;;;;;;;;;;;;;;;;;;;;;;;;;;;;;;;;;;;;;;;;
                    Capital (14) ;-;-;-;-;-;-;-;-;-;-;-;-;-;-;-;-;-;-;-;-;-;-;-;-;-;-;-;-;-;-;16200;19700;19900;22090;22640;23812;23028;23380;23880;24495;24945;28072,5;35476,165;47111,25;66481,16;85271;104039,643;104039,643;107358,39;113027,926;114027,926;145085,119;160537,679;167753,039;169453,039;182384,289;199251,514;204307,764;199087,764;219275,292;234495,292
;;;;;;;;;;;;;;;;;;;;;;;;;;;;;;;;;;;;;;;;;;;;;;;;;;;;;;;;;;;;;
                    Period Profits (Cumulative)*** (14) ;-;-;-;-;-;-;-;-;-;-;-;-;-;-;-;-;-;-;-;-;-;-;-;-;-;-;-;-;-;-;4288,192;3648,84;4527,749;6120,677;6519,727;7339,562;6353,982;8855,598;10053,897;10556,261;12157,742;16574,034;25611,28;34664,845;30264,249;29928,24;26829,522;26119,755;30731,592;33399,281;35529,65;40079,009;42420,329;40397,51981243;43857,3339295565;48148,22151729;50315,0347292;38700,59811086;53875,16013421;69272,14394;77396,9716678006
;;;;;;;;;;;;;;;;;;;;;;;;;;;;;;;;;;;;;;;;;;;;;;;;;;;;;;;;;;;;;
          Inter Bank Liabilities (14) ;-;-;-;-;-;-;-;-;-;-;-;-;-;-;-;-;-;-;-;-;-;-;-;-;-;-;-;-;-;-;16633,772;17769,406;18826,479;18159,327;14894,611;14027,568;10585,025;17036,494;13292,048;10458,794;14573,967;24468,778;17081,254;16731,309;20831,739;28520,697;32409,058;16407,627;16979,963;19996,217;19381,262;19186,505;32726,721;34095,9432099971;43477,19911772;39055,909;22463,255;28378,133721957;47296,073;92691,574942;102311,33551
;;;;;;;;;;;;;;;;;;;;;;;;;;;;;;;;;;;;;;;;;;;;;;;;;;;;;;;;;;;;;
          Repos** (14) ;-;-;-;-;-;-;-;-;-;-;-;-;-;-;-;-;-;-;-;-;-;-;-;-;-;-;-;-;-;-;708,105;490,212;644,9;1388,31;1648,054;2271,142;2001,633;3302,89;4432,816;5652,353;8226,246;9983,677;5952,014;2452,724;5293,601;36777,872;4631,09;8475,831;6499,422;10342,334;6892,537;9441,778;1712,483;1857,631;705,404;471,749;2931,618;1250,672;13,327;2885,029;2549,254
;;;;;;;;;;;;;;;;;;;;;;;;;;;;;;;;;;;;;;;;;;;;;;;;;;;;;;;;;;;;;
          Other Liabilities (14) ;194;260;238;379;559;1152;797;754;744;948;1055;1201;2255;6428;10669;4503;6464;11998;15023;24902;17418;17583;17003;21682;23427;30085;36959;40861,878661;40389,192128;59705,2;45839,424;46593,334;44072,344;41457,663;47601,703;59065,648;52410,409;48139,029;50466,171;53393,767;61500,975;70835,395;89722,851;77149,988;90029,137;116638,688;102514,794;106683,587;123693,852;123668,88;132549,416;152961,898;168900,029;188771,819822993;193472,35157965;222585,82481184;243308,57533878;409147,574429661;426956,23416195;520436,416754;563034,500762398
;;;;;;;;;;;;;;;;;;;;;;;;;;;;;;;;;;;;;;;;;;;;;;;;;;;;;;;;;;;;;
          Total Liabilities (14) ;1238;1451;1663;1931;2193;2942;2724;2963;3768;5281;7570;11786;21690;35194;52514;52561;65513;93623;117721;138136;145247;152566;154529;176129;188831;216239;233585;232055,177451;258330,35715;290635,113;320754,323;332231,171;341157,894;357947,408;381787,446;404305,596;415227,681;453272,29;472431,182;508237,298;545207,726;655381,907;759075,44;861088,412;1075220,734;1302271,312;1370258,106;1415267,123;1568655,554;1759856,997;1921763,178;2162544,946;2233254,347;2289001,07499547;2350890,8106042;2398146,50589861;2631128,38743068;2979625,25430119;3277846,06201688;3620949,227744;3957024,44925547
;;;;;;;;;;;;;;;;;;;;;;;;;;;;;;;;;;;;;;;;;;;;;;;;;;;;;;;;;;;;;
SELECTED RATIOS OF COMMERCIAL BANKS;-;-;-;-;-;-;-;-;-;-;-;-;-;-;-;-;-;-;-;-;-;-;-;-;-;-;-;-;-;-;-;-;-;-;-;-;-;-;-;-;-;-;-;-;-;-;-;-;-;-;-;-;-;-;-;-;-;-;-;-;-
;;;;;;;;;;;;;;;;;;;;;;;;;;;;;;;;;;;;;;;;;;;;;;;;;;;;;;;;;;;;;
          Bank Reserves*/Total Deposits (15) ;-;-;-;-;-;-;-;-;-;-;-;-;-;-;-;-;-;-;-;-;-;-;-;-;-;-;-;-;-;-;6,20571722626546;6,09002034743819;5,62613698502198;5,20568358420823;5,53734190923278;5,27764332032633;6,60782138265468;7,0465639545153;6,57626325778017;8,4774324506374;7,37244025033708;7,35542333792299;6,6752048846696;8,80975629309766;15,1364800913212;11,484341007168;17,0238799930802;16,1763358946792;16,3836703694007;17,4823682017925;14,5088592489716;13,7814376126665;9,15058982610057;14,7245597016207;14,8974321393708;13,3166420422231;13,3284006423153;14,831682694471;9,76826083461036;8,8183489449185;8,31488307688125
;;;;;;;;;;;;;;;;;;;;;;;;;;;;;;;;;;;;;;;;;;;;;;;;;;;;;;;;;;;;;
          Bank claims on Private Sector/ Total Deposits (15) ;-;-;-;-;-;-;-;-;-;-;-;-;-;-;-;-;-;-;-;-;-;-;-;-;-;-;-;-;-;-;54,861170636002;59,1802299131847;60,9783602271949;57,3875147087052;58,962890146603;67,4348022489612;64,7760080893142;64,2751629388518;64,331960971327;60,9180388097936;63,1767151818198;72,0787160920709;89,1354567112889;80,5523950941459;80,5338734924921;86,814948695246;78,0647614286061;78,7689267513427;77,0982247437187;79,0237134368143;79,9178813294184;79,9980981514062;85,6389045263894;87,0218165839837;86,0442620252505;86,3603739327302;86,1100690401914;90,7079262929277;96,6561992273847;99,7462018806652;101,83258074791
;;;;;;;;;;;;;;;;;;;;;;;;;;;;;;;;;;;;;;;;;;;;;;;;;;;;;;;;;;;;;
          Bank Claims on Govt. & Public Enterprises/ Total Deposits (15) ;-;-;-;-;-;-;-;-;-;-;-;-;-;-;-;-;-;-;-;-;-;-;-;-;-;-;-;-;-;-;32,1238506415593;34,4832509486129;32,0252996417028;34,0527772671496;42,6893960975894;45,9233017945529;45,6601009290361;45,7145492620565;45,622275890695;42,4754334057357;48,7725314028184;40,3015982314818;32,4629996495623;25,2284768285436;22,9756784767638;14,5088302138938;11,0389333168096;9,56489672095671;7,11503127451005;6,45685634855814;6,63693567296494;6,25558332726334;7,73882504208224;14,3460381262138;18,8820860459322;21,4470675699253;24,7952917833491;26,6357033028434;27,3620795542614;27,8016126798926;27,775604496465
;;;;;;;;;;;;;;;;;;;;;;;;;;;;;;;;;;;;;;;;;;;;;;;;;;;;;;;;;;;;;
          Foreign Assets/ Total Deposits (15) ;-;-;-;-;-;-;-;-;-;-;-;-;-;-;-;-;-;-;-;-;-;-;-;-;-;-;-;-;-;-;60,0571793455411;51,3146228348859;49,3104390330208;49,3166625577708;43,8920974810406;36,0748176265711;36,5385158469979;37,767041420764;34,1716089921183;28,2615181630778;22,4192448197865;21,3067352678161;18,6950189403693;21,9641516865884;20,5852179154268;18,1991675420556;22,4250363163117;19,6097466600455;19,7789182115854;17,4211056188048;15,6231343870179;16,228171243747;19,95026402586;14,350909280759;16,0504565460674;13,8530247832308;13,565266999262;12,8701146933939;12,1443520764751;12,4984344950282;12,8395522597543
;;;;;;;;;;;;;;;;;;;;;;;;;;;;;;;;;;;;;;;;;;;;;;;;;;;;;;;;;;;;;
          Foreign Assets/ Total Assets (15) ;-;-;-;-;-;-;-;-;-;-;-;-;-;-;-;-;-;-;-;-;-;-;-;-;-;-;-;-;-;-;34,7886858105146;29,5418842562488;28,7171493677939;29,6611562556698;26,0654521364225;21,2571049845177;22,0330185549455;22,3274811261902;21,0324846847218;18,7884351218946;14,8717476171642;14,1594148402391;12,0448950370466;15,0734610048381;13,7378372950907;11,8244534438458;15,3925983781044;13,6459454092752;14,1174048334132;12,6209612132479;11,5271837620775;11,9177140561498;14,4459039980545;10,215438973995;11,1499871000047;9,66713917599793;9,25950146340963;8,39247168388985;7,79695835953091;7,92305652787252;8,02575220093621
;;;;;;;;;;;;;;;;;;;;;;;;;;;;;;;;;;;;;;;;;;;;;;;;;;;;;;;;;;;;;
          Capital and Reserves/ Total Deposits (15) ;-;-;-;-;-;-;-;-;-;-;-;-;-;-;-;-;-;-;-;-;-;-;-;-;-;-;-;-;-;-;16,2501538348033;17,4171680530084;17,4786403460888;17,1322831823919;16,9164152548345;16,8988743751702;16,9091786566487;16,2423734144541;15,0604787584575;13,9984590476043;13,0019869042189;11,9938921433834;13,6196855806383;13,5287034801568;14,7757590033996;15,5795791027438;17,3985998785836;18,076320670431;16,9289086274223;16,4229930393061;15,9145934021852;15,5916852846839;16,7225012428233;18,3132000058622;19,4147665590556;18,1318354093666;19,0968740222613;19,4082320225089;19,9350819866525;19,0697366141827;18,74179891435
;;;;;;;;;;;;;;;;;;;;;;;;;;;;;;;;;;;;;;;;;;;;;;;;;;;;;;;;;;;;;
          Capital and Reserves/ Total Assets (15) ;-;-;-;-;-;-;-;-;-;-;-;-;-;-;-;-;-;-;-;-;-;-;-;-;-;-;-;-;-;-;9,41305439735865;10,0270826183254;10,1791169457741;10,3040899796095;10,0458633205032;9,95767048448175;10,1963705545922;9,60232181852546;9,26966268708317;9,30626366583587;8,62483412423249;7,97055448770575;8,77494073579827;9,28441886870961;9,86081244969742;10,1224414440606;11,9424404266213;12,578871585926;12,0831813916492;11,8978647331537;11,7422303425984;11,4502887654664;12,1086942632961;13,035925000883;13,4871177066993;12,6530471980976;13,0353153362405;12,6559118985068;12,7987893602701;12,0887620946378;11,7151307805204
;;;;;;;;;;;;;;;;;;;;;;;;;;;;;;;;;;;;;;;;;;;;;;;;;;;;;;;;;;;;;
          Demand Deposits/ Total Deposits (15) ;-;-;-;-;-;-;-;-;-;-;-;-;-;-;-;-;-;-;-;-;-;-;-;-;-;-;-;-;-;-;42,4542394137678;42,181789517289;40,9619658643259;41,7540712616083;42,0598919912028;39,9825196125265;40,5793640063852;42,7215711564449;44,7736151559102;44,3974632436405;46,3352922187671;48,4852752816421;44,8311215541401;41,1913329811014;43,3919681415374;40,477523175873;46,0542166871726;53,8226386902247;57,3480245910218;59,339872159594;60,6708334734231;62,4242830778847;60,6119942940254;59,9052052944594;61,3834051001209;62,1844585583058;61,2006582865944;66,0114363076975;64,629981085527;57,8616670655701;53,0564945357494
;;;;;;;;;;;;;;;;;;;;;;;;;;;;;;;;;;;;;;;;;;;;;;;;;;;;;;;;;;;;;
          Time & Savings Deposits/ Total Deposits (15) ;-;-;-;-;-;-;-;-;-;-;-;-;-;-;-;-;-;-;-;-;-;-;-;-;-;-;-;-;-;-;25,7762916178915;26,8825411365783;30,8143733635226;33,0170591368625;34,0347697648231;35,0222674216036;34,0839911709469;33,8963526389528;31,5306297025504;31,9724166987723;31,35022261828;31,380474223526;33,7926701186569;38,2484234308569;39,4472406610972;43,4482896271633;34,3817520380104;30,2871059512392;28,259042060675;25,8582023773976;24,7026570042376;25,4020233644027;27,1708596814991;30,4421254033532;27,8087747780756;26,4726018128896;27,932780235155;24,3937727203322;23,5374299962595;28,5249834963071;34,9336557672445
;;;;;;;;;;;;;;;;;;;;;;;;;;;;;;;;;;;;;;;;;;;;;;;;;;;;;;;;;;;;;
          Foreign Currency Deposits/ Total Deposits (15) ;-;-;-;-;-;-;-;-;-;-;-;-;-;-;-;-;-;-;-;-;-;-;-;-;-;-;-;-;-;-;25,9294547310931;24,5311955772219;23,0712704718205;20,3255848034878;19,6380818141909;21,0479315323955;19,5412666398779;18,2086460979946;17,2201719703382;17,6314149694983;17,6481966908982;14,8884988478371;15,8280326789012;17,3052563874958;14,0240381268389;13,2334453719378;17,0889438409886;12,4990517337126;12,5419568326169;13,0013896702991;12,5704629169434;10,2667627892329;10,171439451853;7,91364963662525;8,83786240147039;8,96175249810105;8,63257378681947;7,41457157140958;9,52498318553285;11,2203686418782;9,84647286612217
;;;;;;;;;;;;;;;;;;;;;;;;;;;;;;;;;;;;;;;;;;;;;;;;;;;;;;;;;;;;;
           Loans /  Deposits ** (15) ;-;-;-;-;-;-;-;-;-;-;-;-;-;-;-;-;-;-;-;-;-;-;-;-;-;-;-;-;-;-;-;-;-;-;-;-;-;-;-;-;-;-;-;-;-;-;-;-;-;-;75,7135320736749;74,790856740081;80,0238775762129;80,6817266170979;80,1136023781949;77,3863790507629;77,1127414041489;75,0011962171217;79,4976813769397;81,54793723887;80,6995161344487
;;;;;;;;;;;;;;;;;;;;;;;;;;;;;;;;;;;;;;;;;;;;;;;;;;;;;;;;;;;;;
Bank Claims On Private Sector;-;-;-;-;-;-;-;-;-;-;-;-;-;-;-;-;-;-;-;-;-;-;-;-;-;-;-;-;-;-;-;-;-;-;-;-;-;-;-;-;-;-;-;-;-;-;-;-;-;-;-;-;-;-;-;-;-;-;-;-;-
;;;;;;;;;;;;;;;;;;;;;;;;;;;;;;;;;;;;;;;;;;;;;;;;;;;;;;;;;;;;;
          Loans, Advances & Overdrafts (16) ;-;-;-;-;-;-;-;-;-;-;-;-;-;-;-;-;-;-;-;-;-;-;-;-;-;-;-;-;-;-;92539,565;102473,113;109559,417;113066,802;124773,733;152204,149;148921,674;156821,772;171575,097;191539,763;211046,981;288068,669;409732,515;451874,875;549884,496;703617,181;701706,358;735009,773;819038,049;958917,254;1074632,526;1208452,174;1320963,266;1349517,37684425;1338555,23137677;1375627,50258274;1477979,67194744;1690315,7179103;1948981,4303;2205599,88148991;2418230,1530493
;;;;;;;;;;;;;;;;;;;;;;;;;;;;;;;;;;;;;;;;;;;;;;;;;;;;;;;;;;;;;
          Bills Discounted (16) ;-;-;-;-;-;-;-;-;-;-;-;-;-;-;-;-;-;-;-;-;-;-;-;-;-;-;-;-;-;-;4902,757;4652,379;3847,483;3853,155;3579,158;3024,671;3053,713;4272,622;5227,832;7157,454;10076,013;14929,746;11095,814;10227,648;7520,966;9119,445;7062,976;8047,272;9867,365;9489,315;10913,338;10339,968;14648,143;14091,5976;12572,008;13312,273;12853,2232;13116,772;15165,863;15609,511173;18765,285
;;;;;;;;;;;;;;;;;;;;;;;;;;;;;;;;;;;;;;;;;;;;;;;;;;;;;;;;;;;;;
          Total (16) ;736,9;914,7;1091,1;1166,3;1215,8;1329,2;1564,8;1634,2;1623,7;1706,4;3062,6;5288,2;8290,6;7952,4;10606,6;18996,7;28504,5;39478,8;45644,7;47942;54870,2;58024,4;56532,1;54355,6;59402,9;67408,1;69269,2;60795,707625;68902,73311;83294,298;97442,322;107125,492;113406,9;116920;128352,891;155228,82;151975,387;161094,394;176802,929;198697,217;221122,994;302998,415;420828,329;462102,523;557405,462;712736,626;708769,334;743057,045;828905,414;968406,569;1085545,864;1218792,142;1335611,409;1363608,97444425;1351127,23937677;1388939,77558274;1490832,89514744;1703432,4899103;1964147,2933;2221209,39266291;2436995,4380493
;;;;;;;;;;;;;;;;;;;;;;;;;;;;;;;;;;;;;;;;;;;;;;;;;;;;;;;;;;;;;
          Investments in Private Securities (16) ;72;73,1;78,9;81,6;80,8;50,5;59,4;62,1;68,3;102,5;138,8;113,2;216,5;461;610,7;741,8;735,4;773,3;927,3;1455,1;1131,4;1255,9;1549,2;1781,2;2454,9;3114,5;4011,5;4499,546969;4713,507924;2743,111;4489,71;6066,076;7745,947;6626,7;5331,079;5426,02;10214,427;11143,665;10261,192;7132,259;7363,256;10929,464;15097,442;13916,984;20476,473;21820,437;25467,554;32698,686;34320,171;39108,456;47634,076;51688,886;49246,986;54311,11689566;54083,13370043;56312,245;55686,02;59007,557;69937,874;68371,220163;81791,028726
;;;;;;;;;;;;;;;;;;;;;;;;;;;;;;;;;;;;;;;;;;;;;;;;;;;;;;;;;;;;;
          Grand Total (16) ;808,9;987,8;1170;1247,9;1296,6;1379,7;1624,2;1696,3;1692;1808,9;3201,4;5401,4;8507,1;8413,4;11217,3;19738,5;29239,9;40252,1;46572;49397,1;56001,6;59280,3;58081,3;56136,8;61857,8;70522,6;73280,7;65295,254594;73616,241034;86037,409;101932,032;113191,568;121152,847;123546,7;133683,97;160654,84;162189,814;172238,059;187064,121;205829,476;228486,25;313927,879;435925,771;476019,507;577881,935;734557,063;734236,888;775755,731;863225,585;1007515,025;1133179,94;1270481,028;1384858,395;1417920,09133991;1405210,3730772;1445252,02058274;1546518,91514744;1762440,0469103;2034085,1673;2289580,61282591;2518786,4667753
;;;;;;;;;;;;;;;;;;;;;;;;;;;;;;;;;;;;;;;;;;;;;;;;;;;;;;;;;;;;;
Bank Claims On Public Sector;-;-;-;-;-;-;-;-;-;-;-;-;-;-;-;-;-;-;-;-;-;-;-;-;-;-;-;-;-;-;-;-;-;-;-;-;-;-;-;-;-;-;-;-;-;-;-;-;-;-;-;-;-;-;-;-;-;-;-;-;-
;;;;;;;;;;;;;;;;;;;;;;;;;;;;;;;;;;;;;;;;;;;;;;;;;;;;;;;;;;;;;
          Bank Credit to Public Sector Enterprises * (17) ;-;-;-;-;-;-;-;-;-;-;-;-;-;-;-;-;-;-;-;3056;1878;2766;3708;3599;3469;3569;5010;6323;15952;24675;22601,817;26929,644;24452,341;16703,24;20860,733;23599;14347,381;12438,802;10816,963;11960,023;25844,2;29137,585;31672,425;34964,62;37434,47;32065,449;28135,767;32284,577;31951,972;39705,172;44353,858;46087,862;38986,154;55335,8701475384;53822,8998363387;53765,48;61646,01;79157,583;95072,695;127861,622412;146702,697123
;;;;;;;;;;;;;;;;;;;;;;;;;;;;;;;;;;;;;;;;;;;;;;;;;;;;;;;;;;;;;
          Govt. & Quasi-Govt  Bonds ** (17) ;-;-;-;-;-;-;-;-;-;-;-;-;-;-;-;-;-;-;-;-;-;-;-;-;-;7683;10225;12696;24816;27086;37084,284;39025,038;39176,071;56607,25;75927,059;85807,385;99978,949;110062,408;121843,239;131555,697;150547,573;146389,893;127091,087;114121,538;127430,685;90696,401;75690,747;61915,303;47711,043;42616,697;49753,271;53259,499;86157,633;178416,26798044;254545,17204385;305153,968;383672,269;438369,739;480749,659;510298,349567;540315,310261
;;;;;;;;;;;;;;;;;;;;;;;;;;;;;;;;;;;;;;;;;;;;;;;;;;;;;;;;;;;;;
          Total (17) ;-;-;-;-;-;-;-;-;-;-;-;-;-;-;-;-;-;-;-;3056;1878;2766;3708;3599;3469;11252;15235;19019;40768;51761;59686,101;65954,682;63628,412;73310,49;96787,792;109406,385;114326,33;122501,21;132660,202;143515,72;176391,773;175527,478;158763,512;149086,158;164865,155;122761,85;103826,514;94199,88;79663,015;82321,869;94107,129;99347,361;125143,787;233752,138127978;308368,071880189;358919,448;445318,279;517527,322;575822,354;638159,971979;687018,007384
;;;;;;;;;;;;;;;;;;;;;;;;;;;;;;;;;;;;;;;;;;;;;;;;;;;;;;;;;;;;;
Bank Credit Classified By Maturity;-;-;-;-;-;-;-;-;-;-;-;-;-;-;-;-;-;-;-;-;-;-;-;-;-;-;-;-;-;-;-;-;-;-;-;-;-;-;-;-;-;-;-;-;-;-;-;-;-;-;-;-;-;-;-;-;-;-;-;-;-
;;;;;;;;;;;;;;;;;;;;;;;;;;;;;;;;;;;;;;;;;;;;;;;;;;;;;;;;;;;;;
          Short Term (18) ;-;-;-;-;-;-;-;-;-;-;-;-;-;-;-;-;-;-;-;-;-;-;-;-;-;-;-;-;-;-;-;-;119379,347;106007,9;116174,066;134153,375;116622,043;114858,275;113453,455;124577,967;146039,551;192481,048;250841,242;276231,63;347592,757;476606,182;449633,565;456160,174;488680,423;541872,285;609811,376;632117,409;694240,564;711226,960317241;701233,224745447;714927,050375027;683214,98919258;698110,197143175;771562,11530985;873392,39116947;929931,06896895
;;;;;;;;;;;;;;;;;;;;;;;;;;;;;;;;;;;;;;;;;;;;;;;;;;;;;;;;;;;;;
          Medium Term (18) ;-;-;-;-;-;-;-;-;-;-;-;-;-;-;-;-;-;-;-;-;-;-;-;-;-;-;-;-;-;-;-;-;10305,215;15649,7;22264,097;27157,452;27280,743;32049,186;31950,763;31646,367;37757,587;42990,479;53495,266;64633,334;83210,381;104609,949;117154,738;126832,936;136773,561;201746,554;212454,775;238505,067;242437,535;266524,428102953;267154,514792103;227911,370113452;234624,91;260837,697585433;269365,502323483;290352,98741944;398219,49565837
;;;;;;;;;;;;;;;;;;;;;;;;;;;;;;;;;;;;;;;;;;;;;;;;;;;;;;;;;;;;;
          Long Term (18) ;-;-;-;-;-;-;-;-;-;-;-;-;-;-;-;-;-;-;-;-;-;-;-;-;-;-;-;-;-;-;-;-;8174,679;11965,6;10775,461;17517,034;22419,982;26625,735;42215,674;54432,906;63170,056;96664,473;148164,246;156202,179;164036,794;163585,944;170116,798;192348,512;235403,386;264492,902;307633,571;394257,528;437919,464;441193,456471761;436562,39967556;499866,83495486;634639,00595486;823642,178181693;1018292,37066667;1185325,636485;1255547,57054498
;;;;;;;;;;;;;;;;;;;;;;;;;;;;;;;;;;;;;;;;;;;;;;;;;;;;;;;;;;;;;
          Total (18) ;-;-;-;-;-;-;-;-;-;-;-;-;-;-;-;-;-;-;-;-;-;-;-;-;-;-;-;-;-;-;-;-;137859,241;133623,2;149213,624;178827,861;166322,768;173533,196;187619,892;210657,24;246967,194;332136;452500,754;497067,143;594839,932;744802,075;736905,101;775341,622;860857,37;1008111,741;1129899,722;1264880,004;1374597,563;1418944,84489195;1404950,13921311;1442705,25544334;1552478,90514744;1782590,0729103;2059219,9883;2349071,01507391;2583698,1351723
;;;;;;;;;;;;;;;;;;;;;;;;;;;;;;;;;;;;;;;;;;;;;;;;;;;;;;;;;;;;;
Real Estate Loans By Banks;-;-;-;-;-;-;-;-;-;-;-;-;-;-;-;-;-;-;-;-;-;-;-;-;-;-;-;-;-;-;-;-;-;-;-;-;-;-;-;-;-;-;-;-;-;-;-;-;-;-;-;-;-;-;-;-;-;-;-;-;-
;;;;;;;;;;;;;;;;;;;;;;;;;;;;;;;;;;;;;;;;;;;;;;;;;;;;;;;;;;;;;
          Retail (19) ;-;-;-;-;-;-;-;-;-;-;-;-;-;-;-;-;-;-;-;-;-;-;-;-;-;-;-;-;-;-;-;-;-;-;-;-;-;-;-;-;-;-;-;-;-;-;28211;32978;42314;53576;70648;94562;102503;110484;121248,785;140276,139;198099,618;315198,729;445754,207;549779,821;607220,445
;;;;;;;;;;;;;;;;;;;;;;;;;;;;;;;;;;;;;;;;;;;;;;;;;;;;;;;;;;;;;
          Corporate (19) ;-;-;-;-;-;-;-;-;-;-;-;-;-;-;-;-;-;-;-;-;-;-;-;-;-;-;-;-;-;-;-;-;-;-;-;-;-;-;-;-;-;-;-;-;-;-;25534,4;26989,6;27897;34448;44920;61191;82799;89918;89743,584;98267,964;99272,328;113212,49;123101,899;138053,023;160049,899
;;;;;;;;;;;;;;;;;;;;;;;;;;;;;;;;;;;;;;;;;;;;;;;;;;;;;;;;;;;;;
          Total (19) ;-;-;-;-;-;-;-;-;-;-;-;-;-;-;-;-;-;-;-;-;-;-;-;-;-;-;-;-;-;-;-;-;-;-;-;-;-;-;-;-;-;-;-;-;-;-;53745,4;59967,6;70211;88024;115568;155753;185302;200402;210992,369;238544,103;297371,946;428411,219;568856,106;687832,844;767270,344
;;;;;;;;;;;;;;;;;;;;;;;;;;;;;;;;;;;;;;;;;;;;;;;;;;;;;;;;;;;;;
Residential New Mortgages Finance For Individuals Provided by Banks;-;-;-;-;-;-;-;-;-;-;-;-;-;-;-;-;-;-;-;-;-;-;-;-;-;-;-;-;-;-;-;-;-;-;-;-;-;-;-;-;-;-;-;-;-;-;-;-;-;-;-;-;-;-;-;-;-;-;-;-;-
;;;;;;;;;;;;;;;;;;;;;;;;;;;;;;;;;;;;;;;;;;;;;;;;;;;;;;;;;;;;;
          Financing Value - Houses   (20) ;-;-;-;-;-;-;-;-;-;-;-;-;-;-;-;-;-;-;-;-;-;-;-;-;-;-;-;-;-;-;-;-;-;-;-;-;-;-;-;-;-;-;-;-;-;-;-;-;-;-;-;-;-;-;-;21971,68291048;56515,870200538;93260,9567800189;96192,517725964;83968,96018896;53333,238473396
;;;;;;;;;;;;;;;;;;;;;;;;;;;;;;;;;;;;;;;;;;;;;;;;;;;;;;;;;;;;;
          Financing Value - Apartments  (20) ;-;-;-;-;-;-;-;-;-;-;-;-;-;-;-;-;-;-;-;-;-;-;-;-;-;-;-;-;-;-;-;-;-;-;-;-;-;-;-;-;-;-;-;-;-;-;-;-;-;-;-;-;-;-;-;3407,85662308;11307,236456632;21915,32620628;28400,79096626;27239,31746302;20245,2323615207
;;;;;;;;;;;;;;;;;;;;;;;;;;;;;;;;;;;;;;;;;;;;;;;;;;;;;;;;;;;;;
          Financing Value - Land  (20) ;-;-;-;-;-;-;-;-;-;-;-;-;-;-;-;-;-;-;-;-;-;-;-;-;-;-;-;-;-;-;-;-;-;-;-;-;-;-;-;-;-;-;-;-;-;-;-;-;-;-;-;-;-;-;-;2361,59973878;11139,606007728;35609,1573585149;27947,8591461618;9065,720542639;4160,929969712
;;;;;;;;;;;;;;;;;;;;;;;;;;;;;;;;;;;;;;;;;;;;;;;;;;;;;;;;;;;;;
          Financing Value - Total  (20) ;-;-;-;-;-;-;-;-;-;-;-;-;-;-;-;-;-;-;-;-;-;-;-;-;-;-;-;-;-;-;-;-;-;-;-;-;-;-;-;-;-;-;-;-;-;-;-;-;-;-;-;-;-;14929,584387619;18922,87238819;27741,13927234;78962,712664898;150785,440344814;152541,167838386;120273,998194619;77739,4008046287
;;;;;;;;;;;;;;;;;;;;;;;;;;;;;;;;;;;;;;;;;;;;;;;;;;;;;;;;;;;;;
          Total Number of Contracts  (20) ;-;-;-;-;-;-;-;-;-;-;-;-;-;-;-;-;-;-;-;-;-;-;-;-;-;-;-;-;-;-;-;-;-;-;-;-;-;-;-;-;-;-;-;-;-;-;-;-;-;-;-;-;-;20132;28469;46820;135779;225073;201481;154392;102853
;;;;;;;;;;;;;;;;;;;;;;;;;;;;;;;;;;;;;;;;;;;;;;;;;;;;;;;;;;;;;
Consumer And Credit Card Loans;-;-;-;-;-;-;-;-;-;-;-;-;-;-;-;-;-;-;-;-;-;-;-;-;-;-;-;-;-;-;-;-;-;-;-;-;-;-;-;-;-;-;-;-;-;-;-;-;-;-;-;-;-;-;-;-;-;-;-;-;-
;;;;;;;;;;;;;;;;;;;;;;;;;;;;;;;;;;;;;;;;;;;;;;;;;;;;;;;;;;;;;
          Renovation & home Improvement (21) ;-;-;-;-;-;-;-;-;-;-;-;-;-;-;-;-;-;-;-;-;-;-;-;-;-;-;-;-;-;-;-;-;-;-;-;3083,05081446917;3340,36561796272;3260,39877571069;3983,99508584338;4951,7502835302;5540,89802033393;7757,12270997525;11916,90010757;12489,2652327114;13441,892604136;11753,20732194;11798,6742351414;12693,8367167;14133,81567392;18049,99054028;21300,28728981;25603,897;37020,541;29080,18;30028,005;28055,147;25648,219;23871,977;19060,089;13436,303;10792,058
;;;;;;;;;;;;;;;;;;;;;;;;;;;;;;;;;;;;;;;;;;;;;;;;;;;;;;;;;;;;;
          Vehicles & Private Transport means (21) ;-;-;-;-;-;-;-;-;-;-;-;-;-;-;-;-;-;-;-;-;-;-;-;-;-;-;-;-;-;-;-;-;-;-;-;4887,92370642903;4553,94993066509;4987,64815107122;6662,61063335293;9606,42685373888;10439,3265915471;12153,4564058341;13925,0713654603;12045,5970570178;14099,5231117156;14088,9167608409;15834,5843115947;16426,49713916;15699,37694726;15455,61548485;18114,13767278;20788,203;9429,154;9327,765;16720,033;16789,358;15624,968;14469,345;14047,003;11025,888;11310,993
;;;;;;;;;;;;;;;;;;;;;;;;;;;;;;;;;;;;;;;;;;;;;;;;;;;;;;;;;;;;;
          Furniture & Durable Goods (21) ;-;-;-;-;-;-;-;-;-;-;-;-;-;-;-;-;-;-;-;-;-;-;-;-;-;-;-;-;-;-;-;-;-;-;-;-;-;-;-;-;-;-;-;-;-;-;-;-;-;-;-;5455,163;4911,855;4821,814;10783,908;12498,68;12462,085;12012,415;12214,314;8680,021;7889,437
;;;;;;;;;;;;;;;;;;;;;;;;;;;;;;;;;;;;;;;;;;;;;;;;;;;;;;;;;;;;;
          Education (21) ;-;-;-;-;-;-;-;-;-;-;-;-;-;-;-;-;-;-;-;-;-;-;-;-;-;-;-;-;-;-;-;-;-;-;-;-;-;-;-;-;-;-;-;-;-;-;-;-;-;-;-;414,45;636,639;957,62;3722,451;3522,2;3239,001;4167,531;5168,441;6346,741;7461,561
;;;;;;;;;;;;;;;;;;;;;;;;;;;;;;;;;;;;;;;;;;;;;;;;;;;;;;;;;;;;;
          Health care (21) ;-;-;-;-;-;-;-;-;-;-;-;-;-;-;-;-;-;-;-;-;-;-;-;-;-;-;-;-;-;-;-;-;-;-;-;-;-;-;-;-;-;-;-;-;-;-;-;-;-;-;-;246,047;312,161;506,491;565,647;703,481;559,381;549,505;636,542;564,428;510,126
;;;;;;;;;;;;;;;;;;;;;;;;;;;;;;;;;;;;;;;;;;;;;;;;;;;;;;;;;;;;;
          Tourism and Travel (21) ;-;-;-;-;-;-;-;-;-;-;-;-;-;-;-;-;-;-;-;-;-;-;-;-;-;-;-;-;-;-;-;-;-;-;-;-;-;-;-;-;-;-;-;-;-;-;-;-;-;-;-;102,72;85,264;72,111;324,256;483,608;454,707;571,545;646,085;814,167;918,197
;;;;;;;;;;;;;;;;;;;;;;;;;;;;;;;;;;;;;;;;;;;;;;;;;;;;;;;;;;;;;
          Others (21) ;-;-;-;-;-;-;-;-;-;-;-;-;-;-;-;-;-;-;-;-;-;-;-;-;-;-;-;-;-;-;-;-;-;-;-;36267,4462453754;39116,196919523;44455,0660522636;50102,0757280853;56210,1234630126;70951,8820369169;94876,9948401311;125885,656329473;140923,467130188;138437,761578104;134551,690799182;138893,063006574;152511,07478174;188936,62890871;221054,75868023;238225,82958228;245397,672;254789,238;273499,518;255515,043;259234,405;275450,383;309605,213;376624,611;410686,167;402947,265
;;;;;;;;;;;;;;;;;;;;;;;;;;;;;;;;;;;;;;;;;;;;;;;;;;;;;;;;;;;;;
          Total (21) ;-;-;-;-;-;-;-;-;-;-;-;-;-;-;-;-;-;-;-;-;-;-;-;-;-;-;-;-;-;-;-;-;-;-;-;44238,4207662736;47010,5124681508;52703,1129790455;60748,6814472816;70768,3006002817;86932,1066487979;114787,57395594;151727,627802503;165458,329419917;165979,177293956;160393,814881963;166526,32155331;181631,4086376;218769,82152989;254560,36470536;277640,25454487;298008,152;307184,852;318265,499;317659,343;321286,879;333438,744;365247,531;428397,085;451553,715;441829,637
;;;;;;;;;;;;;;;;;;;;;;;;;;;;;;;;;;;;;;;;;;;;;;;;;;;;;;;;;;;;;
          Total Credit Card Loans (21) ;-;-;-;-;-;-;-;-;-;-;-;-;-;-;-;-;-;-;-;-;-;-;-;-;-;-;-;-;-;-;-;-;-;-;-;1898,29558630549;1918,54407272165;2123,08248569361;2199,59954090687;2299,07496035687;2607,80005635273;3231,16409140553;4215,0922615889;7178,49100220812;8595,16480036021;9003,64273594792;8606,2184931;8390,50854476;7759,39728284;7964,6542488;8509,11338976;9666,707;10212,696;10957,695;12093,963;15331,865;19054,274;18373,284;19494,355;23067,209;27066,406
;;;;;;;;;;;;;;;;;;;;;;;;;;;;;;;;;;;;;;;;;;;;;;;;;;;;;;;;;;;;;
Maturity Terms Of Personal Loans;-;-;-;-;-;-;-;-;-;-;-;-;-;-;-;-;-;-;-;-;-;-;-;-;-;-;-;-;-;-;-;-;-;-;-;-;-;-;-;-;-;-;-;-;-;-;-;-;-;-;-;-;-;-;-;-;-;-;-;-;-
;;;;;;;;;;;;;;;;;;;;;;;;;;;;;;;;;;;;;;;;;;;;;;;;;;;;;;;;;;;;;
          Short Term (22) ;-;-;-;-;-;-;-;-;-;-;-;-;-;-;-;-;-;-;-;-;-;-;-;-;-;-;-;-;-;-;-;-;-;-;-;10916,7463132193;11363,9834064256;13633,7731060898;14853,8016159227;12031,477761505;13278,5837583111;14957,0649582578;19527,2152933613;26301,2545615613;28623,605168084;28168,2758243716;30460,5962133964;33487,6188667039;46710,2262064955;48833,7512790428;67890,4809955747;77521,79;82148,916;101014,661;108994,427;120013,897;129377,64;122922,413;143467,815;-;-
;;;;;;;;;;;;;;;;;;;;;;;;;;;;;;;;;;;;;;;;;;;;;;;;;;;;;;;;;;;;;
          Medium Term (22) ;-;-;-;-;-;-;-;-;-;-;-;-;-;-;-;-;-;-;-;-;-;-;-;-;-;-;-;-;-;-;-;-;-;-;-;15888,8894387197;16421,6084163871;16993,9022031673;18814,3832350047;21440,9076172103;23791,7934946757;26950,2912364199;33435,546538022;37181,6978820031;39631,07352992;45145,3566020067;48662,750668358;55169,5250491107;64685,5899734937;77213,4698369252;79183,2388496161;82697,779;95656,899;85076,889;80899,69;73375,06;68022,814;76876,279;79139,066;-;-
;;;;;;;;;;;;;;;;;;;;;;;;;;;;;;;;;;;;;;;;;;;;;;;;;;;;;;;;;;;;;
          Long Term (22) ;-;-;-;-;-;-;-;-;-;-;-;-;-;-;-;-;-;-;-;-;-;-;-;-;-;-;-;-;-;-;-;-;-;-;-;19331,0802056071;21143,4644054191;24198,5197994621;29280,0961372611;39594,9901819232;52469,5294521639;76111,3818526683;102979,958232709;109153,867978561;106319,663396311;96083,8251915322;96009,1931646556;101364,773266545;115133,402632741;136477,797838192;139075,648089439;147455,291;139591,733;143131,644;139859,188;143229,786;155092,563;183822,123;225284,559;-;-
;;;;;;;;;;;;;;;;;;;;;;;;;;;;;;;;;;;;;;;;;;;;;;;;;;;;;;;;;;;;;
          Total (22) ;-;-;-;-;-;-;-;-;-;-;-;-;-;-;-;-;-;-;-;-;-;-;-;-;-;-;-;-;-;-;-;-;-;-;-;46136,7159575461;48929,0562282318;54826,1951087192;62948,2809881885;73067,3755606385;89539,9067051507;118018,738047346;155942,720064092;172636,820422125;174574,342094315;169397,457617911;175132,54004641;190021,91718236;226529,21881273;262525,01895416;286149,36793463;307674,86;317397,548;329223,194;329753,305;336618,743;352493,017;383620,815;447891,44;-;-
;;;;;;;;;;;;;;;;;;;;;;;;;;;;;;;;;;;;;;;;;;;;;;;;;;;;;;;;;;;;;
Syndicated Loans;-;-;-;-;-;-;-;-;-;-;-;-;-;-;-;-;-;-;-;-;-;-;-;-;-;-;-;-;-;-;-;-;-;-;-;-;-;-;-;-;-;-;-;-;-;-;-;-;-;-;-;-;-;-;-;-;-;-;-;-;-
;;;;;;;;;;;;;;;;;;;;;;;;;;;;;;;;;;;;;;;;;;;;;;;;;;;;;;;;;;;;;
                    Resident (23) ;-;-;-;-;-;-;-;-;-;-;-;-;-;-;-;-;-;-;-;-;-;-;-;-;-;-;-;-;-;-;-;-;-;-;-;-;-;-;-;-;-;-;-;-;142;349;352;370;372;440;558;384;469;555;513;571;525;411;404;697;-
;;;;;;;;;;;;;;;;;;;;;;;;;;;;;;;;;;;;;;;;;;;;;;;;;;;;;;;;;;;;;
                    Non Resident (23) ;-;-;-;-;-;-;-;-;-;-;-;-;-;-;-;-;-;-;-;-;-;-;-;-;-;-;-;-;-;-;-;-;-;-;-;-;-;-;-;-;-;-;-;-;58;130;138;119;112;104;134;53;65;76;74;78;98;83;69;76;-
;;;;;;;;;;;;;;;;;;;;;;;;;;;;;;;;;;;;;;;;;;;;;;;;;;;;;;;;;;;;;
                    Total (23) ;-;-;-;-;-;-;-;-;-;-;-;-;-;-;-;-;-;-;-;-;-;-;-;-;-;-;-;-;-;-;-;-;-;-;-;-;-;-;-;-;-;-;-;-;200;479;490;489;484;544;692;437;534;631;587;649;623;494;473;773;-
;;;;;;;;;;;;;;;;;;;;;;;;;;;;;;;;;;;;;;;;;;;;;;;;;;;;;;;;;;;;;
                    Resident (23) ;-;-;-;-;-;-;-;-;-;-;-;-;-;-;-;-;-;-;-;-;-;-;-;-;-;-;-;-;-;-;-;-;-;-;-;-;-;-;-;-;-;-;-;-;16,691;106,532;115,59;110,698;127,918;156,8;211,3;129,8;134;195;189;341,071;445,773;179;187,579596;201,46273251788;-
;;;;;;;;;;;;;;;;;;;;;;;;;;;;;;;;;;;;;;;;;;;;;;;;;;;;;;;;;;;;;
                    Non Resident (23) ;-;-;-;-;-;-;-;-;-;-;-;-;-;-;-;-;-;-;-;-;-;-;-;-;-;-;-;-;-;-;-;-;-;-;-;-;-;-;-;-;-;-;-;-;8,736;22,974;21,737;18,629;16,745;18,563;26,02;8,2;12;16;12;14,168;21,588;23;18,831204;17,197914697129;-
;;;;;;;;;;;;;;;;;;;;;;;;;;;;;;;;;;;;;;;;;;;;;;;;;;;;;;;;;;;;;
                    Total (23) ;-;-;-;-;-;-;-;-;-;-;-;-;-;-;-;-;-;-;-;-;-;-;-;-;-;-;-;-;-;-;-;-;-;-;-;-;-;-;-;-;-;-;-;-;25,427;129,506;137,327;129,327;144,663;175,363;237,32;138;146;211;201;355,239;467,361;202;206,4108;218,660647215009;-
;;;;;;;;;;;;;;;;;;;;;;;;;;;;;;;;;;;;;;;;;;;;;;;;;;;;;;;;;;;;;
          Number of Syndicated Loans;-;-;-;-;-;-;-;-;-;-;-;-;-;-;-;-;-;-;-;-;-;-;-;-;-;-;-;-;-;-;-;-;-;-;-;-;-;-;-;-;-;-;-;-;-;-;-;-;-;-;-;-;-;-;-;-;-;-;-;-;-
;;;;;;;;;;;;;;;;;;;;;;;;;;;;;;;;;;;;;;;;;;;;;;;;;;;;;;;;;;;;;
          Value of Syndicated Loans;-;-;-;-;-;-;-;-;-;-;-;-;-;-;-;-;-;-;-;-;-;-;-;-;-;-;-;-;-;-;-;-;-;-;-;-;-;-;-;-;-;-;-;-;-;-;-;-;-;-;-;-;-;-;-;-;-;-;-;-;-
;;;;;;;;;;;;;;;;;;;;;;;;;;;;;;;;;;;;;;;;;;;;;;;;;;;;;;;;;;;;;
Private Sector Imports Financed Through Commercial Banks  ( Letters of Credit Settled and Bills Received );-;-;-;-;-;-;-;-;-;-;-;-;-;-;-;-;-;-;-;-;-;-;-;-;-;-;-;-;-;-;-;-;-;-;-;-;-;-;-;-;-;-;-;-;-;-;-;-;-;-;-;-;-;-;-;-;-;-;-;-;-
;;;;;;;;;;;;;;;;;;;;;;;;;;;;;;;;;;;;;;;;;;;;;;;;;;;;;;;;;;;;;
          Foodstuff;-;-;-;-;-;-;-;-;-;-;-;-;-;-;-;-;-;-;-;-;-;-;-;-;-;-;-;-;-;-;-;-;-;-;-;-;-;-;-;-;-;-;-;-;-;-;-;-;-;-;-;-;-;-;-;-;-;-;-;-;-
;;;;;;;;;;;;;;;;;;;;;;;;;;;;;;;;;;;;;;;;;;;;;;;;;;;;;;;;;;;;;
                    Food Grains (24) ;136,4;181,4;129,8;229,7;191,1;143,8;165,4;163,8;200,7;178,3;461,4;757,9;734,9;471,5;707;1026,1;2173,5;3110;3402,5;3156,9;3004,6;3691,4;2349,3;2366,9;2473,2;2528,8;1562,2;1530,7;1490,754;1973;1813,19;1451,302;1607,571;1833;1996,915;2383,643;2805,205;3072,252;2746,978;3358,551;3964,861;2969,899;2762,641;3323,686;5387,658;7655,089;5277,956;7473,565;5524,447;12354,169;17671,863;12655,834;13056,118;10493,557;6198,5490927385;6157,95985451376;5014,02824226143;4195,75630277;5605,69119;7191,72748;4144,94633
;;;;;;;;;;;;;;;;;;;;;;;;;;;;;;;;;;;;;;;;;;;;;;;;;;;;;;;;;;;;;
                    Fruits & Vegetables (24) ;27;20,3;25,5;19,9;17,8;27,3;25;30,6;37,5;41,8;49,2;74;115,1;94;82,4;126,3;180,4;192,3;306,5;236,2;242,1;265,5;431,5;283,8;351,6;390,4;349,2;244,73;347,4065;302,7;224,955;233,213;198,583;554,8;277,981;218,2;201,233;156,994;183,682;164,849;188,42;129,024;331,782;551,518;285,532;454,061;241,138;176,464;300,317;341,847;602,291;515,801;671,876;819,05061003;601,454801272;605,582881569;264,896572999;342,8686;227,032;585,474;163,00581775
;;;;;;;;;;;;;;;;;;;;;;;;;;;;;;;;;;;;;;;;;;;;;;;;;;;;;;;;;;;;;
                    Sugar, Tea & Coffee (24) ;31;54,6;76,1;45,4;35,3;44,1;52,7;57,9;73,7;139,7;117,2;531,9;349,4;236,9;336,6;414,3;398,1;1254,9;1031,1;560,3;704,2;457,1;389;548,7;561,6;580,5;740,2;935,3;766,492;720,3;677,118;864,326;816,408;1401,3;614,165;514,044;360,709;371,147;657,411;522,484;399,375;779,391;974,012;427,379;362,806;1150,692;1075,906;1095,567;1008,053;708,813;717,703;1434,846;1297,473;2353,55900282;869,3287454822;838,69007944722;756,673583844;529,35589;724,64507;589,18848577;458,26260467
;;;;;;;;;;;;;;;;;;;;;;;;;;;;;;;;;;;;;;;;;;;;;;;;;;;;;;;;;;;;;
                    Livestock & Meat (24) ;60;66;68,2;108,3;118,7;154,1;122,8;111,3;123,4;148,4;185;222,3;286,8;305,1;516,1;631,6;804,9;1150;1401,7;1315;1292,6;1372,2;1185,1;946,2;1018,6;1031,8;923,4;1352,1;1447,798;1802,4;1900,579;1734,478;1376,301;1736,9;1529,389;1376,275;1119,393;1185,244;1403,452;1726,07;2331,642;1930,17;2020,481;2576,091;2921,259;2814,764;3185,861;2949,304;2655,851;2738,189;4105,473;4244,884;3823,975;4502,27567975;3457,7889924245;2544,37271821401;2435,59337740212;1882,68172;2142,24685;968,87868;884,09731843
;;;;;;;;;;;;;;;;;;;;;;;;;;;;;;;;;;;;;;;;;;;;;;;;;;;;;;;;;;;;;
                    Others (24) ;101;129;135,2;154,5;192,9;203,8;199,5;243,9;270,8;295,9;374,2;795;1024,2;1557,6;2170,7;2453;3078,8;3697,2;4202;4236,4;4730,5;3931,2;3326,4;3693,3;3250,4;3079,7;3804,3;3517,3;4179,22;3981;3555,236;3747,644;4369,816;4685;4113,644;4254,504;3828,28;4287,24;4856,271;4307,655;5751,97;5809,375;7200,557;6262,957;9152,185;15686,076;8582,237;9250,358;8725,715;8389,086;9229,629;10313,619;9587,125;9244,71581854;8068,103313898;7686,43248576454;7885,83472271849;6833,43263;9007,042406;10367,30790933;7675,84752805
;;;;;;;;;;;;;;;;;;;;;;;;;;;;;;;;;;;;;;;;;;;;;;;;;;;;;;;;;;;;;
                    Total (24) ;355,4;451,3;434,8;557,8;555,8;573,1;565,4;607,5;706,1;804,1;1187;2381,1;2510,4;2665,1;3812,8;4651,3;6635,7;9404,4;10343,8;9504,8;9974;9717,4;7681,3;7838,9;7655,4;7611,2;7379,3;7580,13;8231,6705;8779,4;8171,078;8030,963;8368,679;10211;8532,094;8746,666;8314,82;9072;9847,794;10079,609;12636,268;11617,859;13289,473;13141,631;18109,44;27760,682;18363,098;20945,258;18214,383;24532,104;32326,959;29164,984;28436,567;27413,15811114;19195,2249458152;17833,0380195085;16357,026499225;13784,09514277;17706,657516;19702,5765551;13326,1595989
;;;;;;;;;;;;;;;;;;;;;;;;;;;;;;;;;;;;;;;;;;;;;;;;;;;;;;;;;;;;;
          Textiles & Clothing (24) ;115,2;121,1;114,4;117,6;143,3;133,1;144,4;121,6;173,9;355,4;508,7;729,1;1263,2;1615,7;2036;2592;3169,3;4981,1;4847,1;5987,3;5743,3;6167;4961,9;5269,5;5911,5;5762,2;5984,4;6005,5;7365,9;7564,9;7120,311;5498,328;5434,192;5397,9;5269,302;5084,258;4380,268;3994,565;4944,148;5096,061;4484,619;3796,552;4628,828;4256,36;4626,038;4649,067;4597,212;3797,845;4869,943;4584,734;4011,522;4362,636;2913,978;2051,46050949;2201,0003066731;1712,81092105861;1878,28981125027;971,4587;717,40552;834,44405123;665,18573683
;;;;;;;;;;;;;;;;;;;;;;;;;;;;;;;;;;;;;;;;;;;;;;;;;;;;;;;;;;;;;
          Building Materials (24) ;94;142;161,3;131,6;154,1;177,8;180;144,6;186,6;305,4;681;827,4;1260,8;2499,7;2625,7;3279,5;5617;5860,8;6873,3;8837,1;6975,6;6173,3;4886,5;4022,5;3761,6;3910,9;4196,1;3677,5;4370,878;5258,1;5300,587;4286,321;3510,631;3876,7;3835,088;3781,633;3479,796;3501,951;4514,28;4282,497;3889,001;4562,601;7370,125;10684,279;14661,025;19011,775;11787,329;15405,789;20563,417;24783,42;20891,802;26639,058;29196,224;19318,33649652;14568,8774520416;15450,3136314834;14929,5679000128;12286,42169;12823,440794;15304,59342468;16662,25257792
;;;;;;;;;;;;;;;;;;;;;;;;;;;;;;;;;;;;;;;;;;;;;;;;;;;;;;;;;;;;;
          Motor Vehicles (24) ;234,5;238;259,9;266;232,1;285,5;298,8;238,2;321,7;517,7;839,1;1925,5;3297,1;4195,9;4341;4016,7;5336,9;6897,4;8694,9;10389,8;8449,6;6593,8;5457;4814,7;6912;7745,6;8269,6;9372,8;13908,44;15378,4;12778,755;9159,301;6324,237;8823,7;9836,598;12439,415;8458,074;8922,834;11792,175;13717,088;13929,019;14987,865;25558,445;26664,574;25608,734;25711,081;23033,696;34307,772;36744,756;47314,862;56291,812;48400,848;53675,439;34820,48829727;25728,2900170164;19773,4373482083;25442,8988669395;26156,55568;29401,133248;35662,11749325;42915,98407544
;;;;;;;;;;;;;;;;;;;;;;;;;;;;;;;;;;;;;;;;;;;;;;;;;;;;;;;;;;;;;
          Machinery (24) ;-;-;-;-;-;-;-;-;-;-;-;-;-;-;-;-;-;-;-;-;-;-;-;-;-;-;-;-;-;-;-;-;-;-;3200,215;3221,55;2717,927;3902,707;5240,321;3457,605;3493,629;4349,354;6107,049;10249,641;12255,026;13687,446;15283,804;20129,697;24296,991;29805,285;20700,321;21358,87;15896,277;10393,0673989;7560,2227125278;5341,66096283048;6028,35922749695;4750,82144898;4350,5007;5241,67681168;8179,46161326
;;;;;;;;;;;;;;;;;;;;;;;;;;;;;;;;;;;;;;;;;;;;;;;;;;;;;;;;;;;;;
          Appliances (24) ;-;-;-;-;-;-;-;-;-;-;-;-;-;-;-;-;-;-;-;-;-;-;-;-;-;-;-;-;-;-;-;-;-;-;3762,656;3436,44;3607,502;3341,963;3753,743;3243,899;3073,855;3586,781;4527,074;4431,52;4552,557;5777,072;4471,631;4686,329;6119,612;5375,015;5124,807;6786,481;6854,831;5117,64555735;4057,9813958468;3375,18166972726;3408,16889560281;2774,87828100923;3335,366252;3228,02034526;3727,81199138
;;;;;;;;;;;;;;;;;;;;;;;;;;;;;;;;;;;;;;;;;;;;;;;;;;;;;;;;;;;;;
          Other Goods (24) ;262;348;380,6;400,9;486,9;537,1;555,4;584,7;655,5;889,7;1226,1;2903,1;4367,6;6554,6;8403,1;9857,4;12834,6;15335,7;17225,2;23692,4;19003,5;18391,6;13689,5;14031,4;16875,9;17907,2;19036,4;20078,3;28302,617;26049,2;28383,544;20917,085;27875,298;28606,2;36248,67;33245,449;34721,837;38614,478;40933,26;39878,439;44668,844;53118,383;54702,029;62863,656;88705,467;115849,868;84183,219;89699,81;119801,118;119188,971;114073,305;101952,775;102574,841;77891,6691252018;66730,7055154248;68983,2824404291;67025,6575404413;62498,74647784;62420,871203;78148,41056275;84808,68908516
;;;;;;;;;;;;;;;;;;;;;;;;;;;;;;;;;;;;;;;;;;;;;;;;;;;;;;;;;;;;;
          Grand Total (24) ;1237;1556,4;1735;1759,6;1817,4;1967;2029;2010;2473,1;3612,6;5357,6;10986,8;16527;22768,4;27999,8;31091,5;41807,8;51835,7;58579,5;71182,3;61524,3;57730,9;44436,2;42553,1;48441;50272,4;52445,8;54956,03;71680,6045;73574,4;71629,302;56457,269;59146,814;64782,9;70684,623;69955,411;65680,224;71351,375;81025,721;79755,198;86175,235;96019,395;116183,023;132291,661;168518,287;212446,991;161719,989;188972,5;230610,22;255584,391;253420,528;238665,652;239548,157;177005,825495872;140042,302345346;132469,724993246;135069,968740969;123222,977420599;130755,375233;158121,83924395;170285,54467889
;;;;;;;;;;;;;;;;;;;;;;;;;;;;;;;;;;;;;;;;;;;;;;;;;;;;;;;;;;;;;
Private Sector Imports Financed Through Commercial Banks  ( New Letters Of Credit Opened );-;-;-;-;-;-;-;-;-;-;-;-;-;-;-;-;-;-;-;-;-;-;-;-;-;-;-;-;-;-;-;-;-;-;-;-;-;-;-;-;-;-;-;-;-;-;-;-;-;-;-;-;-;-;-;-;-;-;-;-;-
;;;;;;;;;;;;;;;;;;;;;;;;;;;;;;;;;;;;;;;;;;;;;;;;;;;;;;;;;;;;;
          Foodstuff;-;-;-;-;-;-;-;-;-;-;-;-;-;-;-;-;-;-;-;-;-;-;-;-;-;-;-;-;-;-;-;-;-;-;-;-;-;-;-;-;-;-;-;-;-;-;-;-;-;-;-;-;-;-;-;-;-;-;-;-;-
;;;;;;;;;;;;;;;;;;;;;;;;;;;;;;;;;;;;;;;;;;;;;;;;;;;;;;;;;;;;;
                    FoodGrains (24) ;-;-;-;-;-;-;-;-;-;-;-;-;-;-;-;-;-;-;-;-;-;-;-;-;-;-;-;-;-;-;1525,453;1809,65;1812,865;1750,227;2284,05;2920,881;2498,732;2737,745;2365,722;2794,054;3851,728;3011,746;3378,025;3630,332;7189,1;8810,126;5685,453;6149,947;4615,139;14580,87;15388,731;11877,892;11877,064;9381,17;4705,44711914;4933,026973032;4043,70710373738;4047,05852;5666,51737;6878,00987;3404,73563
;;;;;;;;;;;;;;;;;;;;;;;;;;;;;;;;;;;;;;;;;;;;;;;;;;;;;;;;;;;;;
                    Fruits &Vegetable (24) ;-;-;-;-;-;-;-;-;-;-;-;-;-;-;-;-;-;-;-;-;-;-;-;-;-;-;-;-;-;-;260,128;287,09;245,41;292,168;176,063;222,006;120,638;117,596;115,695;73,839;72,757;100,235;130,297;144,811;111,085;281,096;117,449;148,863;119,426;308,147;163,333;102,928;152,991;305,17966959378;245,05669374;141,99412299921;175,383;58,096;21,326;443,01251;74,499
;;;;;;;;;;;;;;;;;;;;;;;;;;;;;;;;;;;;;;;;;;;;;;;;;;;;;;;;;;;;;
                    Sugar, Tea & Coffee (24) ;-;-;-;-;-;-;-;-;-;-;-;-;-;-;-;-;-;-;-;-;-;-;-;-;-;-;-;-;-;-;702,659;990,02;1031,845;849,731;438,454;428,371;219,283;185,042;239,736;229,624;140,649;156,405;190,832;228,528;308,661;602,683;407,432;473,247;557,069;507,385;345,913;495,274;494,704;362,67299461248;477,07462526106;387,48222190988;386,91480434528;325,94157;434,26059;617,236952896;567,553911179
;;;;;;;;;;;;;;;;;;;;;;;;;;;;;;;;;;;;;;;;;;;;;;;;;;;;;;;;;;;;;
                    Livestock& Meat (24) ;-;-;-;-;-;-;-;-;-;-;-;-;-;-;-;-;-;-;-;-;-;-;-;-;-;-;-;-;-;-;1293,518;1203,82;985,906;1078,382;594,069;712,673;354,69;466,786;858,185;1002,206;871,855;741,959;896,218;1342,957;1479,808;1158,617;971,318;687,004;589,952;574,414;349,539;400,805;556,247;729,49747335597;230,8551873856;158,87937133443;99,2621699;252,67366;315,547;127,94483;179,583705846
;;;;;;;;;;;;;;;;;;;;;;;;;;;;;;;;;;;;;;;;;;;;;;;;;;;;;;;;;;;;;
                    Others (24) ;-;-;-;-;-;-;-;-;-;-;-;-;-;-;-;-;-;-;-;-;-;-;-;-;-;-;-;-;-;-;2746,005;2752,46;2847,206;2883,393;2067,644;2457,508;2268,363;2797,825;2720,262;2833,659;3586,886;3812,723;4577,796;4656,009;6864,484;8504,153;5726,691;6757,492;5154,865;4929,21;5355,061;6039,754;5063,481;4554,70782884861;4477,04058647377;3991,19032417774;4028,20270117097;2456,992582;4249,47568;6233,262797208;6488,568302698
;;;;;;;;;;;;;;;;;;;;;;;;;;;;;;;;;;;;;;;;;;;;;;;;;;;;;;;;;;;;;
                    Total (24) ;-;-;-;-;-;-;-;-;-;-;-;-;-;-;-;-;-;-;-;-;-;-;-;-;-;-;-;-;-;-;6527,763;7043,04;6923,232;6853,901;5560,28;6741,439;5461,706;6304,994;6299,6;6933,382;8523,875;7823,068;9173,168;10002,637;15953,138;19356,675;12908,343;14216,553;11036,451;20900,026;21602,577;18916,653;18144,487;15333,2279664108;10135,4742120004;9612,57301345326;8733,46977915363;7140,762332;10687,12664;14299,466960104;10714,940549723
;;;;;;;;;;;;;;;;;;;;;;;;;;;;;;;;;;;;;;;;;;;;;;;;;;;;;;;;;;;;;
          Textiles& Clothing (24) ;-;-;-;-;-;-;-;-;-;-;-;-;-;-;-;-;-;-;-;-;-;-;-;-;-;-;-;-;-;-;5851,742;4538,79;5190,927;3961,386;4214,597;3955,979;3592,852;2973,473;3256,191;3459,735;3202,352;3247,654;3939,627;3687,223;4091,41;4404,182;3424,784;3496,884;3834,079;4402,279;3237,547;3477,548;2307,576;1544,53666338586;1673,36661223017;1049,15066962647;1102,51963140419;607,66392;590,54439;634,254602005;536,694642579
;;;;;;;;;;;;;;;;;;;;;;;;;;;;;;;;;;;;;;;;;;;;;;;;;;;;;;;;;;;;;
          BuildingMaterials (24) ;-;-;-;-;-;-;-;-;-;-;-;-;-;-;-;-;-;-;-;-;-;-;-;-;-;-;-;-;-;-;5128,941;3694,05;2975,51;3639,346;3001,811;3124,727;2588,344;2438,761;3615,354;2953,215;2630,891;4472,783;7408,134;11349,785;15289,965;19631,342;11514,667;17567,386;20289,272;22808,772;16917,103;25373,723;19076,482;15131,3689583117;13345,4310296299;13061,099009184;13364,3874526326;10229,77253089;12087,200212;14042,122984974;15596,244937161
;;;;;;;;;;;;;;;;;;;;;;;;;;;;;;;;;;;;;;;;;;;;;;;;;;;;;;;;;;;;;
          MotorVehicles (24) ;-;-;-;-;-;-;-;-;-;-;-;-;-;-;-;-;-;-;-;-;-;-;-;-;-;-;-;-;-;-;11172,406;7286,96;6729,466;7310,765;7893,397;10193,327;6229,655;6513,261;8692,701;10545,475;11525,5;12016,539;18327,748;16372,279;18348,213;21302,377;19380,118;27944,486;26321,886;34715,451;47755,524;44747,375;50396,938;31424,13549891;25162,2435462351;16642,7590502466;26872,7745771865;24472,35205593;31797,433661;40499,573230357;41951,879128723
;;;;;;;;;;;;;;;;;;;;;;;;;;;;;;;;;;;;;;;;;;;;;;;;;;;;;;;;;;;;;
          Machinery (24) ;-;-;-;-;-;-;-;-;-;-;-;-;-;-;-;-;-;-;-;-;-;-;-;-;-;-;-;-;-;-;3594,37;4480,67;4572,88;2820,735;2591,469;3979,923;2791,573;3289,384;3704,231;2509,981;2956,527;4816,016;7766,517;11978,067;12409,137;15735,891;16334,038;20116,441;28237,886;28076,958;19195,129;20954,416;12599,01;7934,23839065544;7202,91840994968;4646,14927188657;5604,80116169639;4335,84146517658;4778,776867;5403,183884661;9267,856340654
;;;;;;;;;;;;;;;;;;;;;;;;;;;;;;;;;;;;;;;;;;;;;;;;;;;;;;;;;;;;;
          Appliances (24) ;-;-;-;-;-;-;-;-;-;-;-;-;-;-;-;-;-;-;-;-;-;-;-;-;-;-;-;-;-;-;4313,414;4482,9;3077,162;3965,469;2424,327;2510,3;2714,547;2539,813;3225,253;2486,283;2183,888;3018,115;3579,256;3818,44;4308,227;5192,571;4265,654;5811,72;6788,367;5356,061;5728,293;7981,952;6754,117;4577,77876104769;4935,31826576148;3596,10813263333;3606,43626726423;4484,05993;4244,429317;3974,333975112;3941,71714487
;;;;;;;;;;;;;;;;;;;;;;;;;;;;;;;;;;;;;;;;;;;;;;;;;;;;;;;;;;;;;
          OtherGoods (24) ;-;-;-;-;-;-;-;-;-;-;-;-;-;-;-;-;-;-;-;-;-;-;-;-;-;-;-;-;-;-;19717,353;17938,49;27659,512;22888,843;27657,799;25155,472;23064,769;25668,838;25634,109;28264,849;33971,167;42767,056;37892,563;46760,137;62566,585;86549,798;51901,945;64181,704;83155,198;89800,122;90170,464;82272,625;77905,812;59804,5535977373;54104,4219572768;57152,8719145403;61133,9472817697;55086,90446523;62794,0690059781;75917,700480886;82993,232238738
;;;;;;;;;;;;;;;;;;;;;;;;;;;;;;;;;;;;;;;;;;;;;;;;;;;;;;;;;;;;;
          GrandTotal (24) ;-;-;-;-;-;-;-;-;-;-;-;-;-;-;-;-;-;-;-;-;-;-;-;-;-;-;-;-;-;-;56305,989;49464,9;57128,689;51440,445;53343,68;55661,167;46443,446;49728,524;54427,439;57152,92;64994,2;78161,231;88087,013;103968,568;132966,675;172172,836;119729,549;153335,174;179663,139;206059,669;204606,637;203724,292;187184,422;135749,839836459;116559,174033084;105760,711061571;120418,336151107;106357,356699227;126979,580092978;154770,636118099;165002,564982448
;;;;;;;;;;;;;;;;;;;;;;;;;;;;;;;;;;;;;;;;;;;;;;;;;;;;;;;;;;;;;
Private Sector Imports Financed Through Commercial Banks (Letters of Credit by Exporting Countries);-;-;-;-;-;-;-;-;-;-;-;-;-;-;-;-;-;-;-;-;-;-;-;-;-;-;-;-;-;-;-;-;-;-;-;-;-;-;-;-;-;-;-;-;-;-;-;-;-;-;-;-;-;-;-;-;-;-;-;-;-
;;;;;;;;;;;;;;;;;;;;;;;;;;;;;;;;;;;;;;;;;;;;;;;;;;;;;;;;;;;;;
          GCC  Countries;-;-;-;-;-;-;-;-;-;-;-;-;-;-;-;-;-;-;-;-;-;-;-;-;-;-;-;-;-;-;-;-;-;-;-;-;-;-;-;-;-;-;-;-;-;-;-;-;-;-;-;-;-;-;-;-;-;-;-;-;-
;;;;;;;;;;;;;;;;;;;;;;;;;;;;;;;;;;;;;;;;;;;;;;;;;;;;;;;;;;;;;
                    Opened (25) ;-;-;-;-;-;-;-;-;-;-;-;-;-;-;-;-;-;-;-;-;-;-;-;-;-;-;-;-;-;-;-;-;-;4950,646;7223,642;7346,6;6048,814;6654,405;8340,002;7840,298;8765,876;12011,503;13475,767;14926,998;20892,906;28645,794;22509,999;40193,324;46661,176;57212,979;60262,569;60079,537;56053,342;40454,9694754212;38352,5621220945;37008,427;36353,08964473;29624,684;39598,576;59667,95872653;60321,690036
;;;;;;;;;;;;;;;;;;;;;;;;;;;;;;;;;;;;;;;;;;;;;;;;;;;;;;;;;;;;;
                    Settled (25) ;-;-;-;-;-;-;-;-;-;-;-;-;-;-;-;-;-;-;-;-;-;-;-;-;-;-;-;-;-;-;-;-;-;4031,046;5533,579;6900,789;5392,931;5747,488;6935,771;6510,783;7320,595;7672,022;10806,362;10959,529;14914,641;24718,945;21473,258;29527,625;36983,199;40606,034;46037,741;47010,87;47372,632;36906,6241331248;36996,449574311;35917,328;35026,94966897;28393,98705;31670,675;39735,629;42252,271573
;;;;;;;;;;;;;;;;;;;;;;;;;;;;;;;;;;;;;;;;;;;;;;;;;;;;;;;;;;;;;
          North America;-;-;-;-;-;-;-;-;-;-;-;-;-;-;-;-;-;-;-;-;-;-;-;-;-;-;-;-;-;-;-;-;-;-;-;-;-;-;-;-;-;-;-;-;-;-;-;-;-;-;-;-;-;-;-;-;-;-;-;-;-
;;;;;;;;;;;;;;;;;;;;;;;;;;;;;;;;;;;;;;;;;;;;;;;;;;;;;;;;;;;;;
                    Opened (25) ;-;-;-;-;-;-;-;-;-;-;-;-;-;-;-;-;-;-;-;-;-;-;-;-;-;-;-;-;-;-;-;-;-;4581,077;4625,791;4196,857;3333,042;3242,32;3323,968;3792,015;3670,197;4400,434;4528,657;5208,43;6658,95;9253,041;6933,48;9379,849;14445,533;13777,269;13291,778;13016,099;10913,637;6475,5964630604;4431,4901345454;5621,146;6224,909;5205,6;4217,468;6463,22123296;5377,452977
;;;;;;;;;;;;;;;;;;;;;;;;;;;;;;;;;;;;;;;;;;;;;;;;;;;;;;;;;;;;;
                    Settled (25) ;-;-;-;-;-;-;-;-;-;-;-;-;-;-;-;-;-;-;-;-;-;-;-;-;-;-;-;-;-;-;-;-;-;3695,977;4132,348;4126,121;2862,087;3137,145;5108,852;3802,416;3231,221;3571,877;3321,985;4360,599;5675,982;6684,195;8189,791;7721,052;13838,264;11469,321;12730,575;9690,529;8932,649;7071,8842006545;4761,82074116;4274,886;4949,408;4783,59167;4198,258;4866,148;5032,291193
;;;;;;;;;;;;;;;;;;;;;;;;;;;;;;;;;;;;;;;;;;;;;;;;;;;;;;;;;;;;;
          Latin America;-;-;-;-;-;-;-;-;-;-;-;-;-;-;-;-;-;-;-;-;-;-;-;-;-;-;-;-;-;-;-;-;-;-;-;-;-;-;-;-;-;-;-;-;-;-;-;-;-;-;-;-;-;-;-;-;-;-;-;-;-
;;;;;;;;;;;;;;;;;;;;;;;;;;;;;;;;;;;;;;;;;;;;;;;;;;;;;;;;;;;;;
                    Opened (25) ;-;-;-;-;-;-;-;-;-;-;-;-;-;-;-;-;-;-;-;-;-;-;-;-;-;-;-;-;-;-;-;-;-;624,079;414,134;454,732;284,612;303,026;1155,262;523,011;511,351;719,24;1396,187;1872,438;1870,416;2325,208;1058,131;2131,551;2085,805;2826,875;1557,062;2831,466;2031,981;1483,0421994697;1884,9621089863;1672,123;2241,702;1240,922;1666,168;842,631;1032,016502
;;;;;;;;;;;;;;;;;;;;;;;;;;;;;;;;;;;;;;;;;;;;;;;;;;;;;;;;;;;;;
                    Settled (25) ;-;-;-;-;-;-;-;-;-;-;-;-;-;-;-;-;-;-;-;-;-;-;-;-;-;-;-;-;-;-;-;-;-;479,128;470,863;434,863;200,071;608,255;608,109;591,148;624,086;524,087;1226,941;1532,022;1988,72;2042,545;1682,601;1343,335;1631,518;2300,323;1192,766;1731,73;1252,471;1491,14383535;1536,09576083;1381,332;1376,893;1617,953;1390,875;1270,53;927,072915
;;;;;;;;;;;;;;;;;;;;;;;;;;;;;;;;;;;;;;;;;;;;;;;;;;;;;;;;;;;;;
          Western Europe;-;-;-;-;-;-;-;-;-;-;-;-;-;-;-;-;-;-;-;-;-;-;-;-;-;-;-;-;-;-;-;-;-;-;-;-;-;-;-;-;-;-;-;-;-;-;-;-;-;-;-;-;-;-;-;-;-;-;-;-;-
;;;;;;;;;;;;;;;;;;;;;;;;;;;;;;;;;;;;;;;;;;;;;;;;;;;;;;;;;;;;;
                    Opened (25) ;-;-;-;-;-;-;-;-;-;-;-;-;-;-;-;-;-;-;-;-;-;-;-;-;-;-;-;-;-;-;-;-;-;11664,043;12388,092;13214,69;11368,325;13227,875;11961,302;13728,901;16737,8;19318,32;20766,284;24653,869;33521,887;38299,195;25846,071;27996,646;34120,915;41136,356;37899,581;32344,942;27781,042;22824,5366183373;19130,8105604341;19177,596;19545,938678;14130,134;16505,504;17740,43136573;13684,112464
;;;;;;;;;;;;;;;;;;;;;;;;;;;;;;;;;;;;;;;;;;;;;;;;;;;;;;;;;;;;;
                    Settled (25) ;-;-;-;-;-;-;-;-;-;-;-;-;-;-;-;-;-;-;-;-;-;-;-;-;-;-;-;-;-;-;-;-;-;9742,893;10731,522;10944,314;11046,162;11934,116;13541,284;13067,96;15085,795;16513,836;18307,355;19368,409;25491,614;30530,12;25046,759;25400,024;27749,198;37020,829;36873,853;28853,482;27794,987;21920,6888522404;16473,7988785764;16602,267;16380,436;13412,03874;13570,55;15736,319;12836,269534
;;;;;;;;;;;;;;;;;;;;;;;;;;;;;;;;;;;;;;;;;;;;;;;;;;;;;;;;;;;;;
          Eastern Europe;-;-;-;-;-;-;-;-;-;-;-;-;-;-;-;-;-;-;-;-;-;-;-;-;-;-;-;-;-;-;-;-;-;-;-;-;-;-;-;-;-;-;-;-;-;-;-;-;-;-;-;-;-;-;-;-;-;-;-;-;-
;;;;;;;;;;;;;;;;;;;;;;;;;;;;;;;;;;;;;;;;;;;;;;;;;;;;;;;;;;;;;
                    Opened (25) ;-;-;-;-;-;-;-;-;-;-;-;-;-;-;-;-;-;-;-;-;-;-;-;-;-;-;-;-;-;-;-;-;-;808,439;664,555;785,311;350,198;1268,871;553,508;397,826;590,999;682,841;714,465;1150,465;863,872;4090,454;2988,481;1552,76;1292,312;1166,105;1036,816;1419,37;1685,13;1548,5801087787;1225,0689869805;1013,617;881,842687;635,079;837,879;1561,001;1370,791159
;;;;;;;;;;;;;;;;;;;;;;;;;;;;;;;;;;;;;;;;;;;;;;;;;;;;;;;;;;;;;
                    Settled (25) ;-;-;-;-;-;-;-;-;-;-;-;-;-;-;-;-;-;-;-;-;-;-;-;-;-;-;-;-;-;-;-;-;-;1573,405;739,934;577,65;290,295;1122,666;469,385;407,231;590,596;634,069;725,376;751,111;884,926;3535,56;2589,47;1475,241;1156,661;1072,993;997,209;1256,953;1693,605;1379,3142693398;1307,7745409435;927,387;841,035102;669,69;525,178;1100,668;1289,381799
;;;;;;;;;;;;;;;;;;;;;;;;;;;;;;;;;;;;;;;;;;;;;;;;;;;;;;;;;;;;;
          Other European Countries;-;-;-;-;-;-;-;-;-;-;-;-;-;-;-;-;-;-;-;-;-;-;-;-;-;-;-;-;-;-;-;-;-;-;-;-;-;-;-;-;-;-;-;-;-;-;-;-;-;-;-;-;-;-;-;-;-;-;-;-;-
;;;;;;;;;;;;;;;;;;;;;;;;;;;;;;;;;;;;;;;;;;;;;;;;;;;;;;;;;;;;;
                    Opened (25) ;-;-;-;-;-;-;-;-;-;-;-;-;-;-;-;-;-;-;-;-;-;-;-;-;-;-;-;-;-;-;-;-;-;1514,897;905,021;904,172;461,875;487,724;736,813;897,022;861,429;1725,801;1586,398;2464,531;3684,884;5435,984;1607,822;3445,443;1515,239;3788,127;1592,356;1445,028;1218,941;1716,397216602;2353,3234026103;2159,602;2340,048687;776,204;1120,133;1921,289;1204,275484
;;;;;;;;;;;;;;;;;;;;;;;;;;;;;;;;;;;;;;;;;;;;;;;;;;;;;;;;;;;;;
                    Settled (25) ;-;-;-;-;-;-;-;-;-;-;-;-;-;-;-;-;-;-;-;-;-;-;-;-;-;-;-;-;-;-;-;-;-;1073,327;826,563;590,176;578,115;447,828;728,31;844,274;827,957;893,305;1401,542;2181,597;2982,025;4492,504;1495,742;4212,321;1478,025;2646,946;2093,467;1237,154;1192,235;1328,65074778;1979,53487517;1501,13;1928,382898;1401,914;878,273;2211,525;758,414173
;;;;;;;;;;;;;;;;;;;;;;;;;;;;;;;;;;;;;;;;;;;;;;;;;;;;;;;;;;;;;
          Japan;-;-;-;-;-;-;-;-;-;-;-;-;-;-;-;-;-;-;-;-;-;-;-;-;-;-;-;-;-;-;-;-;-;-;-;-;-;-;-;-;-;-;-;-;-;-;-;-;-;-;-;-;-;-;-;-;-;-;-;-;-
;;;;;;;;;;;;;;;;;;;;;;;;;;;;;;;;;;;;;;;;;;;;;;;;;;;;;;;;;;;;;
                    Opened (25) ;-;-;-;-;-;-;-;-;-;-;-;-;-;-;-;-;-;-;-;-;-;-;-;-;-;-;-;-;-;-;-;-;-;7771,784;8345,535;9746,511;8352,744;7901,137;9897,608;10087,778;10291,768;11179,371;11616,906;12930,72;14397,827;16166,456;11707,421;15536,886;14593,404;21766,155;23005,8;17441,936;21142,292;11090,5829245603;7471,4351093672;4906,017;4586,64;4795,27;5403,595;5709,871;4491,426471
;;;;;;;;;;;;;;;;;;;;;;;;;;;;;;;;;;;;;;;;;;;;;;;;;;;;;;;;;;;;;
                    Settled (25) ;-;-;-;-;-;-;-;-;-;-;-;-;-;-;-;-;-;-;-;-;-;-;-;-;-;-;-;-;-;-;-;-;-;6486,269;8164,957;9772,566;8745,65;8034,368;10147,918;11096,701;10723,304;11706,604;15262,552;14582,328;19669,3;16813,337;13894,392;15885,387;17790,251;23124,842;24193,01;19090,68;21940,297;12628,6461169;7468,5257237138;5658,287;4430,1318;3925,617;5396,89;4500,596;3812,078772
;;;;;;;;;;;;;;;;;;;;;;;;;;;;;;;;;;;;;;;;;;;;;;;;;;;;;;;;;;;;;
          China;-;-;-;-;-;-;-;-;-;-;-;-;-;-;-;-;-;-;-;-;-;-;-;-;-;-;-;-;-;-;-;-;-;-;-;-;-;-;-;-;-;-;-;-;-;-;-;-;-;-;-;-;-;-;-;-;-;-;-;-;-
;;;;;;;;;;;;;;;;;;;;;;;;;;;;;;;;;;;;;;;;;;;;;;;;;;;;;;;;;;;;;
                    Opened (25) ;-;-;-;-;-;-;-;-;-;-;-;-;-;-;-;-;-;-;-;-;-;-;-;-;-;-;-;-;-;-;-;-;-;3720,898;2288,774;2485,435;1486,997;2292,722;2257,612;2539,465;3341,304;4487,949;5772,448;8646,223;9841,126;14905,959;9586,621;8063,492;10987,652;11011,74;10916,179;13023,452;11280,855;8763,9635451931;8574,4788157846;7992,956;8899,06514211;9254,986;9461,862;13199,05161137;12811,7075535
;;;;;;;;;;;;;;;;;;;;;;;;;;;;;;;;;;;;;;;;;;;;;;;;;;;;;;;;;;;;;
                    Settled (25) ;-;-;-;-;-;-;-;-;-;-;-;-;-;-;-;-;-;-;-;-;-;-;-;-;-;-;-;-;-;-;-;-;-;3445,259;2208,857;2260,495;1537,935;2454,218;2491,618;2171,565;2506,057;3467,286;4705,806;5545,553;9442,021;14369,144;9284,01;7413,9;9845,33;10682,338;9516,351;11998,368;11276,89;8464,154462947;7381,4067697764;7815,096;7504,71006704;7154,62891;8147,444;10479,524;9325,919033
;;;;;;;;;;;;;;;;;;;;;;;;;;;;;;;;;;;;;;;;;;;;;;;;;;;;;;;;;;;;;
          South Korea;-;-;-;-;-;-;-;-;-;-;-;-;-;-;-;-;-;-;-;-;-;-;-;-;-;-;-;-;-;-;-;-;-;-;-;-;-;-;-;-;-;-;-;-;-;-;-;-;-;-;-;-;-;-;-;-;-;-;-;-;-
;;;;;;;;;;;;;;;;;;;;;;;;;;;;;;;;;;;;;;;;;;;;;;;;;;;;;;;;;;;;;
                    Opened (25) ;-;-;-;-;-;-;-;-;-;-;-;-;-;-;-;-;-;-;-;-;-;-;-;-;-;-;-;-;-;-;-;-;-;4594,833;3824,574;4190,913;3449,715;3572,69;4224,731;4242,07;4374,618;4570,76;6196,74;7645,803;7129,991;8476,97;7692,216;12003,86;12544,777;15747,341;16231,424;18671,95;18444,667;13052,710556364;10924,2696067648;7044,125;9350,53217613;6543,619;8076,345;9327,05678856;10836,637635
;;;;;;;;;;;;;;;;;;;;;;;;;;;;;;;;;;;;;;;;;;;;;;;;;;;;;;;;;;;;;
                    Settled (25) ;-;-;-;-;-;-;-;-;-;-;-;-;-;-;-;-;-;-;-;-;-;-;-;-;-;-;-;-;-;-;-;-;-;4211,494;3454,162;3870,794;3087,722;3583,991;4222,779;3743,794;4022,185;4601,877;5148,848;5659,103;6726,783;8247,141;7458,515;10475,076;13050,402;17193,208;16121,008;19199,252;20145,476;11476,3914673558;8703,29288169;6541,969;8513,9768;5816,94012;6444,233;7725,992;8358,275174
;;;;;;;;;;;;;;;;;;;;;;;;;;;;;;;;;;;;;;;;;;;;;;;;;;;;;;;;;;;;;
          Other Asian Countries;-;-;-;-;-;-;-;-;-;-;-;-;-;-;-;-;-;-;-;-;-;-;-;-;-;-;-;-;-;-;-;-;-;-;-;-;-;-;-;-;-;-;-;-;-;-;-;-;-;-;-;-;-;-;-;-;-;-;-;-;-
;;;;;;;;;;;;;;;;;;;;;;;;;;;;;;;;;;;;;;;;;;;;;;;;;;;;;;;;;;;;;
                    Opened (25) ;-;-;-;-;-;-;-;-;-;-;-;-;-;-;-;-;-;-;-;-;-;-;-;-;-;-;-;-;-;-;-;-;-;6473,071;8697,741;8962,432;7785,02;7685,546;8992,699;8994,526;9865,868;12386,403;14459,109;16331,827;23446,474;21694,31;17678,226;23046,787;23862,06;27125,828;29925,252;28377,173;28228,635;19805,5211899348;12913,7406033992;13351,791;20313,43541554;21930,883;24397,996;25240,53475736;28948,060939
;;;;;;;;;;;;;;;;;;;;;;;;;;;;;;;;;;;;;;;;;;;;;;;;;;;;;;;;;;;;;
                    Settled (25) ;-;-;-;-;-;-;-;-;-;-;-;-;-;-;-;-;-;-;-;-;-;-;-;-;-;-;-;-;-;-;-;-;-;6533,938;7841,193;8210,737;8274,004;7540,812;8316,836;7741,642;8955,604;9708,625;12182,909;15437,866;17320,644;20839,373;16663,868;22724,714;23544,996;27973,539;29092,501;30108,638;30547,562;21342,8667814836;11674,9516183945;12322,863;16087,41418507;22302,65201;21782,853;25278,395;29875,011116
;;;;;;;;;;;;;;;;;;;;;;;;;;;;;;;;;;;;;;;;;;;;;;;;;;;;;;;;;;;;;
          Arab Countries;-;-;-;-;-;-;-;-;-;-;-;-;-;-;-;-;-;-;-;-;-;-;-;-;-;-;-;-;-;-;-;-;-;-;-;-;-;-;-;-;-;-;-;-;-;-;-;-;-;-;-;-;-;-;-;-;-;-;-;-;-
;;;;;;;;;;;;;;;;;;;;;;;;;;;;;;;;;;;;;;;;;;;;;;;;;;;;;;;;;;;;;
                    Opened (25) ;-;-;-;-;-;-;-;-;-;-;-;-;-;-;-;-;-;-;-;-;-;-;-;-;-;-;-;-;-;-;-;-;-;1272,473;1491,813;1184,945;814,175;1588,194;1175,178;1481,361;2028,296;2531,164;3776,441;4241,004;5066,06;16345,73;10342,883;7178,706;4941,699;4834,804;4479,852;8306,98;3872,169;2794,7177341143;3996,8466461561;3402,549;2414,0946;1898,492;2603,212;4594,407;3806,4204905
;;;;;;;;;;;;;;;;;;;;;;;;;;;;;;;;;;;;;;;;;;;;;;;;;;;;;;;;;;;;;
                    Settled (25) ;-;-;-;-;-;-;-;-;-;-;-;-;-;-;-;-;-;-;-;-;-;-;-;-;-;-;-;-;-;-;-;-;-;1122,18;1115,439;1159,749;712,927;1373,76;1021,412;1250,31;1650,882;2095,533;3064,32;3431,286;4045,573;11890,106;9553,636;6115,232;5259,749;5023,984;4024,266;6473,529;5290,939;2682,3632042561;3253,8174696584;4534,493;2398,391335;1652,97475;1854,739;3399,935;3490,155601
;;;;;;;;;;;;;;;;;;;;;;;;;;;;;;;;;;;;;;;;;;;;;;;;;;;;;;;;;;;;;
          Other Countries;-;-;-;-;-;-;-;-;-;-;-;-;-;-;-;-;-;-;-;-;-;-;-;-;-;-;-;-;-;-;-;-;-;-;-;-;-;-;-;-;-;-;-;-;-;-;-;-;-;-;-;-;-;-;-;-;-;-;-;-;-
;;;;;;;;;;;;;;;;;;;;;;;;;;;;;;;;;;;;;;;;;;;;;;;;;;;;;;;;;;;;;
                    Opened (25) ;-;-;-;-;-;-;-;-;-;-;-;-;-;-;-;-;-;-;-;-;-;-;-;-;-;-;-;-;-;-;-;-;-;3464,457;2474,458;2188,567;1297,449;1504,014;1808,756;2628,647;2509,394;4147,445;3797,611;3873,61;5473,08;6177,649;2781,151;2643,976;9758,192;4047,242;3206,774;4889,566;3429,033;3062,9966612749;2495,3364729074;2120,314;2564,03707137;3880,732;6348,028;6000,28282274;4949,567555
;;;;;;;;;;;;;;;;;;;;;;;;;;;;;;;;;;;;;;;;;;;;;;;;;;;;;;;;;;;;;
                    Settled (25) ;-;-;-;-;-;-;-;-;-;-;-;-;-;-;-;-;-;-;-;-;-;-;-;-;-;-;-;-;-;-;-;-;-;3961,948;6671,744;1725,892;1417,143;1548,364;1813,849;2874,229;3301,667;3299,772;3141,453;4080,085;4424,347;6193,87;2836,038;2354,697;8263,912;3904,251;3631,342;4599,679;3923,079;2409,54144723;2390,3227114832;2162,015;2180,85678714;3098,81958;4737,084;5470,475;4597,842344
;;;;;;;;;;;;;;;;;;;;;;;;;;;;;;;;;;;;;;;;;;;;;;;;;;;;;;;;;;;;;
          TOTAL;-;-;-;-;-;-;-;-;-;-;-;-;-;-;-;-;-;-;-;-;-;-;-;-;-;-;-;-;-;-;-;-;-;-;-;-;-;-;-;-;-;-;-;-;-;-;-;-;-;-;-;-;-;-;-;-;-;-;-;-;-
;;;;;;;;;;;;;;;;;;;;;;;;;;;;;;;;;;;;;;;;;;;;;;;;;;;;;;;;;;;;;
                    Opened (25) ;-;-;-;-;-;-;-;-;-;-;-;-;-;-;-;-;-;-;-;-;-;-;-;-;-;-;-;-;-;-;-;-;-;51440,697;53344,13;55661,165;45032,966;49728,524;54427,439;57152,92;63548,9;78161,231;88087,013;103945,918;132847,473;171816,75;120732,502;153173,28;176808,764;204440,821;203405,443;201847,499;186081,724;133073,614693111;113754,32457003;105470,263;115715,33510188;99916,605;120236,766;152267,73630525;148834,159266
;;;;;;;;;;;;;;;;;;;;;;;;;;;;;;;;;;;;;;;;;;;;;;;;;;;;;;;;;;;;;
                    Settled (25) ;-;-;-;-;-;-;-;-;-;-;-;-;-;-;-;-;-;-;-;-;-;-;-;-;-;-;-;-;-;-;-;-;-;46356,864;51891,161;50574,146;44145,042;47533,011;55406,123;54102,053;58839,949;64688,893;79295,449;87889,488;113566,576;150356,84;120168,08;134648,604;160591,505;183018,608;186504,089;181250,864;181362,822;129102,269518662;103927,791545707;99639,053;101618,58564322;94230,80683;100597,052;121775,736;122554,983227
;;;;;;;;;;;;;;;;;;;;;;;;;;;;;;;;;;;;;;;;;;;;;;;;;;;;;;;;;;;;;
Private Sector Exports Financed Through Commercial Banks  (Letters of Credit by Products);-;-;-;-;-;-;-;-;-;-;-;-;-;-;-;-;-;-;-;-;-;-;-;-;-;-;-;-;-;-;-;-;-;-;-;-;-;-;-;-;-;-;-;-;-;-;-;-;-;-;-;-;-;-;-;-;-;-;-;-;-
;;;;;;;;;;;;;;;;;;;;;;;;;;;;;;;;;;;;;;;;;;;;;;;;;;;;;;;;;;;;;
                    Opened (26) ;-;-;-;-;-;-;-;-;-;-;-;-;-;-;-;-;-;-;-;-;-;-;-;-;-;-;-;-;-;-;-;-;-;572,403;463,266;401,002;1031,744;730,773;498,007;310,258;562,613;241,933;496,135;473,601;1596,085;2259,018;2181,722;2189,256;1506,021;3570,05;625,821;407,508;408,879;149,661;341,77;133,471;222,517;340,83489;701,237;478,298;743,004187535
;;;;;;;;;;;;;;;;;;;;;;;;;;;;;;;;;;;;;;;;;;;;;;;;;;;;;;;;;;;;;
                    Settled (26) ;-;-;-;-;-;-;-;-;-;-;-;-;-;-;-;-;-;-;-;-;-;-;-;-;-;-;-;-;-;-;-;-;-;394,131;324,181;565,236;297,042;260,117;135,963;186,553;227,858;117,233;103,683;91,783;301,717;440,31;1043,176;1725,966;1557,107;1492,413;463,633;495,879;370,867;220,6137981317;110,7177710011;92,641;168,123;228,42794;380,969;624,017;383,345
;;;;;;;;;;;;;;;;;;;;;;;;;;;;;;;;;;;;;;;;;;;;;;;;;;;;;;;;;;;;;
                    Opened (26) ;-;-;-;-;-;-;-;-;-;-;-;-;-;-;-;-;-;-;-;-;-;-;-;-;-;-;-;-;-;-;-;-;-;5012,829;5739,129;3783,085;4094,721;4705,079;4511,037;8213,749;8235,353;7931,919;12665,558;11981,286;17221,367;19693,459;6573,345;9019,834;9000,333;10333,794;7434,689;8676,127;7952,589;5108,941;12102,089;15841,567;9304,74855;6994,24662;28054,164;32689,023;25260,463
;;;;;;;;;;;;;;;;;;;;;;;;;;;;;;;;;;;;;;;;;;;;;;;;;;;;;;;;;;;;;
                    Settled (26) ;-;-;-;-;-;-;-;-;-;-;-;-;-;-;-;-;-;-;-;-;-;-;-;-;-;-;-;-;-;-;-;-;-;3943,417;4031,756;3075,391;2539,684;3829,199;3188,643;3146,83;3595,336;4821,652;5878,608;6361,519;6690,953;7453,641;4820,983;8077,915;7715,599;9326,685;5861,741;7173,485;6098,417;3423,534;3615,379;4259,934;2616,69352;1760,42966;11503,042;16881,435;10082,779
;;;;;;;;;;;;;;;;;;;;;;;;;;;;;;;;;;;;;;;;;;;;;;;;;;;;;;;;;;;;;
                    Opened (26) ;-;-;-;-;-;-;-;-;-;-;-;-;-;-;-;-;-;-;-;-;-;-;-;-;-;-;-;-;-;-;-;-;-;6964,019;12389,437;11305,503;11569,442;17013,978;16129,656;12961,487;22188,265;31555,061;35764,287;54370,838;64973,657;94915,06;52211,073;66733,474;99419,908;126261,463;149646,704;114284,892;74069,392;52599,369647268;57504,3875490466;58251,435;47292,709048;48382,765;61887,87331;68310,782;63306,081788683
;;;;;;;;;;;;;;;;;;;;;;;;;;;;;;;;;;;;;;;;;;;;;;;;;;;;;;;;;;;;;
                    Settled (26) ;-;-;-;-;-;-;-;-;-;-;-;-;-;-;-;-;-;-;-;-;-;-;-;-;-;-;-;-;-;-;-;-;-;6052,62;6314,675;5215,293;7557,112;9040,572;8308,083;7617,166;8661,896;9741,712;10965,592;17875,692;23793,756;33858,667;27406,137;32495,078;38404,563;37189,288;42746,409;41417,916;44098,632;38556,8060317269;37154,1631765338;40128,407;34075,840535;32152,66869187;33102,44;43283,9443925;44330,016
;;;;;;;;;;;;;;;;;;;;;;;;;;;;;;;;;;;;;;;;;;;;;;;;;;;;;;;;;;;;;
                    Opened (26) ;-;-;-;-;-;-;-;-;-;-;-;-;-;-;-;-;-;-;-;-;-;-;-;-;-;-;-;-;-;-;-;-;-;12549,251;18591,832;15489,59;16695,907;22449,83;21138,7;21485,494;30986,231;39728,913;48925,98;66825,725;83791,109;116867,537;60966,14;77942,564;109926,262;140165,307;157707,214;123368,527;82430,86;57857,971647268;69948,2465490466;74226,473;56819,974598;55717,84651;90643,27431;101478,103;89309,548976218
;;;;;;;;;;;;;;;;;;;;;;;;;;;;;;;;;;;;;;;;;;;;;;;;;;;;;;;;;;;;;
                    Settled (26) ;-;-;-;-;-;-;-;-;-;-;-;-;-;-;-;-;-;-;-;-;-;-;-;-;-;-;-;-;-;-;-;-;-;10390,168;10670,612;8855,92;10393,838;13129,888;11632,689;10950,549;12485,09;14680,597;16947,883;24328,994;30786,426;41752,618;33270,296;42298,959;47677,269;48008,386;49071,783;49087,28;50567,916;42200,9538298586;40880,2599475349;44480,982;36860,657055;34141,52629187;44986,451;60789,3963925;54796,14
;;;;;;;;;;;;;;;;;;;;;;;;;;;;;;;;;;;;;;;;;;;;;;;;;;;;;;;;;;;;;
          Agricultural & Animal Products;-;-;-;-;-;-;-;-;-;-;-;-;-;-;-;-;-;-;-;-;-;-;-;-;-;-;-;-;-;-;-;-;-;-;-;-;-;-;-;-;-;-;-;-;-;-;-;-;-;-;-;-;-;-;-;-;-;-;-;-;-
;;;;;;;;;;;;;;;;;;;;;;;;;;;;;;;;;;;;;;;;;;;;;;;;;;;;;;;;;;;;;
          Chemicals & Plastics;-;-;-;-;-;-;-;-;-;-;-;-;-;-;-;-;-;-;-;-;-;-;-;-;-;-;-;-;-;-;-;-;-;-;-;-;-;-;-;-;-;-;-;-;-;-;-;-;-;-;-;-;-;-;-;-;-;-;-;-;-
;;;;;;;;;;;;;;;;;;;;;;;;;;;;;;;;;;;;;;;;;;;;;;;;;;;;;;;;;;;;;
          Other Industrial Products;-;-;-;-;-;-;-;-;-;-;-;-;-;-;-;-;-;-;-;-;-;-;-;-;-;-;-;-;-;-;-;-;-;-;-;-;-;-;-;-;-;-;-;-;-;-;-;-;-;-;-;-;-;-;-;-;-;-;-;-;-
;;;;;;;;;;;;;;;;;;;;;;;;;;;;;;;;;;;;;;;;;;;;;;;;;;;;;;;;;;;;;
          Total;-;-;-;-;-;-;-;-;-;-;-;-;-;-;-;-;-;-;-;-;-;-;-;-;-;-;-;-;-;-;-;-;-;-;-;-;-;-;-;-;-;-;-;-;-;-;-;-;-;-;-;-;-;-;-;-;-;-;-;-;-
;;;;;;;;;;;;;;;;;;;;;;;;;;;;;;;;;;;;;;;;;;;;;;;;;;;;;;;;;;;;;
Private Sector Exports Financed Through Commercial Banks (Letters of Credit by Importing Countries);-;-;-;-;-;-;-;-;-;-;-;-;-;-;-;-;-;-;-;-;-;-;-;-;-;-;-;-;-;-;-;-;-;-;-;-;-;-;-;-;-;-;-;-;-;-;-;-;-;-;-;-;-;-;-;-;-;-;-;-;-
;;;;;;;;;;;;;;;;;;;;;;;;;;;;;;;;;;;;;;;;;;;;;;;;;;;;;;;;;;;;;
                    Opened (24) ;-;-;-;-;-;-;-;-;-;-;-;-;-;-;-;-;-;-;-;-;-;-;-;-;-;-;-;-;-;-;-;-;-;3590,807;4985,089;5446,278;4966,483;6441,728;6167,067;5469,189;6116,015;7102,37;8117,788;13857,263;18981,823;23809,685;16091,029;20415,444;29359,098;40608,144;49317,561;41972,535;39769,917;31129,621;34526,669;29087,806;24914,132015;24703,742;31357,493;37799,188;45101,175798
;;;;;;;;;;;;;;;;;;;;;;;;;;;;;;;;;;;;;;;;;;;;;;;;;;;;;;;;;;;;;
                    Settled (24) ;-;-;-;-;-;-;-;-;-;-;-;-;-;-;-;-;-;-;-;-;-;-;-;-;-;-;-;-;-;-;-;-;-;2986,978;3128,855;3532,026;4366,516;4931,598;4995,653;4133,807;4410,877;4680,065;5284,142;9520,129;14463,275;18527,038;14610,574;15749,819;18835,249;24657,195;28674,179;28353,79;34569,699;30632,9757989115;27905,6096284683;27893,357;26726,559;21122,55823;25845,102;30616,135;37864,311
;;;;;;;;;;;;;;;;;;;;;;;;;;;;;;;;;;;;;;;;;;;;;;;;;;;;;;;;;;;;;
                    Opened (24) ;-;-;-;-;-;-;-;-;-;-;-;-;-;-;-;-;-;-;-;-;-;-;-;-;-;-;-;-;-;-;-;-;-;1797,369;1887,002;2047,271;2043,796;2374,335;2568,539;3323,958;4742,201;6066,508;8499,756;7472,754;8971,613;15891,715;8416,617;8696,981;11073,236;9825,574;11269,031;11072,408;4148,436;2373,17908495;7144,5211692;7187,01;3890,268;9378,58689;11274,26331;15784,816;12421,741062
;;;;;;;;;;;;;;;;;;;;;;;;;;;;;;;;;;;;;;;;;;;;;;;;;;;;;;;;;;;;;
                    Settled (24) ;-;-;-;-;-;-;-;-;-;-;-;-;-;-;-;-;-;-;-;-;-;-;-;-;-;-;-;-;-;-;-;-;-;1451,864;1400,242;1519,575;1348,361;1807,012;1802,192;1624,274;2173,527;2879,435;3545,692;4127,788;3991,815;7375,564;5328,178;5947,005;5369,309;4708,573;4431,39;4636,091;3728,445;2468,9344652217;2419,6938113955;3353,366;1579,720535;5938,47840187;5649,947;11933,878;4223,891
;;;;;;;;;;;;;;;;;;;;;;;;;;;;;;;;;;;;;;;;;;;;;;;;;;;;;;;;;;;;;
                    Opened (24) ;-;-;-;-;-;-;-;-;-;-;-;-;-;-;-;-;-;-;-;-;-;-;-;-;-;-;-;-;-;-;-;-;-;200,987;211,762;108,583;883,956;897,94;797,377;619,176;628,003;909,548;695,077;646,374;282,31;847,841;280,194;1464,462;435,716;359,708;281,187;295,295;336,852;1491,219;420,608;517,22;308,722;782,522;1062,775;1506,72;1441,369
;;;;;;;;;;;;;;;;;;;;;;;;;;;;;;;;;;;;;;;;;;;;;;;;;;;;;;;;;;;;;
                    Settled (24) ;-;-;-;-;-;-;-;-;-;-;-;-;-;-;-;-;-;-;-;-;-;-;-;-;-;-;-;-;-;-;-;-;-;188,345;133,824;51,4;84,252;176,284;537,396;379,458;170,042;359,506;181,394;272,019;117,529;58,21;91,319;485,954;85,296;175,607;68,386;199,876;151,237;242,884;331,63;436,074;384,457;411,92;1193,186;1049,774;504,646
;;;;;;;;;;;;;;;;;;;;;;;;;;;;;;;;;;;;;;;;;;;;;;;;;;;;;;;;;;;;;
                    Opened (24) ;-;-;-;-;-;-;-;-;-;-;-;-;-;-;-;-;-;-;-;-;-;-;-;-;-;-;-;-;-;-;-;-;-;14,089;4,16;2,446;5,562;20,932;3,339;0,094;6,142;4,428;2,396;1,534;3,161;111,07;69,172;512,702;809,614;3203,46;3095,148;2096,022;1224,741;2336,97;2109,361;1372,24;2405,901;1454,578;6177,136;361,181;121,961
;;;;;;;;;;;;;;;;;;;;;;;;;;;;;;;;;;;;;;;;;;;;;;;;;;;;;;;;;;;;;
                    Settled (24) ;-;-;-;-;-;-;-;-;-;-;-;-;-;-;-;-;-;-;-;-;-;-;-;-;-;-;-;-;-;-;-;-;-;11,361;2,566;0,139;24,014;13,982;0,187;0,29;5,145;4,58;10,472;0,71;4,059;2,574;53,909;225,48;259,591;1633,524;2191,702;797,788;825,344;1970,576;2213,333;1364,307;678,983;90,267;331,496;394,589;123,742
;;;;;;;;;;;;;;;;;;;;;;;;;;;;;;;;;;;;;;;;;;;;;;;;;;;;;;;;;;;;;
                    Opened (24) ;-;-;-;-;-;-;-;-;-;-;-;-;-;-;-;-;-;-;-;-;-;-;-;-;-;-;-;-;-;-;-;-;-;912,42;2213,25;1153,068;1450,163;2518,956;3128,588;2502,612;2357,997;1832,219;2309,239;3294,543;4166,612;2963,472;1640,224;3389,772;4088,413;3111,241;3302,353;2130,354;1200,508;850,401;2056,462;2629,47;1594,100078;732,693;2393,072;7307,538;7263,729239
;;;;;;;;;;;;;;;;;;;;;;;;;;;;;;;;;;;;;;;;;;;;;;;;;;;;;;;;;;;;;
                    Settled (24) ;-;-;-;-;-;-;-;-;-;-;-;-;-;-;-;-;-;-;-;-;-;-;-;-;-;-;-;-;-;-;-;-;-;479,439;638,675;499,488;451,806;741,702;636,92;882,305;1270,064;680,437;658,481;859,827;1831,04;1297,182;1055,365;1419,03;2251,142;1170,986;1742,052;712,798;768,484;443,629197;806,13136;1472,667;957,103;419,954;1128,092;1778,278;1769,498
;;;;;;;;;;;;;;;;;;;;;;;;;;;;;;;;;;;;;;;;;;;;;;;;;;;;;;;;;;;;;
                    Opened (24) ;-;-;-;-;-;-;-;-;-;-;-;-;-;-;-;-;-;-;-;-;-;-;-;-;-;-;-;-;-;-;-;-;-;480,616;787,542;112,656;582,983;1287,331;374,661;673,1;190,68;1490,922;2352,748;4174,167;3969,252;2487,006;420,748;220,65;3087,108;3551,939;1829,46;3945,578;3179,847;2895,701;3585,904;2291,318;62,204374;449,682;2153,535;1309,036;809,99218
;;;;;;;;;;;;;;;;;;;;;;;;;;;;;;;;;;;;;;;;;;;;;;;;;;;;;;;;;;;;;
                    Settled (24) ;-;-;-;-;-;-;-;-;-;-;-;-;-;-;-;-;-;-;-;-;-;-;-;-;-;-;-;-;-;-;-;-;-;337,544;275,38;60,399;84,527;52,607;51,828;79,349;43,025;163,369;251,44;162,265;215,993;675,531;358,273;185,526;426,919;520,825;369,317;335,832;417,208;313,711;484,5677732367;304,51;48,858;168,799;61,321;96,494;89,461
;;;;;;;;;;;;;;;;;;;;;;;;;;;;;;;;;;;;;;;;;;;;;;;;;;;;;;;;;;;;;
                    Opened (24) ;-;-;-;-;-;-;-;-;-;-;-;-;-;-;-;-;-;-;-;-;-;-;-;-;-;-;-;-;-;-;-;-;-;5552,963;8503,027;6619,288;6762,964;8908,608;8099,129;8897,365;16945,193;22322,918;26948,976;37379,09;47416,338;70756,748;34048,156;43242,553;61073,077;79505,241;88612,474;61856,335;32570,559;16780,88050521;20104,721377425;31141,409;23644,647131;18216,04262;36225;37409,624;22149,580693
;;;;;;;;;;;;;;;;;;;;;;;;;;;;;;;;;;;;;;;;;;;;;;;;;;;;;;;;;;;;;
                    Settled (24) ;-;-;-;-;-;-;-;-;-;-;-;-;-;-;-;-;-;-;-;-;-;-;-;-;-;-;-;-;-;-;-;-;-;4934,637;5091,07;3192,893;4034,362;5406,703;3608,513;3851,066;4412,41;5913,205;7016,262;9386,256;10162,715;13816,519;11772,678;18286,145;20449,763;15141,676;11594,757;14051,105;10107,499;6128,2433991288;6719,2943744343;9656,701;6484,97652;5989,54966;10777,307;14920,2483925;10220,591
;;;;;;;;;;;;;;;;;;;;;;;;;;;;;;;;;;;;;;;;;;;;;;;;;;;;;;;;;;;;;
                    Opened (24) ;-;-;-;-;-;-;-;-;-;-;-;-;-;-;-;-;-;-;-;-;-;-;-;-;-;-;-;-;-;-;-;-;-;12549,251;18591,832;15489,59;16695,907;22449,83;21138,7;21485,494;30986,231;39728,913;48925,98;66825,725;83791,109;116867,537;60966,14;77942,564;109926,262;140165,307;157707,214;123368,527;82430,86;57857,97159016;69948,246546625;74226,473;56819,974598;55717,84651;90643,27431;101478,103;89309,548972
;;;;;;;;;;;;;;;;;;;;;;;;;;;;;;;;;;;;;;;;;;;;;;;;;;;;;;;;;;;;;
                    Settled (24) ;-;-;-;-;-;-;-;-;-;-;-;-;-;-;-;-;-;-;-;-;-;-;-;-;-;-;-;-;-;-;-;-;-;10390,168;10670,612;8855,92;10393,838;13129,888;11632,689;10950,549;12485,09;14680,597;16947,883;24328,994;30786,426;41752,618;33270,296;42298,959;47677,269;48008,386;49071,783;49087,28;50567,916;42200,953860262;40880,2599475348;44480,982;36860,657055;34141,52629187;44986,451;60789,3963925;54796,14
;;;;;;;;;;;;;;;;;;;;;;;;;;;;;;;;;;;;;;;;;;;;;;;;;;;;;;;;;;;;;
          GCC  Countries;-;-;-;-;-;-;-;-;-;-;-;-;-;-;-;-;-;-;-;-;-;-;-;-;-;-;-;-;-;-;-;-;-;-;-;-;-;-;-;-;-;-;-;-;-;-;-;-;-;-;-;-;-;-;-;-;-;-;-;-;-
;;;;;;;;;;;;;;;;;;;;;;;;;;;;;;;;;;;;;;;;;;;;;;;;;;;;;;;;;;;;;
          Arab Countries;-;-;-;-;-;-;-;-;-;-;-;-;-;-;-;-;-;-;-;-;-;-;-;-;-;-;-;-;-;-;-;-;-;-;-;-;-;-;-;-;-;-;-;-;-;-;-;-;-;-;-;-;-;-;-;-;-;-;-;-;-
;;;;;;;;;;;;;;;;;;;;;;;;;;;;;;;;;;;;;;;;;;;;;;;;;;;;;;;;;;;;;
          North America;-;-;-;-;-;-;-;-;-;-;-;-;-;-;-;-;-;-;-;-;-;-;-;-;-;-;-;-;-;-;-;-;-;-;-;-;-;-;-;-;-;-;-;-;-;-;-;-;-;-;-;-;-;-;-;-;-;-;-;-;-
;;;;;;;;;;;;;;;;;;;;;;;;;;;;;;;;;;;;;;;;;;;;;;;;;;;;;;;;;;;;;
          Latin America;-;-;-;-;-;-;-;-;-;-;-;-;-;-;-;-;-;-;-;-;-;-;-;-;-;-;-;-;-;-;-;-;-;-;-;-;-;-;-;-;-;-;-;-;-;-;-;-;-;-;-;-;-;-;-;-;-;-;-;-;-
;;;;;;;;;;;;;;;;;;;;;;;;;;;;;;;;;;;;;;;;;;;;;;;;;;;;;;;;;;;;;
          Western Europe;-;-;-;-;-;-;-;-;-;-;-;-;-;-;-;-;-;-;-;-;-;-;-;-;-;-;-;-;-;-;-;-;-;-;-;-;-;-;-;-;-;-;-;-;-;-;-;-;-;-;-;-;-;-;-;-;-;-;-;-;-
;;;;;;;;;;;;;;;;;;;;;;;;;;;;;;;;;;;;;;;;;;;;;;;;;;;;;;;;;;;;;
          Other European;-;-;-;-;-;-;-;-;-;-;-;-;-;-;-;-;-;-;-;-;-;-;-;-;-;-;-;-;-;-;-;-;-;-;-;-;-;-;-;-;-;-;-;-;-;-;-;-;-;-;-;-;-;-;-;-;-;-;-;-;-
;;;;;;;;;;;;;;;;;;;;;;;;;;;;;;;;;;;;;;;;;;;;;;;;;;;;;;;;;;;;;
          Other  Countries;-;-;-;-;-;-;-;-;-;-;-;-;-;-;-;-;-;-;-;-;-;-;-;-;-;-;-;-;-;-;-;-;-;-;-;-;-;-;-;-;-;-;-;-;-;-;-;-;-;-;-;-;-;-;-;-;-;-;-;-;-
;;;;;;;;;;;;;;;;;;;;;;;;;;;;;;;;;;;;;;;;;;;;;;;;;;;;;;;;;;;;;
          Total;-;-;-;-;-;-;-;-;-;-;-;-;-;-;-;-;-;-;-;-;-;-;-;-;-;-;-;-;-;-;-;-;-;-;-;-;-;-;-;-;-;-;-;-;-;-;-;-;-;-;-;-;-;-;-;-;-;-;-;-;-
;;;;;;;;;;;;;;;;;;;;;;;;;;;;;;;;;;;;;;;;;;;;;;;;;;;;;;;;;;;;;
Bank Deposits Distributed By Type;-;-;-;-;-;-;-;-;-;-;-;-;-;-;-;-;-;-;-;-;-;-;-;-;-;-;-;-;-;-;-;-;-;-;-;-;-;-;-;-;-;-;-;-;-;-;-;-;-;-;-;-;-;-;-;-;-;-;-;-;-
;;;;;;;;;;;;;;;;;;;;;;;;;;;;;;;;;;;;;;;;;;;;;;;;;;;;;;;;;;;;;
          Demand Deposits (27) ;-;-;-;-;-;-;-;-;-;-;-;-;-;-;-;-;-;-;-;-;-;-;-;-;-;-;-;-;-;-;78879,959;80679,357;81383,933;89890,221;95360,545;95253,268;101604,895;114480,931;130192,471;150009,862;167577,202;211170,238;219251,036;243417,691;311365,062;342487,682;433162,212;530072,227;642093,67;756555,345;860270,196;991384,41;980150,664;976086,198808325;1002467,74800831;1040664,95184748;1099151,08319698;1282591,31982632;1360108,16626135;1328160,3574;1312330,29183468
;;;;;;;;;;;;;;;;;;;;;;;;;;;;;;;;;;;;;;;;;;;;;;;;;;;;;;;;;;;;;
          Business & Individuals (27) ;-;-;-;-;-;-;-;-;-;-;-;-;-;-;-;-;-;-;-;-;-;-;-;-;-;-;-;-;-;-;76796,959;77318,837;78781,585;87696,2;92253,951;92648,315;98974,74;110822,978;126828,797;147029,341;163830,522;199284,54;208041,205;229289,303;284716,883;327208,764;413627,502;492431,446;612684,091;697806,738;804570,879;932255,7;928048,656;914430,702674325;895303,89642767;928548,77884748;1005893,28319698;1137481,67982632;1192849,54026135;1155575,884;1093780,01250668
;;;;;;;;;;;;;;;;;;;;;;;;;;;;;;;;;;;;;;;;;;;;;;;;;;;;;;;;;;;;;
          Government Entities (27) ;-;-;-;-;-;-;-;-;-;-;-;-;-;-;-;-;-;-;-;-;-;-;-;-;-;-;-;-;-;-;2083;3360,52;2602,348;2194,021;3106,594;2604,953;2630,155;3657,953;3363,674;2980,521;3746,68;11885,698;11209,831;14128,388;26648,179;15278,918;19534,71;37640,781;29409,579;58748,607;55699,317;59128,71;52102,008;61655,496134;107163,85158064;112116,173;93257,8;145109,64;167258,626;172584,4734;218550,279328
;;;;;;;;;;;;;;;;;;;;;;;;;;;;;;;;;;;;;;;;;;;;;;;;;;;;;;;;;;;;;
           Time & Savings (27) ;-;-;-;-;-;-;-;-;-;-;-;-;-;-;-;-;-;-;-;-;-;-;-;-;-;-;-;-;-;-;47892,339;51417,12;61222,523;71080,751;77165,538;83436,098;85341,415;90832,006;91684,591;108028,195;113381,881;136672,88;165266,397;226026,745;283059,125;367623,877;323377,029;298282,546;316400,646;329679,868;350266,485;403419,45;439377,329;496019,30788064;454152,05919544;443022,41314938;501666,91848965;473966,98055585;495334,36669822;654764,27135;864069,42390418
;;;;;;;;;;;;;;;;;;;;;;;;;;;;;;;;;;;;;;;;;;;;;;;;;;;;;;;;;;;;;
          Business & Individuals (27) ;-;-;-;-;-;-;-;-;-;-;-;-;-;-;-;-;-;-;-;-;-;-;-;-;-;-;-;-;-;-;30574,772;31996,662;38022,296;44238,746;46286,611;45812,4;49799,655;53779,024;49152,743;64257,72;66821,26;84409,093;105474,429;145950,809;189705,056;242853,766;202388,03;182949,026;193477,619;203601,633;199383,631;172993,642;221750,062;274643,98286095;253390,90731838;274525,14014938;261730,74148965;262326,18655585;259387,49469822;313679,63845;440709,94394418
;;;;;;;;;;;;;;;;;;;;;;;;;;;;;;;;;;;;;;;;;;;;;;;;;;;;;;;;;;;;;
          Government Entities (27) ;-;-;-;-;-;-;-;-;-;-;-;-;-;-;-;-;-;-;-;-;-;-;-;-;-;-;-;-;-;-;17317,567;19420,458;23200,227;26842,005;30878,927;37623,698;35541,76;37052,982;42531,848;43770,475;46560,621;52263,787;59791,968;80075,936;93354,069;124770,111;120988,999;115333,52;122923,027;126078,235;150882,854;230425,808;217627,267;221375,32501969;200761,15187706;168497,273;239936,177;211640,794;235946,872;341084,6329;423359,47996
;;;;;;;;;;;;;;;;;;;;;;;;;;;;;;;;;;;;;;;;;;;;;;;;;;;;;;;;;;;;;
          Other Quasi-Money* (27) ;-;-;-;-;-;-;-;-;-;-;-;-;-;-;-;-;-;-;-;-;-;-;-;-;-;-;-;-;-;-;59027,66;59169,37;56075,251;54313,953;54199,523;59547,916;63439,317;62656,915;68902,386;79841,297;80703,041;87691,664;104542,462;121499,516;123139,628;136006,62;184009,189;156495,171;161149,603;188717,559;207393,726;193335,18;197562,28;157279,108571845;176505,21473534;189825,56086021;195161,18214797;186425,206063303;249011,38056003;312481,682124;297058,62959233
;;;;;;;;;;;;;;;;;;;;;;;;;;;;;;;;;;;;;;;;;;;;;;;;;;;;;;;;;;;;;
          In Foreign Currency (27) ;-;-;-;-;-;-;-;-;-;-;-;-;-;-;-;-;-;-;-;-;-;-;-;-;-;-;-;-;-;-;48176,916;46919,799;45838,394;43757,92;44524,56;50144,02;48928,523;48793,682;50072,721;59572,911;63826,843;64844,591;77408,56;102264,366;100631,423;111970,587;160729,793;123096,904;140425,257;165761,578;178240,416;163050,468;164481,358;128943,789684815;144333,34228296;149976,08643904;155039,22824044;144063,902706083;200448,88141003;257553,049909;243548,40482787
;;;;;;;;;;;;;;;;;;;;;;;;;;;;;;;;;;;;;;;;;;;;;;;;;;;;;;;;;;;;;
          Business & Individuals (27) ;-;-;-;-;-;-;-;-;-;-;-;-;-;-;-;-;-;-;-;-;-;-;-;-;-;-;-;-;-;-;39081,071;40059,993;40160,065;37396,213;36243,599;44106,429;43607,84;42986,342;43874,858;54053,168;55275,779;53543,647;67618,763;80103,049;76675,388;73324,701;81623,877;70785,357;75042,42;84597,383;80657,777;95383,633;84371,133;98642,10481396;102755,70343547;87520,90743904;82748,32624044;76124,970706083;92391,48341003;120032,756469;112900,81539787
;;;;;;;;;;;;;;;;;;;;;;;;;;;;;;;;;;;;;;;;;;;;;;;;;;;;;;;;;;;;;
          Government Entities (27) ;-;-;-;-;-;-;-;-;-;-;-;-;-;-;-;-;-;-;-;-;-;-;-;-;-;-;-;-;-;-;9095,845;6859,806;5678,329;6361,707;8280,961;6037,591;5320,683;5807,34;6197,863;5519,743;8551,064;11300,944;9789,797;22161,317;23956,035;38645,886;79105,916;52311,547;65382,837;81164,195;97582,639;67666,835;80110,225;30301,6848708548;41577,63884749;62455,179;72290,902;67938,932;108057,398;137520,29344;130647,58943
;;;;;;;;;;;;;;;;;;;;;;;;;;;;;;;;;;;;;;;;;;;;;;;;;;;;;;;;;;;;;
          Letters of Credit (27) ;-;-;-;-;-;-;-;-;-;-;-;-;-;-;-;-;-;-;-;-;-;-;-;-;-;-;-;-;-;-;3066,737;2887,69;2717,936;3788,956;3131,616;3018,069;2646,178;2662,319;2671,067;3311,195;2836,914;6365,35;8183,096;7664,829;9682,781;15825,221;14769,991;23649,697;8387,794;9988,24;12862,712;14064,854;16316,823;18085,01497148;18517,02226009;25409,32742117;24190,72090753;25972,84935722;28669,37815;39932,206885;37826,38887246
;;;;;;;;;;;;;;;;;;;;;;;;;;;;;;;;;;;;;;;;;;;;;;;;;;;;;;;;;;;;;
          Repo Transactions (27) ;-;-;-;-;-;-;-;-;-;-;-;-;-;-;-;-;-;-;-;-;-;-;-;-;-;-;-;-;-;-;3630,061;4937,897;3666,607;1991,344;2722,983;3451,01;6878,622;6531,579;12081,056;12167,415;8255,738;9075,888;11269,21;3964,497;3910,038;657,834;220,23;14;10;10;35,11;70;13,89;80,941;50,621;0;0;1,287;0;0;0
;;;;;;;;;;;;;;;;;;;;;;;;;;;;;;;;;;;;;;;;;;;;;;;;;;;;;;;;;;;;;
          Outstanding Remittances (27) ;-;-;-;-;-;-;-;-;-;-;-;-;-;-;-;-;-;-;-;-;-;-;-;-;-;-;-;-;-;-;4153,946;4423,984;3852,314;4775,733;3820,364;2934,817;4985,994;4669,335;4077,542;4789,776;5783,546;7405,835;7681,596;7605,824;8915,386;7552,978;8289,175;9734,57;12326,552;12957,741;16255,488;16149,858;16750,209;10169,36291555;13604,22919229;14440,147;15931,233;16387,167;19893,121;14996,42533;15683,835892
;;;;;;;;;;;;;;;;;;;;;;;;;;;;;;;;;;;;;;;;;;;;;;;;;;;;;;;;;;;;;
          Total Deposits (27) ;-;-;-;-;-;-;-;-;-;-;-;-;-;-;-;-;-;-;-;-;-;-;-;-;-;-;-;-;-;-;185799,958;191265,847;198681,707;215284,925;226725,606;238237,282;250385,627;267969,852;290779,448;337879,354;361662,124;435534,782;489059,895;590943,952;717563,815;846118,179;940548,43;984849,944;1119643,919;1274952,772;1417930,407;1588139,04;1617090,273;1629384,61526081;1633125,02193909;1673512,92585707;1795979,1838346;1942983,50644547;2104453,9135196;2295406,310874;2473458,34533119
;;;;;;;;;;;;;;;;;;;;;;;;;;;;;;;;;;;;;;;;;;;;;;;;;;;;;;;;;;;;;
Foreign Assets And Liabilities Of Banks;-;-;-;-;-;-;-;-;-;-;-;-;-;-;-;-;-;-;-;-;-;-;-;-;-;-;-;-;-;-;-;-;-;-;-;-;-;-;-;-;-;-;-;-;-;-;-;-;-;-;-;-;-;-;-;-;-;-;-;-;-
;;;;;;;;;;;;;;;;;;;;;;;;;;;;;;;;;;;;;;;;;;;;;;;;;;;;;;;;;;;;;
          Foreign Assets;-;-;-;-;-;-;-;-;-;-;-;-;-;-;-;-;-;-;-;-;-;-;-;-;-;-;-;-;-;-;-;-;-;-;-;-;-;-;-;-;-;-;-;-;-;-;-;-;-;-;-;-;-;-;-;-;-;-;-;-;-
;;;;;;;;;;;;;;;;;;;;;;;;;;;;;;;;;;;;;;;;;;;;;;;;;;;;;;;;;;;;;
                    Due from Banks Abroad (28) ;-;-;-;-;-;-;-;-;-;-;-;-;-;-;-;-;-;-;-;-;-;-;-;-;-;-;-;-;-;-;48510,286;38631,764;48914,657;54612,223;50165,177;42308,319;38514,434;42241,928;42310,898;30454,133;21572,845;25220,553;26850,424;51393,926;28859,016;27231,436;41200,628;34627,337;44142,577;36033,622;26123,729;39877,178;85318,877;58232,58009965;53365,89043618;66194,54915126;47537,59501915;47754,577877736;60240,58765762;59663,90346196;45497,6172995525
;;;;;;;;;;;;;;;;;;;;;;;;;;;;;;;;;;;;;;;;;;;;;;;;;;;;;;;;;;;;;
                    Due from Branches Abroad (28) ;-;-;-;-;-;-;-;-;-;-;-;-;-;-;-;-;-;-;-;-;-;-;-;-;-;-;-;-;-;-;9128,612;7248,873;7536,657;7353,027;6502,833;6760,705;10129,706;7399,793;8096,861;13157,217;10805,312;17084,155;17333,028;17961,568;22546,894;41780,28;39433,994;28270,138;38001,744;51471,309;57159,547;44668,296;47921,606;33369,3377539828;70368,859579218;39941,79408805;63226,78985562;56850,521771399;60523,83575614;57462,5210971;72130,96949062
;;;;;;;;;;;;;;;;;;;;;;;;;;;;;;;;;;;;;;;;;;;;;;;;;;;;;;;;;;;;;
                    Investments Abroad (28) ;-;-;-;-;-;-;-;-;-;-;-;-;-;-;-;-;-;-;-;-;-;-;-;-;-;-;-;-;-;-;42916,941;42706,528;33170,386;34149,135;32989,79;24378,042;29015,967;38232,569;31061,391;34979,171;34765,231;38919,696;38281,519;52334,165;81484,727;64885,792;112336,879;113710,873;123413,988;119644,078;126037,438;161230,507;175188,119;129204,57741559;114488,36040207;98752,768;97611,725;106799,963;96433,897;117479,33940427;151460,29840381
;;;;;;;;;;;;;;;;;;;;;;;;;;;;;;;;;;;;;;;;;;;;;;;;;;;;;;;;;;;;;
                    Other Assets (28) ;-;-;-;-;-;-;-;-;-;-;-;-;-;-;-;-;-;-;-;-;-;-;-;-;-;-;-;-;-;-;11030,375;9560,183;8349,122;10056,955;9856,824;12496,599;13827,085;13329,995;17894,866;16899,314;13938,529;11573,839;8964,869;8106,167;14821,438;20088,957;17946,826;16518,231;15895,146;14961,86;12204,459;11949,942;14185,177;13025,0127015;23900,91157182;26943,04913024;35253,26166356;38659,143104123;38373,97213122;52284,090196;48492,09167807
;;;;;;;;;;;;;;;;;;;;;;;;;;;;;;;;;;;;;;;;;;;;;;;;;;;;;;;;;;;;;
                    Total  1 (28) ;217,4;188,8;214,8;207,5;247,1;340;478,9;623,9;1115,1;719,1;1419,3;2369,6;5425,1;9432,2;14689;12961,6;23936,9;41009,9;53569,6;66001;71051,5;73400,2;72769,5;92570,7;96532,1;114741,3;118844;123467,092739;118951,402834;101666,33;111586,214;98147,348;97970,822;106171,34;99514,624;85943,665;91487,192;101204,285;99364,016;95489,835;81081,917;92798,243;91429,84;129795,826;147712,075;153986,465;210918,327;193126,579;221453,455;222110,869;221525,173;257725,923;322613,779;233831,507970723;262124,021989288;231832,16036955;243629,37153833;250064,205753258;255572,29254498;286889,85415933;317580,976872053
;;;;;;;;;;;;;;;;;;;;;;;;;;;;;;;;;;;;;;;;;;;;;;;;;;;;;;;;;;;;;
          Foreign Liabilities;-;-;-;-;-;-;-;-;-;-;-;-;-;-;-;-;-;-;-;-;-;-;-;-;-;-;-;-;-;-;-;-;-;-;-;-;-;-;-;-;-;-;-;-;-;-;-;-;-;-;-;-;-;-;-;-;-;-;-;-;-
;;;;;;;;;;;;;;;;;;;;;;;;;;;;;;;;;;;;;;;;;;;;;;;;;;;;;;;;;;;;;
                    Due to Branches Abroad (28) ;-;-;-;-;-;-;-;-;-;-;-;-;-;-;-;-;-;-;-;-;-;-;-;-;-;-;-;-;-;-;16645,961;16261,58;15588,145;14340,683;15585,813;14921,462;23697,924;26865,107;26290,79;27643,972;25923,681;29976,721;31567,962;22158,214;64239,6;45354,525;41761,428;53867,337;53682,05;51836,245;48796,873;57042,015;49985,12;50931,9152138629;57717,12406932;60781,46010598;102350,20176254;94708,78071283;129510,71107179;107845,621642;167189,53087434
;;;;;;;;;;;;;;;;;;;;;;;;;;;;;;;;;;;;;;;;;;;;;;;;;;;;;;;;;;;;;
                    Due to Branches Abroad (28) ;-;-;-;-;-;-;-;-;-;-;-;-;-;-;-;-;-;-;-;-;-;-;-;-;-;-;-;-;-;-;17332,508;16044,893;17814,113;17404,211;21486,672;23224,75;21741,408;28587,619;27763,299;9412,015;8760,492;9674,257;18053,383;8789,053;14417,788;29446,734;25311,467;10235,867;8023,295;10914,24;11669,776;25222,789;24490,933;21712,2259150047;44121,89404034;32082,21533555;38704,54064435;43733,05991302;51634,48609788;42325,849495;40258,86344368
;;;;;;;;;;;;;;;;;;;;;;;;;;;;;;;;;;;;;;;;;;;;;;;;;;;;;;;;;;;;;
                    Due to Others (28) ;-;-;-;-;-;-;-;-;-;-;-;-;-;-;-;-;-;-;-;-;-;-;-;-;-;-;-;-;-;-;3313,624;6843,965;6275,596;6908,389;8971,415;4958,763;5713,52;8991,037;5559,936;5942,879;5379,237;6096,691;15418,381;28251,272;26555,305;37664,726;32610,059;30602,541;19857,965;25361,623;23355,398;22854,271;25510,518;23456,94130291;17347,07130152;18069,591;32100,09591828;43624,181877368;44581,544;52358,343388;67255,05835388
;;;;;;;;;;;;;;;;;;;;;;;;;;;;;;;;;;;;;;;;;;;;;;;;;;;;;;;;;;;;;
                    Total  2 (28) ;119;157,4;239,5;174,4;129,6;163,1;149,9;147,8;296;392,2;872,6;1076,8;2734,1;3922,9;4838;5699,3;5937,5;8547,7;7059,7;5604,4;8497,6;8943,9;11145,6;16046,7;26817,1;28727,6;34602,8;30172,223784;27935,880497;28641,785;37292,093;39150,438;39677,854;38653,283;46043,9;43104,975;51152,852;64443,763;59614,025;42998,866;40063,41;45747,669;65039,726;59198,539;105212,693;112465,985;99682,954;94705,745;81563,31;88112,108;83822,047;105119,075;99986,571;96101,0824317776;119186,08941118;110933,26644153;173154,83832517;182066,022503218;225726,74116967;202529,814525;274703,4526719
;;;;;;;;;;;;;;;;;;;;;;;;;;;;;;;;;;;;;;;;;;;;;;;;;;;;;;;;;;;;;
          Net Foreign Assets   1 - 2 = 3 (28) ;98,4;31,4;-25;33,1;117,5;176,9;329;476,1;819,1;326,9;546,7;1292,8;2691;5509,3;9851;7262,3;17999,4;32462,2;46509,9;60396,6;62553,9;64456,3;61623,9;76524;69715;86013,7;84241,2;93294,868955;91015,522337;73024,545;74294,121;58996,91;58292,968;67518,057;53470,724;42838,69;40334,34;36760,522;39749,991;52490,969;41018,507;47050,574;26390,114;70597,287;42499,382;41520,48;111235,373;98420,834;139890,145;133998,761;137703,126;152606,848;222627,208;137730,425538945;142937,932578108;120898,89392802;70474,53321316;67998,18325004;29845,55137531;84360,03963433;42877,5242001525
;;;;;;;;;;;;;;;;;;;;;;;;;;;;;;;;;;;;;;;;;;;;;;;;;;;;;;;;;;;;;
Offshore Riyal Positon of Commercial Banks;-;-;-;-;-;-;-;-;-;-;-;-;-;-;-;-;-;-;-;-;-;-;-;-;-;-;-;-;-;-;-;-;-;-;-;-;-;-;-;-;-;-;-;-;-;-;-;-;-;-;-;-;-;-;-;-;-;-;-;-;-
;;;;;;;;;;;;;;;;;;;;;;;;;;;;;;;;;;;;;;;;;;;;;;;;;;;;;;;;;;;;;
          Riyal Claims on Non-Residents  (28) ;-;-;-;-;-;-;-;-;-;-;-;-;-;-;-;-;-;-;-;-;-;-;-;-;-;-;-;-;-;-;7015,897;4570,746;8827,452;11496,698;6332,189;11654,196;7434,235;5887,475;7864,096;12164,456;8969,584;14645,557;11613,681;14646,497;15192,742;22139,24;24178,497;20708,687;37197,938;28712,858;21090,922;31854,93;46103,252;33179,88684412;43826,32565977;47422,286;52539,79749167;37164,22775417;38570,68733333;27065,911938;23072,52942944
;;;;;;;;;;;;;;;;;;;;;;;;;;;;;;;;;;;;;;;;;;;;;;;;;;;;;;;;;;;;;
          Riyal Liabilities to Non-Residents  (28) ;-;-;-;-;-;-;-;-;-;-;-;-;-;-;-;-;-;-;-;-;-;-;-;-;-;-;-;-;-;-;6708,945;10165,082;10124,673;10976,291;15171,288;12771,022;15894,636;16384,28;19069,638;7859,546;8567,573;9609,844;15621,824;10278,323;29254,85;36181,398;24682,444;15405,784;18538,387;21999,047;23168,29;42867,51;24831,037;26540,7855317228;27013,94325336;31375,40044153;46831,39240689;49392,9804932;61723,32666967;29442,088247;43016,3073446
;;;;;;;;;;;;;;;;;;;;;;;;;;;;;;;;;;;;;;;;;;;;;;;;;;;;;;;;;;;;;
          Net Riyal Claims on Non-Residents  (28) ;-;-;-;-;-;-;-;-;-;-;-;-;-;-;-;-;-;-;-;-;-;-;-;-;-;-;-;-;-;-;306,952;-5594,336;-1297,221;520,407;-8839,099;-1116,826;-8460,401;-10496,805;-11205,542;4304,91;402,011;5035,713;-4008,143;4368,174;-14062,108;-14042,158;-503,947;5302,903;18659,551;6713,811;-2077,368;-11012,58;21272,215;6639,1013123972;16812,38240641;16046,88555847;5708,40508478;-12228,75273903;-23152,63933634;-2376,176309;-19943,77791516
;;;;;;;;;;;;;;;;;;;;;;;;;;;;;;;;;;;;;;;;;;;;;;;;;;;;;;;;;;;;;
Financial Soundness Indicators for Banking Sector;-;-;-;-;-;-;-;-;-;-;-;-;-;-;-;-;-;-;-;-;-;-;-;-;-;-;-;-;-;-;-;-;-;-;-;-;-;-;-;-;-;-;-;-;-;-;-;-;-;-;-;-;-;-;-;-;-;-;-;-;-
;;;;;;;;;;;;;;;;;;;;;;;;;;;;;;;;;;;;;;;;;;;;;;;;;;;;;;;;;;;;;
          Regulatory capital torisk-weighted assets (29) ;-;-;-;-;-;-;-;-;-;-;-;-;-;-;-;-;-;-;-;-;-;-;-;-;-;-;-;-;-;-;-;-;-;-;-;-;-;-;-;-;-;-;-;-;-;-;16,9435864299667;17,5987112646342;17,5502130846746;18,2310482000534;17,8722974465802;17,8768341985833;18,0780444131251;19,5447205862525;20,3966974990304;20,2911668117437;19,2865925552707;20,3385021163627;19,9043091796363;19,935244689654;20,1309886092963
;;;;;;;;;;;;;;;;;;;;;;;;;;;;;;;;;;;;;;;;;;;;;;;;;;;;;;;;;;;;;
          Regulatory  Tier 1 capital to risk-weighted assets (29) ;-;-;-;-;-;-;-;-;-;-;-;-;-;-;-;-;-;-;-;-;-;-;-;-;-;-;-;-;-;-;-;-;-;-;-;-;-;-;-;-;-;-;-;-;-;-;14,6132211834748;15,4230763729466;15,2106153126605;15,67991734724;16,4790581699965;16,1613306456154;16,1839683688082;17,4693040479515;18,3466006859991;18,4905134697096;18,0091024701853;18,7272345898783;18,2107792451645;18,3505777369073;18,555620844236
;;;;;;;;;;;;;;;;;;;;;;;;;;;;;;;;;;;;;;;;;;;;;;;;;;;;;;;;;;;;;
          Nonperforming loans net of provisions  to capital (29) ;-;-;-;-;-;-;-;-;-;-;-;-;-;-;-;-;-;-;-;-;-;-;-;-;-;-;-;-;-;-;-;-;-;-;-;-;-;-;-;-;-;-;-;-;-;-;6,40775114765482;3,41187887962126;1,86334136239325;0,892857610979394;0,703416524208474;0,0612241683963851;0,99407581551285;0,992332956691431;1,72351457335718;1,06756348918846;1,62461354053268;2,52598374723691;2,51191046314357;2,72353280839215;2,18578552785277
;;;;;;;;;;;;;;;;;;;;;;;;;;;;;;;;;;;;;;;;;;;;;;;;;;;;;;;;;;;;;
          Nonperforming loans to total  gross loans (29) ;-;-;-;-;-;-;-;-;-;-;-;-;-;-;-;-;-;-;-;-;-;-;-;-;-;-;-;-;-;-;-;-;-;-;-;-;-;-;-;-;-;-;-;-;-;-;3,28697148338663;2,96818471895203;2,22411986474196;1,66979368016871;1,30683882837442;1,08033805274768;1,23698687005173;1,38335895995773;1,61364907195792;1,95231785727138;1,85839038526169;2,18290550467846;1,8617019769322;1,77974031138528;1,49517841971142
;;;;;;;;;;;;;;;;;;;;;;;;;;;;;;;;;;;;;;;;;;;;;;;;;;;;;;;;;;;;;
          Return on assets (29) ;-;-;-;-;-;-;-;-;-;-;-;-;-;-;-;-;-;-;-;-;-;-;-;-;-;-;-;-;-;-;-;-;-;-;-;-;-;-;-;-;-;-;-;-;-;-;1,9734375291767;1,95808472038179;2,13702129864259;2,12639759859576;2,03228402949705;2,00606673007628;1,95685322722019;1,81317302183408;1,95034483313016;2,10492143262782;2,11533358912082;1,46596857922992;1,84077890422957;2,11946380706591;2,15396191943811
;;;;;;;;;;;;;;;;;;;;;;;;;;;;;;;;;;;;;;;;;;;;;;;;;;;;;;;;;;;;;
          Return on equity (29) ;-;-;-;-;-;-;-;-;-;-;-;-;-;-;-;-;-;-;-;-;-;-;-;-;-;-;-;-;-;-;-;-;-;-;-;-;-;-;-;-;-;-;-;-;-;-;14,4765812544225;13,5571194130708;14,9912501266691;15,0162679277223;14,7265832528076;14,8062950321512;14,3781420599973;12,6280832007209;12,8638995416976;13,7647923571326;12,0883168027962;8,61755868714987;10,8206531325083;12,4703708311876;12,7575503292605
;;;;;;;;;;;;;;;;;;;;;;;;;;;;;;;;;;;;;;;;;;;;;;;;;;;;;;;;;;;;;
          Interest margin to gross income (29) ;-;-;-;-;-;-;-;-;-;-;-;-;-;-;-;-;-;-;-;-;-;-;-;-;-;-;-;-;-;-;-;-;-;-;-;-;-;-;-;-;-;-;-;-;-;-;73,0710038474991;70,2854838144005;68,7020342504776;65,8821202531646;66,452664399093;66,4950359104351;67,1174155959707;70,0763907523461;73,3965061389776;75,6511840670853;77,6932006227733;76,536933164196;76,7938525539648;77,8631065462235;78,8473982984459
;;;;;;;;;;;;;;;;;;;;;;;;;;;;;;;;;;;;;;;;;;;;;;;;;;;;;;;;;;;;;
          Non-interest  expenses to gross income (29) ;-;-;-;-;-;-;-;-;-;-;-;-;-;-;-;-;-;-;-;-;-;-;-;-;-;-;-;-;-;-;-;-;-;-;-;-;-;-;-;-;-;-;-;-;-;-;34,4135134662469;35,7017062392593;36,6201296960354;35,1654865506329;34,9827862811791;36,2440100866075;37,0719649245933;37,970332940681;36,6034510701634;36,2724531189873;35,8611213007093;36,2222342792975;36,0673255997747;34,0465652847293;32,863881512653
;;;;;;;;;;;;;;;;;;;;;;;;;;;;;;;;;;;;;;;;;;;;;;;;;;;;;;;;;;;;;
          Liquid assets to total assets (29) ;-;-;-;-;-;-;-;-;-;-;-;-;-;-;-;-;-;-;-;-;-;-;-;-;-;-;-;-;-;-;-;-;-;-;-;-;-;-;-;-;-;-;-;-;-;-;25,3074128388984;24,7520969866051;23,7040872522176;23,6606026231833;21,5647700542971;22,3295829830872;17,5053000871892;20,2744035663867;21,6088034804504;22,344193285197;25,4498944811833;26,7502460273194;24,6531460582761;22,7998445280218;21,7884408230235
;;;;;;;;;;;;;;;;;;;;;;;;;;;;;;;;;;;;;;;;;;;;;;;;;;;;;;;;;;;;;
          Liquid assetsto short-term liabilities (29) ;-;-;-;-;-;-;-;-;-;-;-;-;-;-;-;-;-;-;-;-;-;-;-;-;-;-;-;-;-;-;-;-;-;-;-;-;-;-;-;-;-;-;-;-;-;-;36,480352508639;37,2008419994077;36,9981468175951;36,3755426911201;33,1878084884525;33,5776883831029;27,2863854732987;31,809750929088;34,5841119141961;35,4913712279556;41,304558728151;43,7801555620133;41,2770918054345;39,6574365111974;38,9476538028126
;;;;;;;;;;;;;;;;;;;;;;;;;;;;;;;;;;;;;;;;;;;;;;;;;;;;;;;;;;;;;
Monetary Base;-;-;-;-;-;-;-;-;-;-;-;-;-;-;-;-;-;-;-;-;-;-;-;-;-;-;-;-;-;-;-;-;-;-;-;-;-;-;-;-;-;-;-;-;-;-;-;-;-;-;-;-;-;-;-;-;-;-;-;-;-
;;;;;;;;;;;;;;;;;;;;;;;;;;;;;;;;;;;;;;;;;;;;;;;;;;;;;;;;;;;;;
          Currency outside Banks (30) ;-;-;-;-;-;-;-;-;-;-;-;-;-;-;-;-;-;-;-;-;-;-;-;-;-;-;-;-;-;-;-;44965,078411;43087,203;43037,635;45823,203;45019,049;55060,285;51019,457;49203,423;52329,209;55444,658;60133,143;64288,038;69324,101;72191,673;83006,392;88395,351;95519,84768499;119901,52640616;133120,72828841;143140,03717765;153750,14311176;168491,79047888;170323,06883444;172046,3506952;180132,44599683;189160,26772414;206283,560385;204366,04192211;199965,70505283;211884,8803785
;;;;;;;;;;;;;;;;;;;;;;;;;;;;;;;;;;;;;;;;;;;;;;;;;;;;;;;;;;;;;
          Cash in Vault (30) ;-;-;-;-;-;-;-;-;-;-;-;-;-;-;-;-;-;-;-;-;-;-;-;-;-;-;-;-;-;-;-;2442,481;2463,885;2133,591;2915,557;2657,234;5467,659;5971,003;3453,207;4891,561;4257,252;4474,007;7200,962;12218,019;10019,267;11006,798;10856,269;15449,535;19944,527;19691,189;23248,037;27141,949;29420,302;29666,38936651;31310,60287368;30732,92690745;29319,44217519;27384,42056186;23131,09189783;22483,25877809;22869,79649194
;;;;;;;;;;;;;;;;;;;;;;;;;;;;;;;;;;;;;;;;;;;;;;;;;;;;;;;;;;;;;
          Deposits with SAMA;-;-;-;-;-;-;-;-;-;-;-;-;-;-;-;-;-;-;-;-;-;-;-;-;-;-;-;-;-;-;-;-;-;-;-;-;-;-;-;-;-;-;-;-;-;-;-;-;-;-;-;-;-;-;-;-;-;-;-;-;-
;;;;;;;;;;;;;;;;;;;;;;;;;;;;;;;;;;;;;;;;;;;;;;;;;;;;;;;;;;;;;
                    Deposits of Banks (30) ;-;-;-;-;-;-;-;-;-;-;-;-;-;-;-;-;-;-;-;-;-;-;-;-;-;-;-;-;-;-;-;8280;8627;8976;9501;9856;10515;11213;12716;14281;15472;19100;21271;24402;36277;44698;50715,33315326;54976,4358592;63511,35262902;70790,88478802;81901,44526349;92558,21105433;98116,71562323;97838,65477041;97534,49527582;99942,62424247;105469,77303162;118539,02029291;128334,80563762;135861,80628238;142041,652737
;;;;;;;;;;;;;;;;;;;;;;;;;;;;;;;;;;;;;;;;;;;;;;;;;;;;;;;;;;;;;
                    Public Fin. Ins. (30) ;-;-;-;-;-;-;-;-;-;-;-;-;-;-;-;-;-;-;-;-;-;-;-;-;-;-;-;-;-;-;-;5366;3135;5009;5630;5577;1760;3760;1980;5908;3312;8206;6371,4;8612,6;5648;4592;1777,84963166;5315,58896002;7498,45827967;12026,59311084;7788,50220444;9473,64349279;4668,35829865;4575,66294451;1035,05006049;806,57243413;724,01728303;444,11675722;444,11356157;5845,39925734;117,59177034
;;;;;;;;;;;;;;;;;;;;;;;;;;;;;;;;;;;;;;;;;;;;;;;;;;;;;;;;;;;;;
                    Total (30) ;-;-;-;-;-;-;-;-;-;-;-;-;-;-;-;-;-;-;-;-;-;-;-;-;-;-;-;-;-;-;-;13646;11762;13985;15131;15433;12275;14973;14696;20189;18784;27306;27642,4;33014,6;41925;49290;52493,18278492;60292,02481922;71009,81090869;82817,47789886;89689,94746793;102031,85454712;102785,07392188;102414,31771492;98569,54533631;100749,1966766;106193,79031465;118983,13705013;128778,91919919;141707,20553972;142159,24450734
;;;;;;;;;;;;;;;;;;;;;;;;;;;;;;;;;;;;;;;;;;;;;;;;;;;;;;;;;;;;;
          Monetary Base (Reserve Money) (30) ;-;-;-;-;-;-;-;-;-;-;-;-;-;-;-;-;-;-;-;-;-;-;-;-;-;-;-;-;-;-;-;61053,559411;57313,088;59156,226;63869,76;63109,283;72802,944;71963,46;67352,63;77409,77;78485,91;91913,15;99131,4;114556,72;124135,94;143303,19;151744,80278492;171261,40750421;210855,86431485;235629,39518727;256078,02164558;282923,94665888;300697,16640076;302403,77591587;301926,49890519;311614,56958088;324673,50021398;352651,11799699;356276,05301913;364156,16937064;376913,92137778
;;;;;;;;;;;;;;;;;;;;;;;;;;;;;;;;;;;;;;;;;;;;;;;;;;;;;;;;;;;;;
Credit Facilities Provided To Micro, Small And Medium Enterprises;-;-;-;-;-;-;-;-;-;-;-;-;-;-;-;-;-;-;-;-;-;-;-;-;-;-;-;-;-;-;-;-;-;-;-;-;-;-;-;-;-;-;-;-;-;-;-;-;-;-;-;-;-;-;-;-;-;-;-;-;-
;;;;;;;;;;;;;;;;;;;;;;;;;;;;;;;;;;;;;;;;;;;;;;;;;;;;;;;;;;;;;
          Credit Facilities Provided by Banks;-;-;-;-;-;-;-;-;-;-;-;-;-;-;-;-;-;-;-;-;-;-;-;-;-;-;-;-;-;-;-;-;-;-;-;-;-;-;-;-;-;-;-;-;-;-;-;-;-;-;-;-;-;-;-;-;-;-;-;-;-
;;;;;;;;;;;;;;;;;;;;;;;;;;;;;;;;;;;;;;;;;;;;;;;;;;;;;;;;;;;;;
                    Micro (31) ;-;-;-;-;-;-;-;-;-;-;-;-;-;-;-;-;-;-;-;-;-;-;-;-;-;-;-;-;-;-;-;-;-;-;-;-;-;-;-;-;-;-;-;-;-;-;-;-;-;-;-;-;-;-;-;3698;3526;7182;9368;15176,2505;22315
;;;;;;;;;;;;;;;;;;;;;;;;;;;;;;;;;;;;;;;;;;;;;;;;;;;;;;;;;;;;;
                    Small (31) ;-;-;-;-;-;-;-;-;-;-;-;-;-;-;-;-;-;-;-;-;-;-;-;-;-;-;-;-;-;-;-;-;-;-;-;-;-;-;-;-;-;-;-;-;-;-;-;-;-;-;-;-;-;-;-;22308;23008;39915;50587;65074,85503848;84090
;;;;;;;;;;;;;;;;;;;;;;;;;;;;;;;;;;;;;;;;;;;;;;;;;;;;;;;;;;;;;
                    Medium (31) ;-;-;-;-;-;-;-;-;-;-;-;-;-;-;-;-;-;-;-;-;-;-;-;-;-;-;-;-;-;-;-;-;-;-;-;-;-;-;-;-;-;-;-;-;-;-;-;-;-;-;-;-;-;-;-;74758;81437;123257;128637;132974,334514907;151890
;;;;;;;;;;;;;;;;;;;;;;;;;;;;;;;;;;;;;;;;;;;;;;;;;;;;;;;;;;;;;
                    Total (31) ;-;-;-;-;-;-;-;-;-;-;-;-;-;-;-;-;-;-;-;-;-;-;-;-;-;-;-;-;-;-;-;-;-;-;-;-;-;-;-;-;-;-;-;-;-;-;-;-;-;-;-;-;-;-;-;100764;107971;170354;188592;213225,440053387;258295
;;;;;;;;;;;;;;;;;;;;;;;;;;;;;;;;;;;;;;;;;;;;;;;;;;;;;;;;;;;;;
                    Percentage of Total  Banks' Credit Facilities (31) ;-;-;-;-;-;-;-;-;-;-;-;-;-;-;-;-;-;-;-;-;-;-;-;-;-;-;-;-;-;-;-;-;-;-;-;-;-;-;-;-;-;-;-;-;-;-;-;-;-;-;-;-;-;-;-;0,057667346560356;0,0570250491709077;0,0804882001446722;0,0782305052179389;0,0774156659043789;0,0839382478002475
;;;;;;;;;;;;;;;;;;;;;;;;;;;;;;;;;;;;;;;;;;;;;;;;;;;;;;;;;;;;;
          Credit Facilities Provided by Finance Companies;-;-;-;-;-;-;-;-;-;-;-;-;-;-;-;-;-;-;-;-;-;-;-;-;-;-;-;-;-;-;-;-;-;-;-;-;-;-;-;-;-;-;-;-;-;-;-;-;-;-;-;-;-;-;-;-;-;-;-;-;-
;;;;;;;;;;;;;;;;;;;;;;;;;;;;;;;;;;;;;;;;;;;;;;;;;;;;;;;;;;;;;
                    Micro (31) ;-;-;-;-;-;-;-;-;-;-;-;-;-;-;-;-;-;-;-;-;-;-;-;-;-;-;-;-;-;-;-;-;-;-;-;-;-;-;-;-;-;-;-;-;-;-;-;-;-;-;-;-;-;-;-;1207,47598814929;1687,68227444181;2514,33162163558;2938,27297551679;3137,06843358759;2575,42545850827
;;;;;;;;;;;;;;;;;;;;;;;;;;;;;;;;;;;;;;;;;;;;;;;;;;;;;;;;;;;;;
                    Small (31) ;-;-;-;-;-;-;-;-;-;-;-;-;-;-;-;-;-;-;-;-;-;-;-;-;-;-;-;-;-;-;-;-;-;-;-;-;-;-;-;-;-;-;-;-;-;-;-;-;-;-;-;-;-;-;-;3212,64975425402;3810,18642368109;5180,69679129725;6769,33710693391;7397,49936004495;8184,67969989374
;;;;;;;;;;;;;;;;;;;;;;;;;;;;;;;;;;;;;;;;;;;;;;;;;;;;;;;;;;;;;
                    Medium (31) ;-;-;-;-;-;-;-;-;-;-;-;-;-;-;-;-;-;-;-;-;-;-;-;-;-;-;-;-;-;-;-;-;-;-;-;-;-;-;-;-;-;-;-;-;-;-;-;-;-;-;-;-;-;-;-;3334,53327452778;3882,5414648117;4191,95128877126;4934,20632538466;5272,23445934151;6521,15872406431
;;;;;;;;;;;;;;;;;;;;;;;;;;;;;;;;;;;;;;;;;;;;;;;;;;;;;;;;;;;;;
                    Total (31) ;-;-;-;-;-;-;-;-;-;-;-;-;-;-;-;-;-;-;-;-;-;-;-;-;-;-;-;-;-;-;-;-;-;-;-;-;-;-;-;-;-;-;-;-;-;-;-;-;-;-;-;-;-;-;-;7754,65901693109;9380,4101629346;11886,9797017041;14641,8164078354;15806,802252974;17281,2638824663
;;;;;;;;;;;;;;;;;;;;;;;;;;;;;;;;;;;;;;;;;;;;;;;;;;;;;;;;;;;;;
                    Percentage of Total Finance Companies' Credit Facilities (31) ;-;-;-;-;-;-;-;-;-;-;-;-;-;-;-;-;-;-;-;-;-;-;-;-;-;-;-;-;-;-;-;-;-;-;-;-;-;-;-;-;-;-;-;-;-;-;-;-;-;-;-;-;-;-;-;0,162675446393845;0,19020836784221;0,219620233651839;0,215089722751656;0,209502806771358;0,203922793913645
;;;;;;;;;;;;;;;;;;;;;;;;;;;;;;;;;;;;;;;;;;;;;;;;;;;;;;;;;;;;;
          Total Credit Facilities ;-;-;-;-;-;-;-;-;-;-;-;-;-;-;-;-;-;-;-;-;-;-;-;-;-;-;-;-;-;-;-;-;-;-;-;-;-;-;-;-;-;-;-;-;-;-;-;-;-;-;-;-;-;-;-;-;-;-;-;-;-
;;;;;;;;;;;;;;;;;;;;;;;;;;;;;;;;;;;;;;;;;;;;;;;;;;;;;;;;;;;;;
                    Micro (31) ;-;-;-;-;-;-;-;-;-;-;-;-;-;-;-;-;-;-;-;-;-;-;-;-;-;-;-;-;-;-;-;-;-;-;-;-;-;-;-;-;-;-;-;-;-;-;-;-;-;-;-;-;-;-;-;4905,47598814929;5213,68227444181;9696,33162163558;12306,2729755168;18313,3189335876;24890,4254585083
;;;;;;;;;;;;;;;;;;;;;;;;;;;;;;;;;;;;;;;;;;;;;;;;;;;;;;;;;;;;;
                    Small (31) ;-;-;-;-;-;-;-;-;-;-;-;-;-;-;-;-;-;-;-;-;-;-;-;-;-;-;-;-;-;-;-;-;-;-;-;-;-;-;-;-;-;-;-;-;-;-;-;-;-;-;-;-;-;-;-;25520,649754254;26818,1864236811;45095,6967912972;57356,3371069339;72472,354398525;92274,6796998937
;;;;;;;;;;;;;;;;;;;;;;;;;;;;;;;;;;;;;;;;;;;;;;;;;;;;;;;;;;;;;
                    Medium (31) ;-;-;-;-;-;-;-;-;-;-;-;-;-;-;-;-;-;-;-;-;-;-;-;-;-;-;-;-;-;-;-;-;-;-;-;-;-;-;-;-;-;-;-;-;-;-;-;-;-;-;-;-;-;-;-;78092,5332745278;85319,5414648117;127448,951288771;133571,206325385;138246,568974249;158411,158724064
;;;;;;;;;;;;;;;;;;;;;;;;;;;;;;;;;;;;;;;;;;;;;;;;;;;;;;;;;;;;;
                    Total (31) ;-;-;-;-;-;-;-;-;-;-;-;-;-;-;-;-;-;-;-;-;-;-;-;-;-;-;-;-;-;-;-;-;-;-;-;-;-;-;-;-;-;-;-;-;-;-;-;-;-;-;-;-;-;-;-;108518,659016931;117351,410162935;182240,979701704;203233,816407835;229032,242306361;275576,263882466
;;;;;;;;;;;;;;;;;;;;;;;;;;;;;;;;;;;;;;;;;;;;;;;;;;;;;;;;;;;;;
                    Percentage of Total Credit Facilities (31) ;-;-;-;-;-;-;-;-;-;-;-;-;-;-;-;-;-;-;-;-;-;-;-;-;-;-;-;-;-;-;-;-;-;-;-;-;-;-;-;-;-;-;-;-;-;-;-;-;-;-;-;-;-;-;-;0,0604560265485424;0,0604059583804063;0,083957482694797;0,0819875785082208;0,0809374913626062;0,0871484133843049
;;;;;;;;;;;;;;;;;;;;;;;;;;;;;;;;;;;;;;;;;;;;;;;;;;;;;;;;;;;;;
BANK PURCHASES & SALES OF FOREIGN EXCHANGE Part I: Purchases;-;-;-;-;-;-;-;-;-;-;-;-;-;-;-;-;-;-;-;-;-;-;-;-;-;-;-;-;-;-;-;-;-;-;-;-;-;-;-;-;-;-;-;-;-;-;-;-;-;-;-;-;-;-;-;-;-;-;-;-;-
;;;;;;;;;;;;;;;;;;;;;;;;;;;;;;;;;;;;;;;;;;;;;;;;;;;;;;;;;;;;;
          From;-;-;-;-;-;-;-;-;-;-;-;-;-;-;-;-;-;-;-;-;-;-;-;-;-;-;-;-;-;-;-;-;-;-;-;-;-;-;-;-;-;-;-;-;-;-;-;-;-;-;-;-;-;-;-;-;-;-;-;-;-
;;;;;;;;;;;;;;;;;;;;;;;;;;;;;;;;;;;;;;;;;;;;;;;;;;;;;;;;;;;;;
                    SAMA   (31) ;-;-;-;-;-;-;-;-;-;-;-;-;-;-;-;-;-;-;-;-;-;-;-;-;-;-;-;-;-;-;142026,575;108764,1625;116688,957;128688,411;131106,652;178726,905;127542,662;162221,674;164668,504;164474,953;155422,506;196217,022;202442,756;247561,411;205391,534;291704,694;380905,879;389699,548;492493,551;489740,658;552897,534;641806,234;762449,315;503609,861435;575262,114;526400,58;516271,59487793;688034,508;655922,142561;760112,851;801380,337028168
;;;;;;;;;;;;;;;;;;;;;;;;;;;;;;;;;;;;;;;;;;;;;;;;;;;;;;;;;;;;;
                    Local Banks  (31) ;-;-;-;-;-;-;-;-;-;-;-;-;-;-;-;-;-;-;-;-;-;-;-;-;-;-;-;-;-;-;199146,156;338257,7625;472409,28;398726,882797918;286479,683;315562,371;269319,141;267378,317;263124,296;187444,028;198964,765;235018,489;234407,363;364965,879;532525,444;596987,967;490878,452;642850,621;498723,464;578588,235;673646,398;915012,909;731659,661;480229,670645;515287,113757;414916,99044844;472529,45844299;402791,655654097;317138,597785353;340772,633697613;217197,806649385
;;;;;;;;;;;;;;;;;;;;;;;;;;;;;;;;;;;;;;;;;;;;;;;;;;;;;;;;;;;;;
                    Banks Abroad (31) ;-;-;-;-;-;-;-;-;-;-;-;-;-;-;-;-;-;-;-;-;-;-;-;-;-;-;-;-;-;-;625302,084;506656,556;523447,2635;728195,487146023;599121,74;653399,639;506386,553;357413,264;450717,311;561354,464;641831,598;689729,365;566019,416;934397,611;1720947,649;2610989,558;2519625,358;1884735,242;1487264,08;1710767,197;1581442,337;1703133,746;1586028,244;1588577,54124387;1298957,43170034;1396270,85570954;1844837,71501305;1476462,44509609;1839839,42381865;1992827,87600161;1572881,04092693
;;;;;;;;;;;;;;;;;;;;;;;;;;;;;;;;;;;;;;;;;;;;;;;;;;;;;;;;;;;;;
                    Customers (31) ;-;-;-;-;-;-;-;-;-;-;-;-;-;-;-;-;-;-;-;-;-;-;-;-;-;-;-;-;-;-;-;133410;179990,933;-;416793,112;424098,122;348372,429;274169,957;313910,972;250862,741;247880,431;292856,96;307824,104;428922,594;638965,597;630048,071;635268,694;251901,014;249891,822;257515,905;270389,445;411672,242;448043,84;435207,849867947;384586,72722042;422768,22527973;519344,148590458;463361,760648415;477678,3172376;544434,114997078;516856,478579802
;;;;;;;;;;;;;;;;;;;;;;;;;;;;;;;;;;;;;;;;;;;;;;;;;;;;;;;;;;;;;
                    Other Sources (31) ;-;-;-;-;-;-;-;-;-;-;-;-;-;-;-;-;-;-;-;-;-;-;-;-;-;-;-;-;-;-;174425,2055;17412;12491,327;434136,481853978;13735,764;3512,923;4778,831;3808,883;5996,188;10802,603;3663,887;7736,044;18220,412;40466,147;83187,091;88751,691;76191,897;118111,921;139107,443;120411,438;156360,24;260651,547;216252,463;146532,58;174627,829;125788,22;83184,139;56837,744;73830,72335446;49638,002;20852,24982543
;;;;;;;;;;;;;;;;;;;;;;;;;;;;;;;;;;;;;;;;;;;;;;;;;;;;;;;;;;;;;
          Total Purchases (31) ;-;-;-;-;-;-;-;-;-;-;-;-;-;-;-;-;-;-;-;-;-;-;-;-;-;-;-;-;-;-;1140900,0205;1104500,481;1305027,7605;1689747,26279792;1447236,951;1575299,96;1256399,616;1064992,095;1198417,271;1174938,789;1247763,187;1421557,88;1328914,051;2016313,642;3181017,315;4218481,981;4102870,28;3287298,346;2867480,36;3157023,433;3234735,954;3932276,678;3744433,523;3154157,50319181;2948721,21567776;2886144,87143771;3436167,05592443;3087488,1133986;3364409,20475707;3687785,4776963;3129167,91300972
;;;;;;;;;;;;;;;;;;;;;;;;;;;;;;;;;;;;;;;;;;;;;;;;;;;;;;;;;;;;;
Bank Purchases And Sales Of Foreign Exchange (Part II: Sales);-;-;-;-;-;-;-;-;-;-;-;-;-;-;-;-;-;-;-;-;-;-;-;-;-;-;-;-;-;-;-;-;-;-;-;-;-;-;-;-;-;-;-;-;-;-;-;-;-;-;-;-;-;-;-;-;-;-;-;-;-
;;;;;;;;;;;;;;;;;;;;;;;;;;;;;;;;;;;;;;;;;;;;;;;;;;;;;;;;;;;;;
          Sales Attributable to Specific Purposes;-;-;-;-;-;-;-;-;-;-;-;-;-;-;-;-;-;-;-;-;-;-;-;-;-;-;-;-;-;-;-;-;-;-;-;-;-;-;-;-;-;-;-;-;-;-;-;-;-;-;-;-;-;-;-;-;-;-;-;-;-
;;;;;;;;;;;;;;;;;;;;;;;;;;;;;;;;;;;;;;;;;;;;;;;;;;;;;;;;;;;;;
                    Import Financing (32) ;-;-;-;-;-;-;-;-;-;-;-;-;-;-;-;-;-;-;-;-;-;-;-;-;-;-;-;-;-;-;43661,93;31522;27268,4685;38892,574;44308,957;48000,28;45792,621;53521,697;58579,324;58716,166;55245,887;75992,136;85132,541;76467,825;114232,092;147956,544;142049,852;131030,489;167465,308;192194,989;194241,417;201766,813;199185,242;152103,3977102;117114,46462134;104368,90750972;108895,354;98022,51020619;92682,406;95008,798137543;99343,573074402
;;;;;;;;;;;;;;;;;;;;;;;;;;;;;;;;;;;;;;;;;;;;;;;;;;;;;;;;;;;;;
          Foreign Contractors;-;-;-;-;-;-;-;-;-;-;-;-;-;-;-;-;-;-;-;-;-;-;-;-;-;-;-;-;-;-;-;-;-;-;-;-;-;-;-;-;-;-;-;-;-;-;-;-;-;-;-;-;-;-;-;-;-;-;-;-;-
;;;;;;;;;;;;;;;;;;;;;;;;;;;;;;;;;;;;;;;;;;;;;;;;;;;;;;;;;;;;;
                    Import of Goods (32) ;-;-;-;-;-;-;-;-;-;-;-;-;-;-;-;-;-;-;-;-;-;-;-;-;-;-;-;-;-;-;18649,4405;15536;10829,4165;14794,6225;17592,216;13279,628;10399,746;171,08;21,737;170,711;4,595;574,79;79,453;16838,204;27783,015;40022,313;235,134;448,704;1549,229;3292,207;9707,125;15210,094;30859,51;20567,44;25402,321;41883,316;39778,936;27336,834;41772,044;53437,919;55988,96106609
;;;;;;;;;;;;;;;;;;;;;;;;;;;;;;;;;;;;;;;;;;;;;;;;;;;;;;;;;;;;;
                    Other Purposes (32) ;-;-;-;-;-;-;-;-;-;-;-;-;-;-;-;-;-;-;-;-;-;-;-;-;-;-;-;-;-;-;-;2113;1137,3565;10373,2755;14571,796;8485,937;5945,038;540,32;311,519;139,087;70,326;415,925;562,772;769,788;1289,026;1963,372;2774,857;2609,374;4105,24;5123,411;5834,603;4318,727;3398,7;2671,64252923;5267,22347807;13322,9784738177;39649,581;22784,3889052943;30336,108;63447,44151734;69943,54018328
;;;;;;;;;;;;;;;;;;;;;;;;;;;;;;;;;;;;;;;;;;;;;;;;;;;;;;;;;;;;;
          Personal Transfers;-;-;-;-;-;-;-;-;-;-;-;-;-;-;-;-;-;-;-;-;-;-;-;-;-;-;-;-;-;-;-;-;-;-;-;-;-;-;-;-;-;-;-;-;-;-;-;-;-;-;-;-;-;-;-;-;-;-;-;-;-
;;;;;;;;;;;;;;;;;;;;;;;;;;;;;;;;;;;;;;;;;;;;;;;;;;;;;;;;;;;;;
                    Saudis (32) ;-;-;-;-;-;-;-;-;-;-;-;-;-;-;-;-;-;-;-;-;-;-;-;-;-;-;-;-;-;-;68794,3865;13828;17779,762;23703,603;28072,523;12014,519;19843,908;20810,542;20489,503;21640,236;22494,17;35766,455;56306,275;50389,681;55106,296;68501,066;63487,994;52728,329;61689,491;69239,987;78608,453;88569,949;89176,843;59576,381262692;65270,163702815;60268,7570206239;58092,872;48571,066839368;65472,254;72469,35579877;61946,61813174
;;;;;;;;;;;;;;;;;;;;;;;;;;;;;;;;;;;;;;;;;;;;;;;;;;;;;;;;;;;;;
                    Non-Saudis (32) ;-;-;-;-;-;-;-;-;-;-;-;-;-;-;-;-;-;-;-;-;-;-;-;-;-;-;-;-;-;-;-;42205;37561,9755;34549,872;34059,12;35860,84;35950,039;39428,313;39301,306;39114,673;37707,8;36120,899;40801,699;44195,467;54367,249;68907,725;84243,356;98806,018;110400,245;125247,72;147963,133;153290,153;156858,639;151898,191797785;141656,710260011;136432,366759768;125527,235;149691,575466245;153868,214;143238,94983937;126826,57038217
;;;;;;;;;;;;;;;;;;;;;;;;;;;;;;;;;;;;;;;;;;;;;;;;;;;;;;;;;;;;;
          Foreign Travel;-;-;-;-;-;-;-;-;-;-;-;-;-;-;-;-;-;-;-;-;-;-;-;-;-;-;-;-;-;-;-;-;-;-;-;-;-;-;-;-;-;-;-;-;-;-;-;-;-;-;-;-;-;-;-;-;-;-;-;-;-
;;;;;;;;;;;;;;;;;;;;;;;;;;;;;;;;;;;;;;;;;;;;;;;;;;;;;;;;;;;;;
                    Saudis (32) ;-;-;-;-;-;-;-;-;-;-;-;-;-;-;-;-;-;-;-;-;-;-;-;-;-;-;-;-;-;-;30853,1955;8629;7134,974;6732,3865;8172,568;5914,618;3920,017;3554,131;2948,242;2562,296;4731,14;3414,791;3672,745;2482,475;2069,754;1840,331;2880,735;2315,761;2893,411;840,069;574,445;454,427;467,747;455,45316354;3107,70351026;320,84831598;478,433;447,14703441;560,517;558,729;616,66733135
;;;;;;;;;;;;;;;;;;;;;;;;;;;;;;;;;;;;;;;;;;;;;;;;;;;;;;;;;;;;;
                    Non-Saudis (32) ;-;-;-;-;-;-;-;-;-;-;-;-;-;-;-;-;-;-;-;-;-;-;-;-;-;-;-;-;-;-;-;19563;19711,8075;19594,589;17551,014;17561,089;13738,982;16120,574;14868,092;17202,217;15334,602;9444,379;8135,478;5528,219;5468,529;4630,56;5759,932;7988,17;5165,621;1483,177;386,023;374,475;416,323;517,016;2096,983;346,656;370,202;223,82073863;284,229;427,077;569,02086912
;;;;;;;;;;;;;;;;;;;;;;;;;;;;;;;;;;;;;;;;;;;;;;;;;;;;;;;;;;;;;
                    Abroad Investments (32) ;-;-;-;-;-;-;-;-;-;-;-;-;-;-;-;-;-;-;-;-;-;-;-;-;-;-;-;-;-;-;6333,828;296;401,464;406,707;1047,788;471,891;75,816;236,112;113,33;153,607;294,207;431,301;2332,191;990,97;491,45;922,978;450,647;97,156;34,057;30,723;64,024;677,945;233,008;164,03235291;156,69899708;95,61541576;155,96653785;174,49948081;118,862;438,443;311,11364844
;;;;;;;;;;;;;;;;;;;;;;;;;;;;;;;;;;;;;;;;;;;;;;;;;;;;;;;;;;;;;
                    Sub-Total (A) (32) ;-;-;-;-;-;-;-;-;-;-;-;-;-;-;-;-;-;-;-;-;-;-;-;-;-;-;-;-;-;-;174838,497;136317;124757,934;151992,6975;165375,982;141588,802;135666,167;134382,769;136633,053;139698,993;135882,727;162160,676;197023,154;197662,629;260807,411;334744,889;301882,507;296024,001;353302,602;397452,283;437379,223;464662,583;480596,012;387953,554816357;360072,268569576;357039,44549567;372948,57953785;347251,842670947;385094,634;429026,713293023;415546,064686592
;;;;;;;;;;;;;;;;;;;;;;;;;;;;;;;;;;;;;;;;;;;;;;;;;;;;;;;;;;;;;
          B: Sales to Third Parties;-;-;-;-;-;-;-;-;-;-;-;-;-;-;-;-;-;-;-;-;-;-;-;-;-;-;-;-;-;-;-;-;-;-;-;-;-;-;-;-;-;-;-;-;-;-;-;-;-;-;-;-;-;-;-;-;-;-;-;-;-
;;;;;;;;;;;;;;;;;;;;;;;;;;;;;;;;;;;;;;;;;;;;;;;;;;;;;;;;;;;;;
                    MoneyChangers (32) ;-;-;-;-;-;-;-;-;-;-;-;-;-;-;-;-;-;-;-;-;-;-;-;-;-;-;-;-;-;-;11635,7025;10906;7322,224;5463,955;8768,312;7865,502;7486,91;6009,619;6750,297;8278,055;5770,405;7522,779;4781,43;7610,178;15680,432;35284,393;1954,979;4364,751;5595,894;4229,454;7520,441;5990,65;8367,46;6404,35;2862,014;0;0;0;0;0;0
;;;;;;;;;;;;;;;;;;;;;;;;;;;;;;;;;;;;;;;;;;;;;;;;;;;;;;;;;;;;;
                    Govt.Agencies (32) ;-;-;-;-;-;-;-;-;-;-;-;-;-;-;-;-;-;-;-;-;-;-;-;-;-;-;-;-;-;-;7531,3845;3095;803,4255;89,254;7,853;404,714;93,9;1223,579;2073,395;3313,881;4913,655;5505,642;5617,285;56544,905;125403,716;36220,031;106454,363;32904,814;9620,642;10358,128;13266,916;27325,14;27759,098;33712,849;35297,391;72091,886;55912,002;4615,855;21943,834;14710,347;2616,7609
;;;;;;;;;;;;;;;;;;;;;;;;;;;;;;;;;;;;;;;;;;;;;;;;;;;;;;;;;;;;;
                    SAMA (32) ;-;-;-;-;-;-;-;-;-;-;-;-;-;-;-;-;-;-;-;-;-;-;-;-;-;-;-;-;-;-;-;-;95,289;2075,254;2267,673;19646,994;19183,531;14213,837;76,875;714,296;25,258;2345,714;2505,304;1947,906;39997,044;58433,14;11347,696;8500,603;8836,361;6308,369;2943,355;4252,729;9554,216;6898,61540522758;4008,06357848;5976,92370333;17814,27615947;9106,44179486;4656,436;19823,287;48475,802
;;;;;;;;;;;;;;;;;;;;;;;;;;;;;;;;;;;;;;;;;;;;;;;;;;;;;;;;;;;;;
                    Ministries or Municipalities (32) ;-;-;-;-;-;-;-;-;-;-;-;-;-;-;-;-;-;-;-;-;-;-;-;-;-;-;-;-;-;-;1235,245;4962;868,4655;23,219;16,898;1,676;0,802;19,375;0,675;1,395;654,79;10,345;50,056;13,5;236,31;92;0;0;0;0;46,011;1,257;18,735;626,343;459,544;704,51;935,622;1308,538;1366,755;468,235;1010,188
;;;;;;;;;;;;;;;;;;;;;;;;;;;;;;;;;;;;;;;;;;;;;;;;;;;;;;;;;;;;;
                    Other Customersin the Kingdom (32) ;-;-;-;-;-;-;-;-;-;-;-;-;-;-;-;-;-;-;-;-;-;-;-;-;-;-;-;-;-;-;318156,605;164215;206416,0125;386281,939;368404,278;433954,746;360770,483;365111,606;356630,635;262160,076;263660,556;308595,775;367937,494;515308,658;673513,252;633929,246;498738,81;333845,783;372785,201;432080,626;430289,714;557679,785;879337,633;843793,781041351;868141,97015049;930923,95203602;1046618,9834811;953118,797628459;1090727,28327034;1191797,3055681;711318,650949955
;;;;;;;;;;;;;;;;;;;;;;;;;;;;;;;;;;;;;;;;;;;;;;;;;;;;;;;;;;;;;
                    Domestic Banks (32) ;-;-;-;-;-;-;-;-;-;-;-;-;-;-;-;-;-;-;-;-;-;-;-;-;-;-;-;-;-;-;-;331245;458327,854;420385,818;280537,319;307337,299;226009,173;204064,915;226666,792;180082,784;171586,689;214641,427;213574,876;314139,491;506297,786;564741,952;458158,316;575914,96;503152,701;544888,856;620718,543;777699,58;646495,154;413897,490533333;375327,24645;303416,70624221;434738,87131;372747,243976465;375536,74954161;288961,39906071;164373,4368851
;;;;;;;;;;;;;;;;;;;;;;;;;;;;;;;;;;;;;;;;;;;;;;;;;;;;;;;;;;;;;
                    Overseas Banks (32) ;-;-;-;-;-;-;-;-;-;-;-;-;-;-;-;-;-;-;-;-;-;-;-;-;-;-;-;-;-;-;630039,767;468145;517674,7205;734099,0195;633374,646;649820,972;472592,466;313186,581;424632,645;563867,983;648182,424;701678,275;554302,553;889880,465;1473450,616;2447717,838;2594419,138;1836760,873;1605605,427;1721342,097;1471553,244;1702540,318;1544272,578;1197173,26215062;1199126,89064;980215,73984593;1238389,69214153;1145209,97443274;1356971,76442611;1595406,97714104;1542715,20665511
;;;;;;;;;;;;;;;;;;;;;;;;;;;;;;;;;;;;;;;;;;;;;;;;;;;;;;;;;;;;;
                    Sub-Total (B) (32) ;-;-;-;-;-;-;-;-;-;-;-;-;-;-;-;-;-;-;-;-;-;-;-;-;-;-;-;-;-;-;968598,704;982568;1191507,991;1548418,4585;1293376,979;1419031,903;1086137,265;903829,512;1016831,314;1018418,47;1094793,777;1240299,957;1148768,998;1785445,103;2834579,156;3776418,6;3671073,302;2792291,784;2505596,226;2719207,53;2546338,224;3075489,459;3115804,874;2502506,69113053;2485223,11981897;2293329,71782749;2794409,4470921;2486106,85083252;2851202,82223806;3111167,55076985;2470510,04539016
;;;;;;;;;;;;;;;;;;;;;;;;;;;;;;;;;;;;;;;;;;;;;;;;;;;;;;;;;;;;;
          Total  ( A  +  B ) (32) ;-;-;-;-;-;-;-;-;-;-;-;-;-;-;-;-;-;-;-;-;-;-;-;-;-;-;-;-;-;-;1143437,201;1118885;1316265,925;1700411,156;1458752,961;1560620,705;1221803,432;1038212,281;1153464,367;1158117,463;1230676,504;1402460,633;1345792,152;1983107,732;3095386,567;4111163,489;3972955,809;3088315,785;2858898,828;3116659,813;2983717,447;3540152,042;3596400,886;2890460,24594689;2845295,38838855;2650369,16332316;3167358,02662995;2833358,69350347;3236297,45623806;3540194,26406287;2886056,11007676
