,Money Supply,Currency Outside Banks (1),Demand Deposits (1),Money Supply M1 (1),Time & Savings Deposits (1),Money Supply M2 (1),Other Quasi-Money Deposits* (1),Money Supply M3 (1),Money Multiplier,M1 (2),M2 (2),M3 (2),Income Velocity Of Money ( Non-Oil Sector ),M1 (3),M2 (3),M3 (3),Coins in Circulation by Denomination (Sixth-Issue) Outside SAMA,COINS,Halalas,1 (4),5 (4),10 (4),25 (4),50 (4),100 (4),200 (4),Total (4),Bank notes in Circulation by Denomination (Sixth-Issue) Outside SAMA,Rls. 500 (5),Rls. 100 (5),Rls. 50 (5),Rls. 10 (5),Rls. 5 (5),Total (5),Coins in Circulation by Denomination,Total (6),1 (6),5 (6),10 (6),20 (6),25 (6),50 (6),100 (6),200 (6),Bank notes in Circulation by Denomination,Rls. 500 (7),Rls. 200 (7),Rls. 100 (7),Rls. 50 (7),Rls. 20 (7),Rls. 10 (7),Rls. 5 (7),Rls. 1 (7),Total (7),CURRENCY OUTSIDE BANKS,Currency Outside SAMA (8),Currency Held by Commercial Banks (8),Currency Outside Banks (8),Monetary Survey - Liabilities,Currency Outside Banks ( 1 ) (9),Demand Deposits ( 2 ) (9),Total 3 =(1+2) (9),Time & Savings Deposits ( 4 ) (9),Other Quasi-Money Deposits*   ( 5 ) (9),Total   6 =(4+5) (9),Money,Quasi-Money,Total (3+6) (9),Government Deposits ** (9),Other Items (Net) (9),Total Liabilities (9),Monetary Survey - Assets,Foreign Assets (Net),SAMA  (1) (10),Commercial Banks  (2) (10),Total  (1+2) (10),Bank Claims on Private Sector (10),Bank Claims on Government* (10),Bank Claims on Nonfinancial Public Sector Enterprises (10),Total Assets (10),Balance Sheet of Saudi Central Bank - Assets,Cash Cover,Gold (11),Foreign Currencies (11),Cash in Vault (11),Deposits with Banks Abroad (11),Investment in Foreign Securities (11),Other Miscellaneous Assets (11),TOTAL (11),Balance Sheet of Saudi Central Bank - Liabilities,Currency Issued,In Circulation (12),At SAMA (12),"Deposits of Government, Quasi Government and Institutions (12)",Regulatory Deposits for Financial Institutions  (12),Foreign Institutions' Deposits in Local Currency (12),SAMA Bills and Reverse Repurchase Agreements* (12),Other Miscellaneous Liabilities (12),TOTAL (12),Reserve Assets,Monetary Gold (11),SDR (11),Reserve Position in the IMF (11),Foreign Currency and Deposits Abroad (11),Investment in Foreign Securities (11),Total Reserves Assets (11),Consolidated Balance Sheet Of Commercial Banks - Assets,Bank reserves,Cash in Vault (13),Deposits with SAMA,Statutory Deposits (13),Current Deposits (13),Other Deposits (13),SAMA Bills (13),Foreign Assets (13),Claims on Private Sector (13),Claims on Govt. & Quasi-govt. (13),Claims on Non-Monetary Finan. Inst. (13),Fixed  Assets (13),Claims on Banks (13),Other Assets (13),Total Assets (13),Consolidated Balance Sheet Of Commercial Banks - Liabilities,Total Deposits (14),Foreign Liabilities (14),Capital Accounts,Total (14),Reserves (14),Capital (14),Period Profits (Cumulative)*** (14),Inter Bank Liabilities (14),Repos** (14),Other Liabilities (14),Total Liabilities (14),SELECTED RATIOS OF COMMERCIAL BANKS,Bank Reserves*/Total Deposits (15),Bank claims on Private Sector/ Total Deposits (15),Bank Claims on Govt. & Public Enterprises/ Total Deposits (15),Foreign Assets/ Total Deposits (15),Foreign Assets/ Total Assets (15),Capital and Reserves/ Total Deposits (15),Capital and Reserves/ Total Assets (15),Demand Deposits/ Total Deposits (15),Time & Savings Deposits/ Total Deposits (15),Foreign Currency Deposits/ Total Deposits (15),Loans /  Deposits ** (15),Bank Claims On Private Sector,"Loans, Advances & Overdrafts (16)",Bills Discounted (16),Total (16),Investments in Private Securities (16),Grand Total (16),Bank Claims On Public Sector,Bank Credit to Public Sector Enterprises * (17),Govt. & Quasi-Govt  Bonds ** (17),Total (17),Bank Credit Classified By Maturity,Short Term (18),Medium Term (18),Long Term (18),Total (18),Real Estate Loans By Banks,Retail (19),Corporate (19),Total (19),Residential New Mortgages Finance For Individuals Provided by Banks,Financing Value - Houses   (20),Financing Value - Apartments  (20),Financing Value - Land  (20),Financing Value - Total  (20),Total Number of Contracts  (20),Consumer And Credit Card Loans,Renovation & home Improvement (21),Vehicles & Private Transport means (21),Furniture & Durable Goods (21),Education (21),Health care (21),Tourism and Travel (21),Others (21),Total (21),Total Credit Card Loans (21),Maturity Terms Of Personal Loans,Short Term (22),Medium Term (22),Long Term (22),Total (22),Syndicated Loans,Resident (23),Non Resident (23),Total (23),Resident (23),Non Resident (23),Total (23),Number of Syndicated Loans,Value of Syndicated Loans,Private Sector Imports Financed Through Commercial Banks  ( Letters of Credit Settled and Bills Received ),Foodstuff,Food Grains (24),Fruits & Vegetables (24),"Sugar, Tea & Coffee (24)",Livestock & Meat (24),Others (24),Total (24),Textiles & Clothing (24),Building Materials (24),Motor Vehicles (24),Machinery (24),Appliances (24),Other Goods (24),Grand Total (24),Private Sector Imports Financed Through Commercial Banks  ( New Letters Of Credit Opened ),Foodstuff,FoodGrains (24),Fruits &Vegetable (24),"Sugar, Tea & Coffee (24)",Livestock& Meat (24),Others (24),Total (24),Textiles& Clothing (24),BuildingMaterials (24),MotorVehicles (24),Machinery (24),Appliances (24),OtherGoods (24),GrandTotal (24),Private Sector Imports Financed Through Commercial Banks (Letters of Credit by Exporting Countries),GCC  Countries,Opened (25),Settled (25),North America,Opened (25),Settled (25),Latin America,Opened (25),Settled (25),Western Europe,Opened (25),Settled (25),Eastern Europe,Opened (25),Settled (25),Other European Countries,Opened (25),Settled (25),Japan,Opened (25),Settled (25),China,Opened (25),Settled (25),South Korea,Opened (25),Settled (25),Other Asian Countries,Opened (25),Settled (25),Arab Countries,Opened (25),Settled (25),Other Countries,Opened (25),Settled (25),TOTAL,Opened (25),Settled (25),Private Sector Exports Financed Through Commercial Banks  (Letters of Credit by Products),Opened (26),Settled (26),Opened (26),Settled (26),Opened (26),Settled (26),Opened (26),Settled (26),Agricultural & Animal Products,Chemicals & Plastics,Other Industrial Products,Total,Private Sector Exports Financed Through Commercial Banks (Letters of Credit by Importing Countries),Opened (24),Settled (24),Opened (24),Settled (24),Opened (24),Settled (24),Opened (24),Settled (24),Opened (24),Settled (24),Opened (24),Settled (24),Opened (24),Settled (24),Opened (24),Settled (24),GCC  Countries,Arab Countries,North America,Latin America,Western Europe,Other European,Other  Countries,Total,Bank Deposits Distributed By Type,Demand Deposits (27),Business & Individuals (27),Government Entities (27),Time & Savings (27),Business & Individuals (27),Government Entities (27),Other Quasi-Money* (27),In Foreign Currency (27),Business & Individuals (27),Government Entities (27),Letters of Credit (27),Repo Transactions (27),Outstanding Remittances (27),Total Deposits (27),Foreign Assets And Liabilities Of Banks,Foreign Assets,Due from Banks Abroad (28),Due from Branches Abroad (28),Investments Abroad (28),Other Assets (28),Total  1 (28),Foreign Liabilities,Due to Branches Abroad (28),Due to Branches Abroad (28),Due to Others (28),Total  2 (28),Net Foreign Assets   1 - 2 = 3 (28),Offshore Riyal Positon of Commercial Banks,Riyal Claims on Non-Residents  (28),Riyal Liabilities to Non-Residents  (28),Net Riyal Claims on Non-Residents  (28),Financial Soundness Indicators for Banking Sector,Regulatory capital torisk-weighted assets (29),Regulatory  Tier 1 capital to risk-weighted assets (29),Nonperforming loans net of provisions  to capital (29),Nonperforming loans to total  gross loans (29),Return on assets (29),Return on equity (29),Interest margin to gross income (29),Non-interest  expenses to gross income (29),Liquid assets to total assets (29),Liquid assetsto short-term liabilities (29),Monetary Base,Currency outside Banks (30),Cash in Vault (30),Deposits with SAMA,Deposits of Banks (30),Public Fin. Ins. (30),Total (30),Monetary Base (Reserve Money) (30),"Credit Facilities Provided To Micro, Small And Medium Enterprises",Credit Facilities Provided by Banks,Micro (31),Small (31),Medium (31),Total (31),Percentage of Total  Banks' Credit Facilities (31),Credit Facilities Provided by Finance Companies,Micro (31),Small (31),Medium (31),Total (31),Percentage of Total Finance Companies' Credit Facilities (31),Total Credit Facilities,Micro (31),Small (31),Medium (31),Total (31),Percentage of Total Credit Facilities (31),BANK PURCHASES & SALES OF FOREIGN EXCHANGE Part I: Purchases,From,SAMA   (31),Local Banks  (31),Banks Abroad (31),Customers (31),Other Sources (31),Total Purchases (31),Bank Purchases And Sales Of Foreign Exchange (Part II: Sales),Sales Attributable to Specific Purposes,Import Financing (32),Foreign Contractors,Import of Goods (32),Other Purposes (32),Personal Transfers,Saudis (32),Non-Saudis (32),Foreign Travel,Saudis (32),Non-Saudis (32),Abroad Investments (32),Sub-Total (A) (32),B: Sales to Third Parties,MoneyChangers (32),Govt.Agencies (32),SAMA (32),Ministries or Municipalities (32),Other Customersin the Kingdom (32),Domestic Banks (32),Overseas Banks (32),Sub-Total (B) (32),Total  ( A  +  B ) (32)
1963,,845.5,516.9,1362.4,86.4,1448.8,179.2,1628.0,,1.36035946080879,1.44663005491762,1.62556165751373,,,,,,,,,,,,,,,,,,,,,,,,,,,,,,,,,,,,,,,,,,,,892.8,47.3,845.5,,,,,,,,,,,,,,,,,,,,,,,,,,,,,,,,,,,,,,,,,,,,,,,,,,,47.0,,58.0,51.0,,,217.0,809.0,,,,,56.0,1238.0,,782.0,119.0,,,,,,,,194.0,1238.0,,,,,,,,,,,,,,,,736.9,72.0,808.9,,,,,,,,,,,,,,,,,,,,,,,,,,,,,,,,,,,,,,,,,,,,,,136.4,27.0,31.0,60.0,101.0,355.4,115.2,94.0,234.5,,,262.0,1237.0,,,,,,,,,,,,,,,,,,,,,,,,,,,,,,,,,,,,,,,,,,,,,,,,,,,,,,,,,,,,,,,,,,,,,,,,,,,,,,,,,,,,,,,,,,,,,,,,,,,,,,,,,,,,,,,,,,,217.4,,,,,119.0,98.4,,,,,,,,,,,,,,,,,,,,,,,,,,,,,,,,,,,,,,,,,,,,,,,,,,,,,,,,,,,,,,,,,,,,,,,,,,
1964,,977.8,537.7,1515.5,118.0,1633.5,235.2,1868.7,,1.28128170443017,1.38104497801826,1.57989516401759,,,,,,,,,,,,,,,,,,,,,,,,,,,,,,,,,,,,412515.0,291042.0,,386063.0,46986.0,16483.0,1153089.0,,1027.7,49.9,977.8,,,,,,,,,,,,,,,,,,,,,,,,,,,,,,,,,,,,,,,,,,,,,,,,,,,50.0,,66.0,89.0,,,189.0,988.0,,,,,69.0,1451.0,,891.0,157.0,,,,,,,,260.0,1451.0,,,,,,,,,,,,,,,,914.7,73.1,987.8,,,,,,,,,,,,,,,,,,,,,,,,,,,,,,,,,,,,,,,,,,,,,,181.4,20.3,54.6,66.0,129.0,451.3,121.1,142.0,238.0,,,348.0,1556.4,,,,,,,,,,,,,,,,,,,,,,,,,,,,,,,,,,,,,,,,,,,,,,,,,,,,,,,,,,,,,,,,,,,,,,,,,,,,,,,,,,,,,,,,,,,,,,,,,,,,,,,,,,,,,,,,,,,188.8,,,,,157.4,31.4,,,,,,,,,,,,,,,,,,,,,,,,,,,,,,,,,,,,,,,,,,,,,,,,,,,,,,,,,,,,,,,,,,,,,,,,,,
1965,,1103.5,618.5,1722.0,151.1,1873.1,272.2,2145.3,,1.30900798175599,1.42386925123527,1.63078677309008,,,,,,,,,,,,,,,,,,,,,,,,,,,,,,,,,,,,470186.0,334308.0,,433144.0,42920.0,18110.0,1298668.0,,1164.2,60.6,1103.6,,,,,,,,,,,,,,,,,,,,,,,,,,,,,,,,,,,,,,,,,,,,,,,,,,,60.0,,72.0,80.0,,,215.0,1170.0,,,,,66.0,1663.0,,1042.0,239.0,,,,,,,,238.0,1663.0,,,,,,,,,,,,,,,,1091.1,78.9,1170.0,,,,,,,,,,,,,,,,,,,,,,,,,,,,,,,,,,,,,,,,,,,,,,129.8,25.5,76.1,68.2,135.2,434.8,114.4,161.3,259.9,,,380.6,1735.0,,,,,,,,,,,,,,,,,,,,,,,,,,,,,,,,,,,,,,,,,,,,,,,,,,,,,,,,,,,,,,,,,,,,,,,,,,,,,,,,,,,,,,,,,,,,,,,,,,,,,,,,,,,,,,,,,,,214.8,,,,,239.5,-25.0,,,,,,,,,,,,,,,,,,,,,,,,,,,,,,,,,,,,,,,,,,,,,,,,,,,,,,,,,,,,,,,,,,,,,,,,,,
1966,,1241.4,701.1,1942.5,198.8,2141.3,335.6,2476.9,,1.29551820728291,1.4281045751634,1.65192743764172,,3.50943759218486,3.20414924397301,2.82188237215158,,,,,,,,,,,,,,,,,,,,,,,,,,,,,,,,536354.0,389064.0,,475525.0,42835.0,20611.0,1464389.0,,1303.1,61.7,1241.4,,,,,,,,,,,,,,,,,,,,,,,,,,,,,,,,,,,,,,,,,,,,,,,,,,,62.0,,82.0,114.0,,,208.0,1248.0,,,,,217.0,1931.0,,1235.0,174.0,,,,,,,,379.0,1931.0,,,,,,,,,,,,,,,,1166.3,81.6,1247.9,,,,,,,,,,,,,,,,,,,,,,,,,,,,,,,,,,,,,,,,,,,,,,229.7,19.9,45.4,108.3,154.5,557.8,117.6,131.6,266.0,,,400.9,1759.6,,,,,,,,,,,,,,,,,,,,,,,,,,,,,,,,,,,,,,,,,,,,,,,,,,,,,,,,,,,,,,,,,,,,,,,,,,,,,,,,,,,,,,,,,,,,,,,,,,,,,,,,,,,,,,,,,,,207.5,,,,,174.4,33.1,,,,,,,,,,,,,,,,,,,,,,,,,,,,,,,,,,,,,,,,,,,,,,,,,,,,,,,,,,,,,,,,,,,,,,,,,,
1967,,1373.8,739.6,2113.4,291.3,2404.7,326.6,2731.3,,1.24994085639934,1.42222616512893,1.61538916489236,,3.43408782494893,3.06125963235611,2.69166420627891,,,,,,,,,,,,,,,,,,,,,,,,,,,,,,,,657085.0,436407.0,,409087.0,44274.0,23379.0,1570232.0,,1444.4,70.6,1373.8,,,,,,,,,,,,,,,,,,,,,,,,,,,,,,,,,,,,,,,,,,,,,,,,,,,71.0,,92.0,154.0,,,247.0,1297.0,,,,,332.0,2193.0,,1357.0,130.0,,,,,,,,559.0,2193.0,,,,,,,,,,,,,,,,1215.8,80.8,1296.6,,,,,,,,,,,,,,,,,,,,,,,,,,,,,,,,,,,,,,,,,,,,,,191.1,17.8,35.3,118.7,192.9,555.8,143.3,154.1,232.1,,,486.9,1817.4,,,,,,,,,,,,,,,,,,,,,,,,,,,,,,,,,,,,,,,,,,,,,,,,,,,,,,,,,,,,,,,,,,,,,,,,,,,,,,,,,,,,,,,,,,,,,,,,,,,,,,,,,,,,,,,,,,,247.1,,,,,129.6,117.5,,,,,,,,,,,,,,,,,,,,,,,,,,,,,,,,,,,,,,,,,,,,,,,,,,,,,,,,,,,,,,,,,,,,,,,,,,
1968,,1452.5,808.3,2260.8,376.8,2637.6,285.8,2923.4,,1.33577548005908,1.5584047267356,1.72726735598227,,3.48412955174521,3.00480908960562,2.68664266682374,,,,,,,,,,,,,,,,,,,,,,,,,,,,,,,,762857.0,499941.0,,346054.0,36630.0,22741.0,1668223.0,,1513.3,60.8,1452.5,,,,,,,,,,,,,,,,,,,,,,,,,,,,,,,,,,,,,,,,,,,,,,,,,,,61.0,,102.0,77.0,,,340.0,1379.0,,,,,983.0,2942.0,,1471.0,163.0,,,,,,,,1152.0,2942.0,,,,,,,,,,,,,,,,1329.2,50.5,1379.7,,,,,,,,,,,,,,,,,,,,,,,,,,,,,,,,,,,,,,,,,,,,,,143.8,27.3,44.1,154.1,203.8,573.1,133.1,177.8,285.5,,,537.1,1967.0,,,,,,,,,,,,,,,,,,,,,,,,,,,,,,,,,,,,,,,,,,,,,,,,,,,,,,,,,,,,,,,,,,,,,,,,,,,,,,,,,,,,,,,,,,,,,,,,,,,,,,,,,,,,,,,,,,,340.0,,,,,163.1,176.9,,,,,,,,,,,,,,,,,,,,,,,,,,,,,,,,,,,,,,,,,,,,,,,,,,,,,,,,,,,,,,,,,,,,,,,,,,
1969,,1528.3,812.1,2340.4,481.7,2822.1,315.1,3137.2,,1.32353107504383,1.59593960300854,1.77413334841373,,3.36793580624909,2.84313049286495,2.55602732260054,,,,,,,,,,,,,,,,,,,,,,,,,,,,,,,,871197.0,519976.0,,320943.0,34656.0,23598.0,1770370.0,,1587.6,59.2,1528.4,,,,,,,,,,,,,,,,,,,,,,,,,,,,,,,,,,,,,,,,,,,,,,,,,,,59.0,,108.0,73.0,,,479.0,1624.0,,,,,381.0,2724.0,,1610.0,150.0,,,,,,,,797.0,2724.0,,,,,,,,,,,,,,,,1564.8,59.4,1624.2,,,,,,,,,,,,,,,,,,,,,,,,,,,,,,,,,,,,,,,,,,,,,,165.4,25.0,52.7,122.8,199.5,565.4,144.4,180.0,298.8,,,555.4,2029.0,,,,,,,,,,,,,,,,,,,,,,,,,,,,,,,,,,,,,,,,,,,,,,,,,,,,,,,,,,,,,,,,,,,,,,,,,,,,,,,,,,,,,,,,,,,,,,,,,,,,,,,,,,,,,,,,,,,478.9,,,,,149.9,329.0,,,,,,,,,,,,,,,,,,,,,,,,,,,,,,,,,,,,,,,,,,,,,,,,,,,,,,,,,,,,,,,,,,,,,,,,,,
1970,,1641.6,967.9,2609.5,565.3,3174.8,343.4,3518.2,,1.3175300414016,1.60294860143391,1.7763304049278,,3.50939527969386,2.86160526964294,2.59322074818025,,,,,,,,,,,,,,,,,,,,,,,,,,,,,,,,1008120.0,582367.0,,292648.0,31244.0,26065.0,1940444.0,,1704.3,62.7,1641.6,,,,,,,,,,,,,,,,,,,,,,,,,,,,,,,,,,,,,,,,,,,,,,,,,,,63.0,,124.0,152.0,,,624.0,1696.0,,,,,304.0,2963.0,,1876.0,148.0,,,,,,,,754.0,2963.0,,,,,,,,,,,,,,,,1634.2,62.1,1696.3,,,,,,,,,,,,,,,,,,,,,,,,,,,,,,,,,,,,,,,,,,,,,,163.8,30.6,57.9,111.3,243.9,607.5,121.6,144.6,238.2,,,584.7,2010.0,,,,,,,,,,,,,,,,,,,,,,,,,,,,,,,,,,,,,,,,,,,,,,,,,,,,,,,,,,,,,,,,,,,,,,,,,,,,,,,,,,,,,,,,,,,,,,,,,,,,,,,,,,,,,,,,,,,623.9,,,,,147.8,476.1,,,,,,,,,,,,,,,,,,,,,,,,,,,,,,,,,,,,,,,,,,,,,,,,,,,,,,,,,,,,,,,,,,,,,,,,,,
1971,,1951.2,1309.4,3260.6,737.8,3998.4,482.7,4481.1,,1.2192805324957,1.49517612743998,1.67567870765089,,3.35145909464445,2.6737788887525,2.41342492798002,,,,,,,,,,,,,,,,,,,,,,,,,,,,,,,,1271621.0,731607.0,,340880.0,36559.0,30093.0,2410760.0,,2020.0,68.8,1951.2,,,,,,,,,,,,,,,,,,,,,,,,,,,,,,,,,,,,,,,,,,,,,,,,,,,69.0,,175.0,479.0,,,1115.0,1692.0,,,,,238.0,3768.0,,2530.0,296.0,,,,,,,,744.0,3768.0,,,,,,,,,,,,,,,,1623.7,68.3,1692.0,,,,,,,,,,,,,,,,,,,,,,,,,,,,,,,,,,,,,,,,,,,,,,200.7,37.5,73.7,123.4,270.8,706.1,173.9,186.6,321.7,,,655.5,2473.1,,,,,,,,,,,,,,,,,,,,,,,,,,,,,,,,,,,,,,,,,,,,,,,,,,,,,,,,,,,,,,,,,,,,,,,,,,,,,,,,,,,,,,,,,,,,,,,,,,,,,,,,,,,,,,,,,,,1115.1,,,,,296.0,819.1,,,,,,,,,,,,,,,,,,,,,,,,,,,,,,,,,,,,,,,,,,,,,,,,,,,,,,,,,,,,,,,,,,,,,,,,,,
1972,,2487.8,2259.3,4747.1,814.3,5561.4,656.4,6217.8,,0.974403711153988,1.14154932468492,1.27628391970114,,3.11544146798048,2.54811264435941,2.28183970201089,,,,,,,,,,,,,,,,,,,,,,,,,,,,,,,,1724684.0,984614.0,,353223.0,39665.0,35103.0,3137289.0,,2605.1,117.3,2487.8,,,,,,,,,,,,,,,,,,,,,,,,,,,,,,,,,,,,,,,,,,,,,,,,,,,117.0,,483.0,1784.0,,,719.0,1809.0,,,,,369.0,5281.0,,3730.0,392.0,,,,,,,,948.0,5281.0,,,,,,,,,,,,,,,,1706.4,102.5,1808.9,,,,,,,,,,,,,,,,,,,,,,,,,,,,,,,,,,,,,,,,,,,,,,178.3,41.8,139.7,148.4,295.9,804.1,355.4,305.4,517.7,,,889.7,3612.6,,,,,,,,,,,,,,,,,,,,,,,,,,,,,,,,,,,,,,,,,,,,,,,,,,,,,,,,,,,,,,,,,,,,,,,,,,,,,,,,,,,,,,,,,,,,,,,,,,,,,,,,,,,,,,,,,,,719.1,,,,,392.2,326.9,,,,,,,,,,,,,,,,,,,,,,,,,,,,,,,,,,,,,,,,,,,,,,,,,,,,,,,,,,,,,,,,,,,,,,,,,,
1973,,3374.4,3195.2,6569.6,913.5,7483.1,1248.1,8731.2,,1.10591879334725,1.25969631674635,1.46980001346711,,2.95534191289871,2.53786452382928,2.21518414371051,,,,,,,,,,,,,,,,,,,,,,,,,,,,,,,,2382403.0,1508024.0,,393165.0,51245.0,42225.0,4377062.0,,3530.8,156.4,3374.4,,,,,,,,,,,,,,,,,,,,,,,,,,,,,,,,,,,,,,,,,,,,,,,,,,,156.0,,850.0,1560.0,,,1420.0,3202.0,,,,,382.0,7570.0,,5357.0,873.0,,,,,,,,1055.0,7570.0,,,,,,,,,,,,,,,,3062.6,138.8,3201.4,,,,,,,,,,,,,,,,,,,,,,,,,,,,,,,,,,,,,,,,,,,,,,461.4,49.2,117.2,185.0,374.2,1187.0,508.7,681.0,839.1,,,1226.1,5357.6,,,,,,,,,,,,,,,,,,,,,,,,,,,,,,,,,,,,,,,,,,,,,,,,,,,,,,,,,,,,,,,,,,,,,,,,,,,,,,,,,,,,,,,,,,,,,,,,,,,,,,,,,,,,,,,,,,,1419.3,,,,,872.6,546.7,,,,,,,,,,,,,,,,,,,,,,,,,,,,,,,,,,,,,,,,,,,,,,,,,,,,,,,,,,,,,,,,,,,,,,,,,,
1974,,5051.6,5632.5,10684.1,1539.1,12223.2,1836.6,14059.8,,1.24500093222709,1.42434977160436,1.63836580591032,,3.5791654893096,3.09718645062433,2.65469662406422,,,,,,,,,,,,,,,,,,,,,,,,,,,,,,,,3455651.0,3048821.0,,560713.0,71047.0,45278.0,7181510.0,,5299.6,248.0,5051.6,,,,,,,,,,,,,,,,,,,,,,,,,,,,,,,,,,,,,,,,,,,,,,,,,,,248.0,,1252.0,2030.0,,,2370.0,5401.0,,,,,485.0,11786.0,,9007.0,1077.0,,,,,,,,1201.0,11786.0,,,,,,,,,,,,,,,,5288.2,113.2,5401.4,,,,,,,,,,,,,,,,,,,,,,,,,,,,,,,,,,,,,,,,,,,,,,757.9,74.0,531.9,222.3,795.0,2381.1,729.1,827.4,1925.5,,,2903.1,10986.8,,,,,,,,,,,,,,,,,,,,,,,,,,,,,,,,,,,,,,,,,,,,,,,,,,,,,,,,,,,,,,,,,,,,,,,,,,,,,,,,,,,,,,,,,,,,,,,,,,,,,,,,,,,,,,,,,,,2369.6,,,,,1076.8,1292.8,,,,,,,,,,,,,,,,,,,,,,,,,,,,,,,,,,,,,,,,,,,,,,,,,,,,,,,,,,,,,,,,,,,,,,,,,,
1975,,8558.5,11011.8,19570.3,1571.9,21142.2,3310.4,24452.6,,1.34084478092563,1.44854235894625,1.67535199205234,,3.30758863849234,2.96940992606197,2.56401619592514,,,,,,,,,,,,,,,,,,,,,,,,,,,,,,,,6300681.0,4296428.0,,692933.0,75123.0,50664.0,11415829.0,,8999.2,440.7,8558.5,,,,,,,,,,,,,,,,,,,,,,,,,,,,,,,,,,,,,,,,,,,,,,,,,,,441.0,,2572.0,3024.0,,,5425.0,8508.0,,,,,1720.0,21690.0,,15894.0,2734.0,,,,,,,,2255.0,21690.0,,,,,,,,,,,,,,,,8290.6,216.5,8507.1,,,,,,,,,,,,,,,,,,,,,,,,,,,,,,,,,,,,,,,,,,,,,,734.9,115.1,349.4,286.8,1024.2,2510.4,1263.2,1260.8,3297.1,,,4367.6,16527.0,,,,,,,,,,,,,,,,,,,,,,,,,,,,,,,,,,,,,,,,,,,,,,,,,,,,,,,,,,,,,,,,,,,,,,,,,,,,,,,,,,,,,,,,,,,,,,,,,,,,,,,,,,,,,,,,,,,5425.1,,,,,2734.1,2691.0,,,,,,,,,,,,,,,,,,,,,,,,,,,,,,,,,,,,,,,,,,,,,,,,,,,,,,,,,,,,,,,,,,,,,,,,,,
1976,,13607.0,17609.6,31216.6,1810.6,33027.2,4307.6,37334.8,,1.20546030274946,1.27537843682422,1.44172072907013,,2.73723455293188,2.54296670579226,2.22977058717163,,,,,,,,,,,,,,,,,,,,,,,,,,,,,,,,10123858.0,5718905.0,,652545.0,115235.0,72467.0,16683010.0,,14328.0,720.6,13607.4,,,,,,,,,,,,,,,,,,,,,,,,,,,,,,,,,,,,,,,,,,,,,,,,,,,721.0,,7033.0,4535.0,,,9433.0,8413.0,,,,,5059.0,35194.0,,23729.0,3923.0,,,,,,,,6428.0,35194.0,,,,,,,,,,,,,,,,7952.4,461.0,8413.4,,,,,,,,,,,,,,,,,,,,,,,,,,,,,,,,,,,,,,,,,,,,,,471.5,94.0,236.9,305.1,1557.6,2665.1,1615.7,2499.7,4195.9,,,6554.6,22768.4,,,,,,,,,,,,,,,,,,,,,,,,,,,,,,,,,,,,,,,,,,,,,,,,,,,,,,,,,,,,,,,,,,,,,,,,,,,,,,,,,,,,,,,,,,,,,,,,,,,,,,,,,,,,,,,,,,,9432.2,,,,,3922.9,5509.3,,,,,,,,,,,,,,,,,,,,,,,,,,,,,,,,,,,,,,,,,,,,,,,,,,,,,,,,,,,,,,,,,,,,,,,,,,
1977,,17969.6,27327.4,45297.0,3060.2,48357.2,5259.9,53617.1,,1.24807128529548,1.33238918156369,1.47731555976811,,2.41389675712951,2.26072625206754,2.02300044411966,,,,,,,,,,,,,,,,,,,,,,,,,,,,,,,,10760821.0,8396085.0,,577966.0,120884.0,85282.0,19941038.0,,18783.5,813.9,17969.6,,,,,,,,,,,,,,,,,,,,,,,,,,,,,,,,,,,,,,,,,,,,,,,,,,,814.0,,11081.0,6429.0,,,14689.0,11218.0,,,,,8283.0,52514.0,,35647.0,4838.0,,,,,,,,10669.0,52514.0,,,,,,,,,,,,,,,,10606.6,610.7,11217.3,,,,,,,,,,,,,,,,,,,,,,,,,,,,,,,,,,,,,,,,,,,,,,707.0,82.4,336.6,516.1,2170.7,3812.8,2036.0,2625.7,4341.0,,,8403.1,27999.8,,,,,,,,,,,,,,,,,,,,,,,,,,,,,,,,,,,,,,,,,,,,,,,,,,,,,,,,,,,,,,,,,,,,,,,,,,,,,,,,,,,,,,,,,,,,,,,,,,,,,,,,,,,,,,,,,,,14689.0,,,,,4838.0,9851.0,,,,,,,,,,,,,,,,,,,,,,,,,,,,,,,,,,,,,,,,,,,,,,,,,,,,,,,,,,,,,,,,,,,,,,,,,,
1978,,21009.6,29476.3,50485.9,4165.2,54651.1,6728.8,61379.9,,1.31790819576272,1.42663857824557,1.60229040712548,,2.24954712291671,2.08486292678045,1.87810253402324,,,,,,,,,,,,,,,,,,,,,,,,,,,,,,,,15126549.0,8741240.0,,551126.0,136447.0,95970.0,24651332.0,,22191.0,1181.4,21009.6,,,,,,,,,,,,,,,,,,,,,,,,,,,,,,,,,,,,,,,,,,,,,,,,,,,1181.0,,11466.0,4651.0,,,12962.0,19739.0,,,,,2562.0,52561.0,,40369.0,5699.0,,,,,,,,4503.0,52561.0,,,,,,,,,,,,,,,,18996.7,741.8,19738.5,,,,,,,,,,,,,,,,,,,,,,,,,,,,,,,,,,,,,,,,,,,,,,1026.1,126.3,414.3,631.6,2453.0,4651.3,2592.0,3279.5,4016.7,,,9857.4,31091.5,,,,,,,,,,,,,,,,,,,,,,,,,,,,,,,,,,,,,,,,,,,,,,,,,,,,,,,,,,,,,,,,,,,,,,,,,,,,,,,,,,,,,,,,,,,,,,,,,,,,,,,,,,,,,,,,,,,12961.6,,,,,5699.3,7262.3,,,,,,,,,,,,,,,,,,,,,,,,,,,,,,,,,,,,,,,,,,,,,,,,,,,,,,,,,,,,,,,,,,,,,,,,,,
1979,,25198.8,30448.5,55647.3,11630.0,67277.3,7511.2,74788.5,,1.62731388065201,1.96741412688108,2.18706683276894,,2.48452874481095,2.2054324147746,1.98274798762274,,,,,,,,,,,,,,,,,,,,,,,,,,,,,,,,17353584.0,9011753.0,,471587.0,133033.0,108824.0,27078781.0,,26457.8,1259.0,25198.8,,,,,,,,,,,,,,,,,,,,,,,,,,,,,,,,,,,,,,,,,,,,,,,,,,,1259.0,,3704.0,4034.0,,,23937.0,29240.0,,,,,3339.0,65513.0,,49591.0,5938.0,,,,,,,,6464.0,65513.0,,,,,,,,,,,,,,,,28504.5,735.4,29239.9,,,,,,,,,,,,,,,,,,,,,,,,,,,,,,,,,,,,,,,,,,,,,,2173.5,180.4,398.1,804.9,3078.8,6635.7,3169.3,5617.0,5336.9,,,12834.6,41807.8,,,,,,,,,,,,,,,,,,,,,,,,,,,,,,,,,,,,,,,,,,,,,,,,,,,,,,,,,,,,,,,,,,,,,,,,,,,,,,,,,,,,,,,,,,,,,,,,,,,,,,,,,,,,,,,,,,,23936.9,,,,,5937.5,17999.4,,,,,,,,,,,,,,,,,,,,,,,,,,,,,,,,,,,,,,,,,,,,,,,,,,,,,,,,,,,,,,,,,,,,,,,,,,
1980,,26143.8,37265.4,63409.2,19994.2,83403.4,10976.8,94380.2,,1.86088252902438,2.447656332539,2.76979468698276,,2.67845996929912,2.17082553243269,1.92527850643251,,,,,,,,,,,,,,,,,,,,,,,,,,,,,,,,21081125.0,11525067.0,,537388.0,177862.0,135533.0,33456975.0,,27445.7,1301.9,26143.8,,,,,,,,,,,,,,,,,,,,,,,,,,,,,,,,,,,,,,,,,,,,,,,,,,,1302.0,,2979.0,3650.0,,,41010.0,40252.0,,,,,4430.0,93623.0,,68237.0,8548.0,,,,,,,,11998.0,93623.0,,,,,,,,,,,,,,,,39478.8,773.3,40252.1,,,,,,,,,,,,,,,,,,,,,,,,,,,,,,,,,,,,,,,,,,,,,,3110.0,192.3,1254.9,1150.0,3697.2,9404.4,4981.1,5860.8,6897.4,,,15335.7,51835.7,,,,,,,,,,,,,,,,,,,,,,,,,,,,,,,,,,,,,,,,,,,,,,,,,,,,,,,,,,,,,,,,,,,,,,,,,,,,,,,,,,,,,,,,,,,,,,,,,,,,,,,,,,,,,,,,,,,41009.9,,,,,8547.7,32462.2,,,,,,,,,,,,,,,,,,,,,,,,,,,,,,,,,,,,,,,,,,,,,,,,,,,,,,,,,,,,,,,,,,,,,,,,,,
1981,,30421.1,46166.6,76587.7,26367.0,102954.7,16490.0,119444.7,,1.88885764949898,2.53913843406803,2.94582596535881,,2.68,2.0,1.75,,,,,,,,,,,,,,,,,,,,,,,,,,,,,,,,23068126.0,11693897.0,,531687.0,180780.0,139467.0,35613957.0,,31941.1,1520.0,30421.1,,,,,,,,,,,,,,,,,,,,,,,,,,,,,,,,,,,,,,,,,,,,,,,,,,,1520.0,,3832.0,4774.0,,,53570.0,46572.0,,,,,7453.0,117721.0,,89023.0,7060.0,,,,,,,,15023.0,117721.0,,,,,,,,,,,,,,,,45644.7,927.3,46572.0,,,,,,,,,,,,,,,,,,,,,,,,,,,,,,,,,,,,,,,,,,,,,,3402.5,306.5,1031.1,1401.7,4202.0,10343.8,4847.1,6873.3,8694.9,,,17225.2,58579.5,,,,,,,,,,,,,,,,,,,,,,,,,,,,,,,,,,,,,,,,,,,,,,,,,,,,,,,,,,,,,,,,,,,,,,,,,,,,,,,,,,,,,,,,,,,,,,,,,,,,,,,,,,,,,,,,,,,53569.6,,,,,7059.7,46509.9,,,,,,,,,,,,,,,,,,,,,,,,,,,,,,,,,,,,,,,,,,,,,,,,,,,,,,,,,,,,,,,,,,,,,,,,,,
1982,,35280.6,51761.9,87042.5,29050.3,116092.8,18305.3,134398.1,,1.8866258025082,2.51628425154866,2.91304734202347,,2.54707219799925,1.87560371800042,1.61860797435905,,,,,,,,,,,,,,,,,,,,,,,,,,,,,,,,24934979.0,11670819.0,,583679.0,184710.0,152723.0,37526910.0,,36876.0,1595.4,35280.6,,,,,,,,,,,,,,,,,,,,,,,,,,,,,,,,,,,,,,,,,,,,,,,,,,,1595.0,,5158.0,4103.0,,,66001.0,49397.0,,,,,11882.0,138136.0,,99117.0,5604.0,,,,,,,,24902.0,138136.0,,,,,,,,,,,,,,,,47942.0,1455.1,49397.1,,3056.0,,3056.0,,,,,,,,,,,,,,,,,,,,,,,,,,,,,,,,,,,,,,,,,,3156.9,236.2,560.3,1315.0,4236.4,9504.8,5987.3,8837.1,10389.8,,,23692.4,71182.3,,,,,,,,,,,,,,,,,,,,,,,,,,,,,,,,,,,,,,,,,,,,,,,,,,,,,,,,,,,,,,,,,,,,,,,,,,,,,,,,,,,,,,,,,,,,,,,,,,,,,,,,,,,,,,,,,,,66001.0,,,,,5604.4,60396.6,,,,,,,,,,,,,,,,,,,,,,,,,,,,,,,,,,,,,,,,,,,,,,,,,,,,,,,,,,,,,,,,,,,,,,,,,,
1983,,34654.9,51666.5,86321.4,33575.4,119896.8,24050.7,143947.5,,1.92252989427593,2.67031329691157,3.20596482397511,,2.484716775675,1.84244644217699,1.56748228220804,,,,,,,,,,,,,,,,,,,,,,,,,,,,,,7872480.0,,18264151.0,8963245.0,,584348.0,208696.0,183433.0,36076353.0,,36304.3,1649.4,34654.9,,,,,,,,,,,,,,,,,,,,,,,,,,,,,,,,,,,,,,,,,,,,,,,,,,,1649.0,,4492.0,2484.0,1620.0,,71052.0,56001.0,,,,,7949.0,145247.0,,109293.0,8498.0,,,,,,,,17418.0,145247.0,,,,,,,,,,,,,,,,54870.2,1131.4,56001.6,,1878.0,,1878.0,,,,,,,,,,,,,,,,,,,,,,,,,,,,,,,,,,,,,,,,,,3004.6,242.1,704.2,1292.6,4730.5,9974.0,5743.3,6975.6,8449.6,,,19003.5,61524.3,,,,,,,,,,,,,,,,,,,,,,,,,,,,,,,,,,,,,,,,,,,,,,,,,,,,,,,,,,,,,,,,,,,,,,,,,,,,,,,,,,,,,,,,,,,,,,,,,,,,,,,,,,,,,,,,,,,71051.5,,,,,8497.6,62553.9,,,,,,,,,,,,,,,,,,,,,,,,,,,,,,,,,,,,,,,,,,,,,,,,,,,,,,,,,,,,,,,,,,,,,,,,,,
1984,,34749.8,48360.7,83110.5,36589.4,119699.9,29196.4,148896.3,,1.81591643032875,2.61537369067336,3.25329817032936,,2.59979459862088,1.82270469280535,1.49411015063243,,,,,,,,,,,,,,,,,,,,,,,,,,,,,,14582157.0,,13193564.0,7668652.0,,510435.0,206602.0,204020.0,36365430.0,,36188.4,1438.6,34749.8,,,,,,,,,,,,,,,,,,,,,,,,,,,,,,,,,,,,,,,,,,,,,,,,,,,1439.0,,4561.0,2009.0,3009.0,,73400.0,59280.0,,,,,8868.0,152566.0,,114146.0,8944.0,,,,,,,,17583.0,152566.0,,,,,,,,,,,,,,,,58024.4,1255.9,59280.3,,2766.0,,2766.0,,,,,,,,,,,,,,,,,,,,,,,,,,,,,,,,,,,,,,,,,,3691.4,265.5,457.1,1372.2,3931.2,9717.4,6167.0,6173.3,6593.8,,,18391.6,57730.9,,,,,,,,,,,,,,,,,,,,,,,,,,,,,,,,,,,,,,,,,,,,,,,,,,,,,,,,,,,,,,,,,,,,,,,,,,,,,,,,,,,,,,,,,,,,,,,,,,,,,,,,,,,,,,,,,,,73400.2,,,,,8943.9,64456.3,,,,,,,,,,,,,,,,,,,,,,,,,,,,,,,,,,,,,,,,,,,,,,,,,,,,,,,,,,,,,,,,,,,,,,,,,,
1985,,36867.8,46170.8,83038.6,39682.1,122720.7,27519.0,150239.7,,1.65898693006325,2.45177588914328,3.00156431679513,,2.59382864279775,1.77117658520276,1.46148985710561,,,,,,,,,,,,,,,,,,,,,,,,,,,,,,19633429.0,,10826541.0,6411856.0,,477734.0,201783.0,209585.0,37760928.0,,38149.2,1281.4,36867.8,,,,,,,,,,,,,,,,,,,,,,,,,,,,,,,,,,,,,,,,,,,,,,,,,,,1281.0,,4610.0,1097.0,6198.0,,72770.0,58081.0,,,,,10492.0,154529.0,,113373.0,11145.0,,,,,,,,17003.0,154529.0,,,,,,,,,,,,,,,,56532.1,1549.2,58081.3,,3708.0,,3708.0,,,,,,,,,,,,,,,,,,,,,,,,,,,,,,,,,,,,,,,,,,2349.3,431.5,389.0,1185.1,3326.4,7681.3,4961.9,4886.5,5457.0,,,13689.5,44436.2,,,,,,,,,,,,,,,,,,,,,,,,,,,,,,,,,,,,,,,,,,,,,,,,,,,,,,,,,,,,,,,,,,,,,,,,,,,,,,,,,,,,,,,,,,,,,,,,,,,,,,,,,,,,,,,,,,,72769.5,,,,,11145.6,61623.9,,,,,,,,,,,,,,,,,,,,,,,,,,,,,,,,,,,,,,,,,,,,,,,,,,,,,,,,,,,,,,,,,,,,,,,,,,
1986,,38603.6,47246.5,85850.1,41088.6,126938.7,36797.0,163735.7,,1.55164056202398,2.29426914832474,2.95933206334518,,2.44319918834387,1.6502976824838,1.34923374681211,,,,,,,,,,,,,,,,,,,,,,,,,,,,,,23838693.0,,10663558.0,5974858.0,,492948.0,213127.0,224759.0,41407943.0,,39797.4,1193.8,38603.6,,,,,,,,,,,,,,,,,,,,,,,,,,,,,,,,,,,,,,,,,,,,,,,,,,,1194.0,,5122.0,510.0,9899.0,,92571.0,56136.0,,,,,10697.0,176129.0,,125132.0,16047.0,,,,,,,,21682.0,176129.0,,,,,,,,,,,,,,,,54355.6,1781.2,56136.8,,3599.0,,3599.0,,,,,,,,,,,,,,,,,,,,,,,,,,,,,,,,,,,,,,,,,,2366.9,283.8,548.7,946.2,3693.3,7838.9,5269.5,4022.5,4814.7,,,14031.4,42553.1,,,,,,,,,,,,,,,,,,,,,,,,,,,,,,,,,,,,,,,,,,,,,,,,,,,,,,,,,,,,,,,,,,,,,,,,,,,,,,,,,,,,,,,,,,,,,,,,,,,,,,,,,,,,,,,,,,,92570.7,,,,,16046.7,76524.0,,,,,,,,,,,,,,,,,,,,,,,,,,,,,,,,,,,,,,,,,,,,,,,,,,,,,,,,,,,,,,,,,,,,,,,,,,
1987,,39396.2,49926.4,89322.6,39697.2,129019.8,35339.8,164359.6,,1.52612029551062,2.20436636755671,2.80816413004107,,2.33575807375212,1.59329660536349,1.25844397739012,,,,,,,,,,,,,,,,,,,,,,,,,,,,,,24310572.0,,9799663.0,5418541.0,,500400.0,222089.0,237345.0,40488610.0,,40727.6,1331.4,39396.2,,,,,,,,,,,,,,,,,,,,,,,,,,,,,,,,,,,,,,,,,,,,,,,,,,,1331.0,,5238.0,493.0,12071.0,,96532.0,61857.9,,,,,11308.0,188830.9,,124963.0,26817.0,,,,,,,,23427.0,188831.0,,,,,,,,,,,,,,,,59402.9,2454.9,61857.8,,3469.0,,3469.0,,,,,,,,,,,,,,,,,,,,,,,,,,,,,,,,,,,,,,,,,,2473.2,351.6,561.6,1018.6,3250.4,7655.4,5911.5,3761.6,6912.0,,,16875.9,48441.0,,,,,,,,,,,,,,,,,,,,,,,,,,,,,,,,,,,,,,,,,,,,,,,,,,,,,,,,,,,,,,,,,,,,,,,,,,,,,,,,,,,,,,,,,,,,,,,,,,,,,,,,,,,,,,,,,,,96532.1,,,,,26817.1,69715.0,,,,,,,,,,,,,,,,,,,,,,,,,,,,,,,,,,,,,,,,,,,,,,,,,,,,,,,,,,,,,,,,,,,,,,,,,,
1988,,35945.3,57718.9,93664.2,40478.6,134142.8,44275.0,178417.8,,2.15591099612616,3.08762512861,4.10672270648378,,2.69369050225221,1.8846387963153,1.46739987544285,,,,,,,,,,,,,,,,,,,,127807121.0,354884.0,7292401.0,18297845.0,2518079.0,27418035.0,37181855.0,34744022.0,,,22855465.0,,8665832.0,4743531.0,,450685.0,201472.0,236612.0,37153597.0,,37281.4,1336.1,35945.3,,,,,,,,,,,,,,,,,,,,,,,,,,,,,,,,,,,,,,,,,,,,,,,,,,,1336.0,,5867.0,411.0,3075.0,,114741.0,70523.0,,,,,20286.0,216239.0,,142473.0,28727.0,,,,,,,,30085.0,216239.0,,,,,,,,,,,,,,,,67408.1,3114.5,70522.6,,3569.0,7683.0,11252.0,,,,,,,,,,,,,,,,,,,,,,,,,,,,,,,,,,,,,,,,,,2528.8,390.4,580.5,1031.8,3079.7,7611.2,5762.2,3910.9,7745.6,,,17907.2,50272.4,,,,,,,,,,,,,,,,,,,,,,,,,,,,,,,,,,,,,,,,,,,,,,,,,,,,,,,,,,,,,,,,,,,,,,,,,,,,,,,,,,,,,,,,,,,,,,,,,,,,,,,,,,,,,,,,,,,114741.3,,,,,28727.6,86013.7,,,,,,,,,,,,,,,,,,,,,,,,,,,,,,,,,,,,,,,,,,,,,,,,,,,,,,,,,,,,,,,,,,,,,,,,,,
1989,,33877.2,57874.5,91751.7,44662.0,136413.7,43767.1,180180.8,,2.19358933899472,3.2613634190192,4.30774233034963,,2.70105919465597,1.87872316373812,1.42966455499521,,,,,,,,,,,,,,,,,,,,134706044.0,350341.0,7388066.0,18931993.0,2517811.0,29852222.0,38756716.0,36908895.0,,,22387010.0,,7611220.0,4110884.0,,459314.0,214452.0,252922.0,35035802.0,,35170.5,1293.3,33877.2,,,,,,,,,,,,,,,,,,,,,,,,,,,,,,,,,,,,,,,,,,,,,,,,,,,1293.0,,5853.0,1196.0,3409.0,,118844.0,73281.0,,,,,29709.0,233585.0,,146304.0,34603.0,,,,,,,,36959.0,233585.0,,,,,,,,,,,,,,,,69269.2,4011.5,73280.7,,5010.0,10225.0,15235.0,,,,,,,,,,,,,,,,,,,,,,,,,,,,,,,,,,,,,,,,,,1562.2,349.2,740.2,923.4,3804.3,7379.3,5984.4,4196.1,8269.6,,,19036.4,52445.8,,,,,,,,,,,,,,,,,,,,,,,,,,,,,,,,,,,,,,,,,,,,,,,,,,,,,,,,,,,,,,,,,,,,,,,,,,,,,,,,,,,,,,,,,,,,,,,,,,,,,,,,,,,,,,,,,,,118844.0,,,,,34602.8,84241.2,,,,,,,,,,,,,,,,,,,,,,,,,,,,,,,,,,,,,,,,,,,,,,,,,,,,,,,,,,,,,,,,,,,,,,,,,,
1990,,44776.248436,57488.368102,102264.616538,39280.874738,141545.491276,46892.917053,188438.408329,,1.94874376944654,2.69727598416074,3.5908624760658,,2.78512813221622,1.95363659941139,1.49354640028237,,,,,,,,,,,,,,,,,,,,144927889.0,354677.0,7491437.0,19655726.0,2507228.0,32366831.0,39268214.0,43283776.0,,,29852936.0,,10164232.0,5322877.0,,491960.0,237165.0,288482.0,46357652.0,,46502.6,1726.3,44776.3,,,,,,,,,,,,,,,,,,,,,,,,,,,,,,,,,,,,,,,,,,,,,,,,,,,1726.330952,,5780.336032,751.016906,3378.590742,,123467.092739,65295.254594,,,,,31656.555486,232055.177451,,143662.159893,30172.223784,,,,,,,,40861.878661,232055.177451,,,,,,,,,,,,,,,,60795.707625,4499.546969,65295.254594,,6323.0,12696.0,19019.0,,,,,,,,,,,,,,,,,,,,,,,,,,,,,,,,,,,,,,,,,,1530.7,244.73,935.3,1352.1,3517.3,7580.13,6005.5,3677.5,9372.8,,,20078.3,54956.03,,,,,,,,,,,,,,,,,,,,,,,,,,,,,,,,,,,,,,,,,,,,,,,,,,,,,,,,,,,,,,,,,,,,,,,,,,,,,,,,,,,,,,,,,,,,,,,,,,,,,,,,,,,,,,,,,,,123467.092739,,,,,30172.223784,93294.868955,,,,,,,,,,,,,,,,,,,,,,,,,,,,,,,,,,,,,,,,,,,,,,,,,,,,,,,,,,,,,,,,,,,,,,,,,,
1991,,44620.12479,75850.327042,120470.451832,44623.018342,165093.470174,50749.345958,215842.816132,,2.20916582768681,3.02745484171708,3.95808736747714,,2.7744003875729,2.02683382961727,1.54368951385869,,,,,,,,,,,,,,,,,,,,159143832.0,352419.0,7580515.0,20854287.0,2506267.0,34641902.0,40020476.0,53187966.0,,,31157345.0,,9278878.0,4680134.0,,539071.0,269130.0,304326.0,46228884.0,,46388.0,1767.9,44620.1,,,,,,,,,,,,,,,,,,,,,,,,,,,,,,,,,,,,,,,,,,,,,,,,,,,1767.90121,,7269.804379,1423.74347,2216.432583,,118951.402834,73616.241034,,,,,53084.83164,258330.35715,,171222.691342,27935.880497,,,,,,,,40389.192128,258330.35715,,,,,,,,,,,,,,,,68902.73311,4713.507924,73616.241034,,15952.0,24816.0,40768.0,,,,,,,,,,,,,,,,,,,,,,,,,,,,,,,,,,,,,,,,,,1490.754,347.4065,766.492,1447.798,4179.22,8231.6705,7365.9,4370.878,13908.44,,,28302.617,71680.6045,,,,,,,,,,,,,,,,,,,,,,,,,,,,,,,,,,,,,,,,,,,,,,,,,,,,,,,,,,,,,,,,,,,,,,,,,,,,,,,,,,,,,,,,,,,,,,,,,,,,,,,,,,,,,,,,,,,118951.402834,,,,,27935.880497,91015.522337,,,,,,,,,,,,,,,,,,,,,,,,,,,,,,,,,,,,,,,,,,,,,,,,,,,,,,,,,,,,,,,,,,,,,,,,,,
1992,,43771.6,81691.9,125463.5,46332.9,171796.4,51208.783,223005.183,,2.32822706353919,3.18802701900238,4.13830877004157,,2.44711604172119,1.80320600053102,1.40678809344602,,,,,,,,,,,,,,,,,,,,171950724.0,345708.0,7704663.0,21802507.0,2505912.0,37970798.0,42381922.0,59239214.0,,,31654763.0,,8488515.0,4242632.0,,587971.0,294315.0,337072.0,45605268.0,,45777.2,2007.6,43769.6,,,,,,,,,,,,,,,,,,,,,,,,,,,,,,,,,,,,,,,,,,,,,,,,,,,2005.628,,7746.215,491.451,407.395,10830.0,101666.324,86037.409,,,,,81450.954,290635.376,,177215.673,28641.785,,,,,,,,59705.2,290635.113,,,,,,,,,,,,,,,,83294.298,2743.111,86037.409,,24675.0,27086.0,51761.0,,,,,,,,,,,,,,,,,,,,,,,,,,,,,,,,,,,,,,,,,,1973.0,302.7,720.3,1802.4,3981.0,8779.4,7564.9,5258.1,15378.4,,,26049.2,73574.4,,,,,,,,,,,,,,,,,,,,,,,,,,,,,,,,,,,,,,,,,,,,,,,,,,,,,,,,,,,,,,,,,,,,,,,,,,,,,,,,,,,,,,,,,,,,,,,,,,,,,,,,,,,,,,,,,,,101666.33,,,,,28641.785,73024.545,,,,,,,,,,,,,,,,,,,,,,,,,,,,,,,,,,,,,,,,,,,,,,,,,,,,,,,,,,,,,,,,,,,,,,,,,,
1993,,42622.797617,78879.959,121502.756617,47892.339,169395.095617,59027.66,228422.755617,,2.24370300335347,3.12809494615237,4.22233572409922,,2.62092727627607,1.87992390098612,1.39412506472944,,,,,,,,,,,,,,,,,,,,181505749.0,338555.0,7801868.0,22756110.0,2505712.0,41131242.0,44088761.0,62883501.0,,,31329895.0,,8299483.0,4021398.0,,623322.0,312151.0,364859.0,44951108.0,,45133.561617,2510.764,42622.797617,,,,,,,,,,,,,,,,,,,,,,,,,,,,,,,,,,,,,,,,,,,,,,,,,,,2510.764,,8131.827,627.996,259.633,6376.655,111586.214,101932.032,59686.101,807.526,4569.728,13719.893,10545.955,320754.324,,185799.958,37292.093,,34480.971,13992.779,16200.0,4288.192,16633.772,708.105,45839.424,320754.323,,6.20571722626546,54.861170636002,32.1238506415593,60.0571793455411,34.7886858105146,16.2501538348033,9.41305439735865,42.4542394137678,25.7762916178915,25.9294547310931,,,92539.565,4902.757,97442.322,4489.71,101932.032,,22601.817,37084.284,59686.101,,,,,,,,,,,,,,,,,,,,,,,,,,,,,,,,,,,,,,,,,,1813.19,224.955,677.118,1900.579,3555.236,8171.078,7120.311,5300.587,12778.755,,,28383.544,71629.302,,,1525.453,260.128,702.659,1293.518,2746.005,6527.763,5851.742,5128.941,11172.406,3594.37,4313.414,19717.353,56305.989,,,,,,,,,,,,,,,,,,,,,,,,,,,,,,,,,,,,,,,,,,,,,,,,,,,,,,,,,,,,,,,,,,,,,,,,,,,,,,,,78879.959,76796.959,2083.0,47892.339,30574.772,17317.567,59027.66,48176.916,39081.071,9095.845,3066.737,3630.061,4153.946,185799.958,,,48510.286,9128.612,42916.941,11030.375,111586.214,,16645.961,17332.508,3313.624,37292.093,74294.121,,7015.897,6708.945,306.952,,,,,,,,,,,,,,,,,,,,,,,,,,,,,,,,,,,,,,,,,142026.575,199146.156,625302.084,,174425.2055,1140900.0205,,,43661.93,,18649.4405,,,68794.3865,,,30853.1955,,6333.828,174838.497,,11635.7025,7531.3845,,1235.245,318156.605,,630039.767,968598.704,1143437.201
1994,,44965.078411,80679.357,125644.435411,51417.12,177061.555411,59169.37,236230.925411,,2.05795678199269,2.90012866543823,3.86927629127152,,2.61268102070458,1.85398140772838,1.38960989626711,,,,,,,,,,,,,,,,,,,,187055249.0,331317.0,7848600.0,23622011.0,2505434.0,43699500.0,45287572.0,63760815.0,,,32384730.0,,9081285.0,4330744.0,,667992.0,358541.0,397212.0,47220504.0,,47407.559411,2442.481,44965.078411,,,,,,,,,,,,,,,,,,,,,,,,,,,,,,,,,,,,,,,,,,,,,,,,,,,2442.481,,8202.425,1003.223,0.0,11005.043,98147.348,113191.568,65954.682,501.666,4711.375,13755.304,13316.056,332231.171,,191265.847,39150.438,,36961.934,13613.094,19700.0,3648.84,17769.406,490.212,46593.334,332231.171,,6.09002034743819,59.1802299131847,34.4832509486129,51.3146228348859,29.5418842562488,17.4171680530084,10.0270826183254,42.181789517289,26.8825411365783,24.5311955772219,,,102473.113,4652.379,107125.492,6066.076,113191.568,,26929.644,39025.038,65954.682,,,,,,,,,,,,,,,,,,,,,,,,,,,,,,,,,,,,,,,,,,1451.302,233.213,864.326,1734.478,3747.644,8030.963,5498.328,4286.321,9159.301,,,20917.085,56457.269,,,1809.65,287.09,990.02,1203.82,2752.46,7043.04,4538.79,3694.05,7286.96,4480.67,4482.9,17938.49,49464.9,,,,,,,,,,,,,,,,,,,,,,,,,,,,,,,,,,,,,,,,,,,,,,,,,,,,,,,,,,,,,,,,,,,,,,,,,,,,,,,,80679.357,77318.837,3360.52,51417.12,31996.662,19420.458,59169.37,46919.799,40059.993,6859.806,2887.69,4937.897,4423.984,191265.847,,,38631.764,7248.873,42706.528,9560.183,98147.348,,16261.58,16044.893,6843.965,39150.438,58996.91,,4570.746,10165.082,-5594.336,,,,,,,,,,,,,44965.078411,2442.481,,8280.0,5366.0,13646.0,61053.559411,,,,,,,,,,,,,,,,,,,,,,108764.1625,338257.7625,506656.556,133410.0,17412.0,1104500.481,,,31522.0,,15536.0,2113.0,,13828.0,42205.0,,8629.0,19563.0,296.0,136317.0,,10906.0,3095.0,,4962.0,164215.0,331245.0,468145.0,982568.0,1118885.0
1995,,43087.203,81383.933,124471.136,61222.523,185693.659,56075.251,241768.91,,2.17177840978487,3.23999195644967,4.21839565194633,,2.74245595094679,1.83827821306654,1.4119127543914,,,,,,,,,,,,,,,,,,,,192479435.0,327338.0,7883247.0,24620878.0,2505273.0,46423301.0,47182116.0,63537282.0,,,31620518.5,,8398015.2,3985530.4,,639276.1,321210.9,394058.6,45358609.7,,45551.088,2463.885,43087.203,,,,,,,,,,,,,,,,,,,,,,,,,,,,,,,,,,,,,,,,,,,,,,,,,,,2463.885,,8312.085,402.135,0.0,13106.325,97970.822,121152.847,63628.412,529.329,4753.944,15286.869,13551.241,341157.894,,198681.707,39677.854,,39254.61,14826.861,19900.0,4527.749,18826.479,644.9,44072.344,341157.894,,5.62613698502198,60.9783602271949,32.0252996417028,49.3104390330208,28.7171493677939,17.4786403460888,10.1791169457741,40.9619658643259,30.8143733635226,23.0712704718205,,,109559.417,3847.483,113406.9,7745.947,121152.847,,24452.341,39176.071,63628.412,,119379.347,10305.215,8174.679,137859.241,,,,,,,,,,,,,,,,,,,,,,,,,,,,,,,,,,,,,1607.571,198.583,816.408,1376.301,4369.816,8368.679,5434.192,3510.631,6324.237,,,27875.298,59146.814,,,1812.865,245.41,1031.845,985.906,2847.206,6923.232,5190.927,2975.51,6729.466,4572.88,3077.162,27659.512,57128.689,,,,,,,,,,,,,,,,,,,,,,,,,,,,,,,,,,,,,,,,,,,,,,,,,,,,,,,,,,,,,,,,,,,,,,,,,,,,,,,,81383.933,78781.585,2602.348,61222.523,38022.296,23200.227,56075.251,45838.394,40160.065,5678.329,2717.936,3666.607,3852.314,198681.707,,,48914.657,7536.657,33170.386,8349.122,97970.822,,15588.145,17814.113,6275.596,39677.854,58292.968,,8827.452,10124.673,-1297.221,,,,,,,,,,,,,43087.203,2463.885,,8627.0,3135.0,11762.0,57313.088,,,,,,,,,,,,,,,,,,,,,,116688.957,472409.28,523447.2635,179990.933,12491.327,1305027.7605,,,27268.4685,,10829.4165,1137.3565,,17779.762,37561.9755,,7134.974,19711.8075,401.464,124757.934,,7322.224,803.4255,95.289,868.4655,206416.0125,458327.854,517674.7205,1191507.991,1316265.925
1996,,43037.635,89890.221,132927.856,71080.751,204008.607,54313.953,258322.56,,2.24703510996163,3.4485962269892,4.36672853592981,,2.69759645107015,1.75769894156458,1.3881316157364,,,,,,,,,,,,,,,,,,,,198311639.0,354912.0,7913556.0,25987486.0,2505235.0,49105409.0,50198880.0,62246161.0,,,31643493.0,,8264617.0,3644898.0,,657946.0,346554.0,415408.0,44972916.0,,45171.226,2133.591,43037.635,,43037.635,89890.221,132927.856,71080.751,54313.953,125394.704,,,258322.56,49270.0,145709.228,453302.221,,,188927.0,67518.057,256445.057,123546.668,56607.252,16703.244,453302.221,,,,,,,,,,,,,,,,,,,,,,,,,,,,,2133.591,,8830.796,198.67,43.995,8658.772,106171.34,123546.668,73310.496,663.307,4899.7,16782.193,12707.88,357947.408,,215284.925,38653.283,,43003.9,14793.223,22090.0,6120.677,18159.327,1388.31,41457.663,357947.408,,5.20568358420823,57.3875147087052,34.0527772671496,49.3166625577708,29.6611562556698,17.1322831823919,10.3040899796095,41.7540712616083,33.0170591368625,20.3255848034878,,,113066.802,3853.155,116920.0,6626.7,123546.7,,16703.24,56607.25,73310.49,,106007.9,15649.7,11965.6,133623.2,,,,,,,,,,,,,,,,,,,,,,,,,,,,,,,,,,,,,1833.0,554.8,1401.3,1736.9,4685.0,10211.0,5397.9,3876.7,8823.7,,,28606.2,64782.9,,,1750.227,292.168,849.731,1078.382,2883.393,6853.901,3961.386,3639.346,7310.765,2820.735,3965.469,22888.843,51440.445,,,4950.646,4031.046,,4581.077,3695.977,,624.079,479.128,,11664.043,9742.893,,808.439,1573.405,,1514.897,1073.327,,7771.784,6486.269,,3720.898,3445.259,,4594.833,4211.494,,6473.071,6533.938,,1272.473,1122.18,,3464.457,3961.948,,51440.697,46356.864,,572.403,394.131,5012.829,3943.417,6964.019,6052.62,12549.251,10390.168,,,,,,3590.807,2986.978,1797.369,1451.864,200.987,188.345,14.089,11.361,912.42,479.439,480.616,337.544,5552.963,4934.637,12549.251,10390.168,,,,,,,,,,89890.221,87696.2,2194.021,71080.751,44238.746,26842.005,54313.953,43757.92,37396.213,6361.707,3788.956,1991.344,4775.733,215284.925,,,54612.223,7353.027,34149.135,10056.955,106171.34,,14340.683,17404.211,6908.389,38653.283,67518.057,,11496.698,10976.291,520.407,,,,,,,,,,,,,43037.635,2133.591,,8976.0,5009.0,13985.0,59156.226,,,,,,,,,,,,,,,,,,,,,,128688.411,398726.882797918,728195.487146023,,434136.481853978,1689747.26279792,,,38892.574,,14794.6225,10373.2755,,23703.603,34549.872,,6732.3865,19594.589,406.707,151992.6975,,5463.955,89.254,2075.254,23.219,386281.939,420385.818,734099.0195,1548418.4585,1700411.156
1997,,45823.203,95360.545,141183.748,77165.538,218349.286,54199.523,272548.809,,2.21048611241584,3.41865173007672,4.26724297792391,,2.71926300631327,1.75826424744551,1.40861280751021,,,,,,,,,,,,,,,,,,,,197460956.0,355019.0,7971444.0,27309267.0,2505124.0,49551500.0,56421119.0,53347483.0,,,34656857.0,,8990427.0,3408019.0,,681641.0,371851.0,432515.0,48541310.0,,48738.76,2915.557,45823.203,,45823.203,95360.545,141183.748,77165.538,54199.523,131365.061,,,272548.809,52777.0,171799.13,497124.486,,,213182.0,53470.724,266652.724,133683.97,75927.059,20860.733,497124.486,,,,,,,,,,,,,,,,,,,,,,,,,,,,,2915.557,,9497.932,141.083,0.0,7281.87,99514.624,133683.97,96787.792,1117.799,4864.144,13146.777,12835.898,381787.446,,226725.606,46043.9,,44873.572,15713.845,22640.0,6519.727,14894.611,1648.054,47601.703,381787.446,,5.53734190923278,58.962890146603,42.6893960975894,43.8920974810406,26.0654521364225,16.9164152548345,10.0458633205032,42.0598919912028,34.0347697648231,19.6380818141909,,,124773.733,3579.158,128352.891,5331.079,133683.97,,20860.733,75927.059,96787.792,,116174.066,22264.097,10775.461,149213.624,,,,,,,,,,,,,,,,,,,,,,,,,,,,,,,,,,,,,1996.915,277.981,614.165,1529.389,4113.644,8532.094,5269.302,3835.088,9836.598,3200.215,3762.656,36248.67,70684.623,,,2284.05,176.063,438.454,594.069,2067.644,5560.28,4214.597,3001.811,7893.397,2591.469,2424.327,27657.799,53343.68,,,7223.642,5533.579,,4625.791,4132.348,,414.134,470.863,,12388.092,10731.522,,664.555,739.934,,905.021,826.563,,8345.535,8164.957,,2288.774,2208.857,,3824.574,3454.162,,8697.741,7841.193,,1491.813,1115.439,,2474.458,6671.744,,53344.13,51891.161,,463.266,324.181,5739.129,4031.756,12389.437,6314.675,18591.832,10670.612,,,,,,4985.089,3128.855,1887.002,1400.242,211.762,133.824,4.16,2.566,2213.25,638.675,787.542,275.38,8503.027,5091.07,18591.832,10670.612,,,,,,,,,,95360.545,92253.951,3106.594,77165.538,46286.611,30878.927,54199.523,44524.56,36243.599,8280.961,3131.616,2722.983,3820.364,226725.606,,,50165.177,6502.833,32989.79,9856.824,99514.624,,15585.813,21486.672,8971.415,46043.9,53470.724,,6332.189,15171.288,-8839.099,,,,,,,,,,,,,45823.203,2915.557,,9501.0,5630.0,15131.0,63869.76,,,,,,,,,,,,,,,,,,,,,,131106.652,286479.683,599121.74,416793.112,13735.764,1447236.951,,,44308.957,,17592.216,14571.796,,28072.523,34059.12,,8172.568,17551.014,1047.788,165375.982,,8768.312,7.853,2267.673,16.898,368404.278,280537.319,633374.646,1293376.979,1458752.961
1998,,45019.049,95253.268,140272.317,83436.098,223708.415,59547.916,283256.331,,2.22269909204709,3.54479416564991,4.48836665134925,,2.76097454117261,1.73121916789895,1.36727145586128,,,,,,,,,,,,,,,,,,,,199506369.0,354987.0,7987123.0,28563812.0,2505138.0,50490633.0,62792545.0,46812131.0,,,34646464.0,,8437144.0,2797032.0,,731220.0,386843.0,478075.0,47476778.0,,47676.283,2657.234,45019.049,,45019.049,95253.268,140272.317,83436.098,59547.916,142984.014,,,283256.331,49206.0,150473.16,482935.266,,,170036.0,42838.0,212874.0,160654.84,85807.385,23599.041,482935.266,,,,,,,,,,,,,,,,,,,,,,,,,,,,,2657.234,,9825.532,90.548,0.0,3558.84,85943.665,160654.84,109406.426,451.597,5075.283,13802.185,12839.446,404305.596,,238237.282,43104.975,,47598.981,16447.419,23812.0,7339.562,14027.568,2271.142,59065.648,404305.596,,5.27764332032633,67.4348022489612,45.9233017945529,36.0748176265711,21.2571049845177,16.8988743751702,9.95767048448175,39.9825196125265,35.0222674216036,21.0479315323955,,,152204.149,3024.671,155228.82,5426.02,160654.84,,23599.0,85807.385,109406.385,,134153.375,27157.452,17517.034,178827.861,,,,,,,,,,,,3083.05081446917,4887.92370642903,,,,,36267.4462453754,44238.4207662736,1898.29558630549,,10916.7463132193,15888.8894387197,19331.0802056071,46136.7159575461,,,,,,,,,,,,2383.643,218.2,514.044,1376.275,4254.504,8746.666,5084.258,3781.633,12439.415,3221.55,3436.44,33245.449,69955.411,,,2920.881,222.006,428.371,712.673,2457.508,6741.439,3955.979,3124.727,10193.327,3979.923,2510.3,25155.472,55661.167,,,7346.6,6900.789,,4196.857,4126.121,,454.732,434.863,,13214.69,10944.314,,785.311,577.65,,904.172,590.176,,9746.511,9772.566,,2485.435,2260.495,,4190.913,3870.794,,8962.432,8210.737,,1184.945,1159.749,,2188.567,1725.892,,55661.165,50574.146,,401.002,565.236,3783.085,3075.391,11305.503,5215.293,15489.59,8855.92,,,,,,5446.278,3532.026,2047.271,1519.575,108.583,51.4,2.446,0.139,1153.068,499.488,112.656,60.399,6619.288,3192.893,15489.59,8855.92,,,,,,,,,,95253.268,92648.315,2604.953,83436.098,45812.4,37623.698,59547.916,50144.02,44106.429,6037.591,3018.069,3451.01,2934.817,238237.282,,,42308.319,6760.705,24378.042,12496.599,85943.665,,14921.462,23224.75,4958.763,43104.975,42838.69,,11654.196,12771.022,-1116.826,,,,,,,,,,,,,45019.049,2657.234,,9856.0,5577.0,15433.0,63109.283,,,,,,,,,,,,,,,,,,,,,,178726.905,315562.371,653399.639,424098.122,3512.923,1575299.96,,,48000.28,,13279.628,8485.937,,12014.519,35860.84,,5914.618,17561.089,471.891,141588.802,,7865.502,404.714,19646.994,1.676,433954.746,307337.299,649820.972,1419031.903,1560620.705
1999,,55060.285,101604.895,156665.18,85341.415,242006.595,63439.317,305445.912,,2.15190555334258,3.32412943147947,4.19551271238823,,2.53793376166931,1.64295460460489,1.30172260940261,,,,,,,,,,,,,,,,,,,,198448916.0,354994.0,7985994.0,29007854.0,2505138.0,50558807.0,65046419.0,42989710.0,,,42306793.0,3388054.0,9977872.0,2931557.0,82579.0,763645.0,410240.0,468754.0,60329494.0,,60527.944,5467.659,55060.285,,55060.285,101604.895,156665.18,85341.415,63439.317,148780.732,,,305445.912,30995.0,122243.414,458684.484,,,141834.0,40334.34,182168.34,162189.814,99978.949,14347.381,458684.484,,,,,,,,,,,,,,,,,,,,,,,,,,,,,5467.659,,10504.286,572.09,1.0,2286.586,91487.192,162189.814,114326.33,425.517,5156.514,9937.418,12873.275,415227.681,,250385.627,51152.852,,48692.135,19310.153,23028.0,6353.982,10585.025,2001.633,52410.409,415227.681,,6.60782138265468,64.7760080893142,45.6601009290361,36.5385158469979,22.0330185549455,16.9091786566487,10.1963705545922,40.5793640063852,34.0839911709469,19.5412666398779,,,148921.674,3053.713,151975.387,10214.427,162189.814,,14347.381,99978.949,114326.33,,116622.043,27280.743,22419.982,166322.768,,,,,,,,,,,,3340.36561796272,4553.94993066509,,,,,39116.196919523,47010.5124681508,1918.54407272165,,11363.9834064256,16421.6084163871,21143.4644054191,48929.0562282318,,,,,,,,,,,,2805.205,201.233,360.709,1119.393,3828.28,8314.82,4380.268,3479.796,8458.074,2717.927,3607.502,34721.837,65680.224,,,2498.732,120.638,219.283,354.69,2268.363,5461.706,3592.852,2588.344,6229.655,2791.573,2714.547,23064.769,46443.446,,,6048.814,5392.931,,3333.042,2862.087,,284.612,200.071,,11368.325,11046.162,,350.198,290.295,,461.875,578.115,,8352.744,8745.65,,1486.997,1537.935,,3449.715,3087.722,,7785.02,8274.004,,814.175,712.927,,1297.449,1417.143,,45032.966,44145.042,,1031.744,297.042,4094.721,2539.684,11569.442,7557.112,16695.907,10393.838,,,,,,4966.483,4366.516,2043.796,1348.361,883.956,84.252,5.562,24.014,1450.163,451.806,582.983,84.527,6762.964,4034.362,16695.907,10393.838,,,,,,,,,,101604.895,98974.74,2630.155,85341.415,49799.655,35541.76,63439.317,48928.523,43607.84,5320.683,2646.178,6878.622,4985.994,250385.627,,,38514.434,10129.706,29015.967,13827.085,91487.192,,23697.924,21741.408,5713.52,51152.852,40334.34,,7434.235,15894.636,-8460.401,,,,,,,,,,,,,55060.285,5467.659,,10515.0,1760.0,12275.0,72802.944,,,,,,,,,,,,,,,,,,,,,,127542.662,269319.141,506386.553,348372.429,4778.831,1256399.616,,,45792.621,,10399.746,5945.038,,19843.908,35950.039,,3920.017,13738.982,75.816,135666.167,,7486.91,93.9,19183.531,0.802,360770.483,226009.173,472592.466,1086137.265,1221803.432
2000,,51019.457,114480.931,165500.388,90832.006,256332.394,62656.915,318989.309,,2.29979834081403,3.56200261245362,4.43268497700207,,2.49855548469891,1.61318628404492,1.29631900032486,,,,,,,,,,,,,,,,,,,,199815367.0,355194.0,8040959.0,29517446.0,2505136.0,50643118.0,67821487.0,40932027.0,,,38035563.0,7263190.0,7295452.0,2340065.0,143975.0,783825.0,427228.0,501362.0,56790660.0,,56990.46,5971.003,51019.457,,51019.457,114480.931,165500.388,90832.006,62656.915,153488.921,,,318989.309,52003.0,138768.482,509760.791,,,178261.0,36760.522,215021.522,172238.059,110062.408,12438.802,509760.791,,,756.0,69830.0,13595.0,54574.0,58383.0,36302.48702156,233440.48702156,,,56989.86123043,13595.0,53305.78196658,11212.52747501,5295.5544132,23606.7873987,69434.97453764,233440.48702156,,,,,,,,,,5971.003,,11190.816,116.207,1604.641,2210.766,101204.285,172238.059,122501.21,273.479,5118.914,14985.579,15857.331,453272.29,,267969.852,64443.763,,52380.262,20144.664,23380.0,8855.598,17036.494,3302.89,48139.029,453272.29,,7.0465639545153,64.2751629388518,45.7145492620565,37.767041420764,22.3274811261902,16.2423734144541,9.60232181852546,42.7215711564449,33.8963526389528,18.2086460979946,,,156821.772,4272.622,161094.394,11143.665,172238.059,,12438.802,110062.408,122501.21,,114858.275,32049.186,26625.735,173533.196,,,,,,,,,,,,3260.39877571069,4987.64815107122,,,,,44455.0660522636,52703.1129790455,2123.08248569361,,13633.7731060898,16993.9022031673,24198.5197994621,54826.1951087192,,,,,,,,,,,,3072.252,156.994,371.147,1185.244,4287.24,9072.0,3994.565,3501.951,8922.834,3902.707,3341.963,38614.478,71351.375,,,2737.745,117.596,185.042,466.786,2797.825,6304.994,2973.473,2438.761,6513.261,3289.384,2539.813,25668.838,49728.524,,,6654.405,5747.488,,3242.32,3137.145,,303.026,608.255,,13227.875,11934.116,,1268.871,1122.666,,487.724,447.828,,7901.137,8034.368,,2292.722,2454.218,,3572.69,3583.991,,7685.546,7540.812,,1588.194,1373.76,,1504.014,1548.364,,49728.524,47533.011,,730.773,260.117,4705.079,3829.199,17013.978,9040.572,22449.83,13129.888,,,,,,6441.728,4931.598,2374.335,1807.012,897.94,176.284,20.932,13.982,2518.956,741.702,1287.331,52.607,8908.608,5406.703,22449.83,13129.888,,,,,,,,,,114480.931,110822.978,3657.953,90832.006,53779.024,37052.982,62656.915,48793.682,42986.342,5807.34,2662.319,6531.579,4669.335,267969.852,,,42241.928,7399.793,38232.569,13329.995,101204.285,,26865.107,28587.619,8991.037,64443.763,36760.522,,5887.475,16384.28,-10496.805,,,,,,,,,,,,,51019.457,5971.003,,11213.0,3760.0,14973.0,71963.46,,,,,,,,,,,,,,,,,,,,,,162221.674,267378.317,357413.264,274169.957,3808.883,1064992.095,,,53521.697,,171.08,540.32,,20810.542,39428.313,,3554.131,16120.574,236.112,134382.769,,6009.619,1223.579,14213.837,19.375,365111.606,204064.915,313186.581,903829.512,1038212.281
2001,,49203.423,130192.471,179395.894,91684.591,271080.485,68902.386,339982.871,,2.66353212933185,4.02479435472676,5.0478039387623,,2.3945742775779,1.58468357940075,1.26352481232942,,,,,,,,,,,,,,,,,,,,200881770.0,355331.0,8052236.0,30040988.0,2505115.0,50902711.0,70778457.0,38246932.0,,,34462387.0,8139746.0,6051580.0,1885174.0,140660.0,798771.0,464539.0,512895.0,52455752.0,,52656.63,3453.207,49203.423,,49203.423,130192.471,179395.894,91684.591,68902.386,160586.977,,,339982.871,52155.0,148640.443,540778.314,,,181304.0,39749.991,221053.991,187064.121,121843.239,10816.963,540778.314,,,756.0,71681.0,19733.0,35809.0,73557.0,22936.74835235,224472.74835235,,,52704.02820392,19733.0,51528.10491171,12716.31987523,514.72536941,16684.85548602,70591.71450606,224472.74835235,,756.0,906.097015603012,9592.89721467412,106583.902984397,73557.0,191395.897214674,,,3453.207,,12598.667,196.569,2873.979,1989.735,99364.016,187064.121,132660.202,378.722,5165.532,11314.177,15372.255,472431.182,,290779.448,59614.025,,53846.674,19912.777,23880.0,10053.897,13292.048,4432.816,50466.171,472431.182,,6.57626325778017,64.331960971327,45.622275890695,34.1716089921183,21.0324846847218,15.0604787584575,9.26966268708317,44.7736151559102,31.5306297025504,17.2201719703382,,,171575.097,5227.832,176802.929,10261.192,187064.121,,10816.963,121843.239,132660.202,,113453.455,31950.763,42215.674,187619.892,,,,,,,,,,,,3983.99508584338,6662.61063335293,,,,,50102.0757280853,60748.6814472816,2199.59954090687,,14853.8016159227,18814.3832350047,29280.0961372611,62948.2809881885,,,,,,,,,,,,2746.978,183.682,657.411,1403.452,4856.271,9847.794,4944.148,4514.28,11792.175,5240.321,3753.743,40933.26,81025.721,,,2365.722,115.695,239.736,858.185,2720.262,6299.6,3256.191,3615.354,8692.701,3704.231,3225.253,25634.109,54427.439,,,8340.002,6935.771,,3323.968,5108.852,,1155.262,608.109,,11961.302,13541.284,,553.508,469.385,,736.813,728.31,,9897.608,10147.918,,2257.612,2491.618,,4224.731,4222.779,,8992.699,8316.836,,1175.178,1021.412,,1808.756,1813.849,,54427.439,55406.123,,498.007,135.963,4511.037,3188.643,16129.656,8308.083,21138.7,11632.689,,,,,,6167.067,4995.653,2568.539,1802.192,797.377,537.396,3.339,0.187,3128.588,636.92,374.661,51.828,8099.129,3608.513,21138.7,11632.689,,,,,,,,,,130192.471,126828.797,3363.674,91684.591,49152.743,42531.848,68902.386,50072.721,43874.858,6197.863,2671.067,12081.056,4077.542,290779.448,,,42310.898,8096.861,31061.391,17894.866,99364.016,,26290.79,27763.299,5559.936,59614.025,39749.991,,7864.096,19069.638,-11205.542,,,,,,,,,,,,,49203.423,3453.207,,12716.0,1980.0,14696.0,67352.63,,,,,,,,,,,,,,,,,,,,,,164668.504,263124.296,450717.311,313910.972,5996.188,1198417.271,,,58579.324,,21.737,311.519,,20489.503,39301.306,,2948.242,14868.092,113.33,136633.053,,6750.297,2073.395,76.875,0.675,356630.635,226666.792,424632.645,1016831.314,1153464.367
2002,,52329.209,150009.862,202339.071,108028.195,310367.266,79841.297,390208.563,,2.61386994173991,4.0094069004468,5.04081801302342,,2.18405669391941,1.42386150496613,1.13252256450093,,,,,,,,,,,,,,,,,,,,201589120.0,355327.0,8060746.0,30459930.0,2505115.0,51385413.0,72436036.0,36386553.0,,,36791546.0,9902883.0,6451207.0,1832852.0,170518.0,857943.0,494443.0,517787.0,57019179.0,,57220.77,4891.561,52329.209,,52329.209,150009.862,202339.071,108028.195,79841.297,187869.492,,,390208.563,51980.0,116750.602,558939.165,,,157103.0,52490.969,209593.969,205829.476,131555.697,11960.023,558939.165,,,756.0,72731.0,16266.0,40255.0,43716.0,24216.01977878,197940.01977878,,,57220.59625289,16265.9,55708.7311859,14281.0,369.97500894,25247.0,28846.81733105,197940.01977878,,756.0,1243.401552951,13364.5105353576,111742.598447049,43716.0,170822.510535358,,,4891.561,,14269.909,1750.199,7731.825,7093.85,95489.835,205829.476,143515.72,243.14,5616.501,8056.935,13748.347,508237.298,,337879.354,42998.866,,57854.164,22802.903,24495.0,10556.261,10458.794,5652.353,53393.767,508237.298,,8.4774324506374,60.9180388097936,42.4754334057357,28.2615181630778,18.7884351218946,13.9984590476043,9.30626366583587,44.3974632436405,31.9724166987723,17.6314149694983,,,191539.763,7157.454,198697.217,7132.259,205829.476,,11960.023,131555.697,143515.72,,124577.967,31646.367,54432.906,210657.24,,,,,,,,,,,,4951.7502835302,9606.42685373888,,,,,56210.1234630126,70768.3006002817,2299.07496035687,,12031.477761505,21440.9076172103,39594.9901819232,73067.3755606385,,,,,,,,,,,,3358.551,164.849,522.484,1726.07,4307.655,10079.609,5096.061,4282.497,13717.088,3457.605,3243.899,39878.439,79755.198,,,2794.054,73.839,229.624,1002.206,2833.659,6933.382,3459.735,2953.215,10545.475,2509.981,2486.283,28264.849,57152.92,,,7840.298,6510.783,,3792.015,3802.416,,523.011,591.148,,13728.901,13067.96,,397.826,407.231,,897.022,844.274,,10087.778,11096.701,,2539.465,2171.565,,4242.07,3743.794,,8994.526,7741.642,,1481.361,1250.31,,2628.647,2874.229,,57152.92,54102.053,,310.258,186.553,8213.749,3146.83,12961.487,7617.166,21485.494,10950.549,,,,,,5469.189,4133.807,3323.958,1624.274,619.176,379.458,0.094,0.29,2502.612,882.305,673.1,79.349,8897.365,3851.066,21485.494,10950.549,,,,,,,,,,150009.862,147029.341,2980.521,108028.195,64257.72,43770.475,79841.297,59572.911,54053.168,5519.743,3311.195,12167.415,4789.776,337879.354,,,30454.133,13157.217,34979.171,16899.314,95489.835,,27643.972,9412.015,5942.879,42998.866,52490.969,,12164.456,7859.546,4304.91,,,,,,,,,,,,,52329.209,4891.561,,14281.0,5908.0,20189.0,77409.77,,,,,,,,,,,,,,,,,,,,,,164474.953,187444.028,561354.464,250862.741,10802.603,1174938.789,,,58716.166,,170.711,139.087,,21640.236,39114.673,,2562.296,17202.217,153.607,139698.993,,8278.055,3313.881,714.296,1.395,262160.076,180082.784,563867.983,1018418.47,1158117.463
2003,,55444.658,167577.202,223021.86,113381.881,336403.741,80703.041,417106.782,,2.8415528341329,4.28616730060211,5.31441607799413,,2.11931491142706,1.40501871967054,1.13317158547712,,,,,,,,,,,,,,,,,,,,206017903.0,355209.0,8065000.0,30764774.0,2505115.0,52902647.0,76424099.0,35001059.0,,,40023425.0,9422311.0,6199144.0,1770216.0,176939.0,881619.0,497997.0,524245.0,59495896.0,,59701.91,4257.252,55444.658,,55444.658,167577.202,223021.86,113381.881,80703.041,194084.922,,,417106.782,57124.0,194820.748,669051.53,,,223155.0,41018.507,264173.507,228486.25,150547.573,25844.2,669051.53,,,756.0,80204.0,21259.0,45776.0,97035.0,27669.61883604,272699.61883604,,,59701.70099764,21259.0,57858.51811026,15472.43733433,616.01670402,16101.19608796,101690.74960183,272699.61883604,,756.0,1614.61878705364,16977.851614886,124365.381212946,97035.0,240748.851614886,,,4257.252,,15464.788,847.473,6093.811,174.69,81081.917,228486.25,176391.773,449.353,5591.344,10948.992,15420.083,545207.726,,361662.444,40063.41,,59181.004,22078.262,24945.0,12157.742,14573.967,8226.246,61500.975,545207.726,,7.37244025033708,63.1767151818198,48.7725314028184,22.4192448197865,14.8717476171642,13.0019869042189,8.62483412423249,46.3352922187671,31.35022261828,17.6481966908982,,,211046.981,10076.013,221122.994,7363.256,228486.25,,25844.2,150547.573,176391.773,,146039.551,37757.587,63170.056,246967.194,,,,,,,,,,,,5540.89802033393,10439.3265915471,,,,,70951.8820369169,86932.1066487979,2607.80005635273,,13278.5837583111,23791.7934946757,52469.5294521639,89539.9067051507,,,,,,,,,,,,3964.861,188.42,399.375,2331.642,5751.97,12636.268,4484.619,3889.001,13929.019,3493.629,3073.855,44668.844,86175.235,,,3851.728,72.757,140.649,871.855,3586.886,8523.875,3202.352,2630.891,11525.5,2956.527,2183.888,33971.167,64994.2,,,8765.876,7320.595,,3670.197,3231.221,,511.351,624.086,,16737.8,15085.795,,590.999,590.596,,861.429,827.957,,10291.768,10723.304,,3341.304,2506.057,,4374.618,4022.185,,9865.868,8955.604,,2028.296,1650.882,,2509.394,3301.667,,63548.9,58839.949,,562.613,227.858,8235.353,3595.336,22188.265,8661.896,30986.231,12485.09,,,,,,6116.015,4410.877,4742.201,2173.527,628.003,170.042,6.142,5.145,2357.997,1270.064,190.68,43.025,16945.193,4412.41,30986.231,12485.09,,,,,,,,,,167577.202,163830.522,3746.68,113381.881,66821.26,46560.621,80703.041,63826.843,55275.779,8551.064,2836.914,8255.738,5783.546,361662.124,,,21572.845,10805.312,34765.231,13938.529,81081.917,,25923.681,8760.492,5379.237,40063.41,41018.507,,8969.584,8567.573,402.011,,,,,,,,,,,,,55444.658,4257.252,,15472.0,3312.0,18784.0,78485.91,,,,,,,,,,,,,,,,,,,,,,155422.506,198964.765,641831.598,247880.431,3663.887,1247763.187,,,55245.887,,4.595,70.326,,22494.17,37707.8,,4731.14,15334.602,294.207,135882.727,,5770.405,4913.655,25.258,654.79,263660.556,171586.689,648182.424,1094793.777,1230676.504
2004,,60133.143,211170.238,271303.381,136672.88,407976.261,87691.664,495667.925,,2.95173629671054,4.43871481937024,5.39278574393327,,2.00780763583628,1.33518798045948,1.09897165526698,,,,,,,,,,,,,,,,,,,,210803416.0,355472.0,8062320.0,30995449.0,2505115.0,54541520.0,80334511.0,34009029.0,,,43314865.0,10508749.0,6458624.0,1809088.0,321226.0,881765.0,540959.0,561074.0,64396350.0,,64607.15,4474.007,60133.143,,60133.143,211170.238,271303.381,136672.88,87691.664,224364.544,,,495667.925,98786.0,266143.006,860596.931,,,324091.0,47050.574,371141.574,313927.879,146389.893,29137.585,860596.931,,,756.0,82652.0,18802.0,48398.0,197338.0,26930.73781653,374876.73781653,,,64606.77059764,18802.0,103820.9669586,19099.97153536,5053.38389947,10930.32181079,152563.32301467,374876.73781653,,756.0,1945.58894902598,13121.3491233303,129104.411050974,197338.0,342265.34912333,,,4474.007,,19089.688,3415.364,5056.368,266.41,92798.243,313927.879,175527.478,468.75,5789.723,20491.589,14076.408,655381.907,,435534.782,45747.669,,68811.606,24165.072,28072.5,16574.034,24468.778,9983.677,70835.395,655381.907,,7.35542333792299,72.0787160920709,40.3015982314818,21.3067352678161,14.1594148402391,11.9938921433834,7.97055448770575,48.4852752816421,31.380474223526,14.8884988478371,,,288068.669,14929.746,302998.415,10929.464,313927.879,,29137.585,146389.893,175527.478,,192481.048,42990.479,96664.473,332136.0,,,,,,,,,,,,7757.12270997525,12153.4564058341,,,,,94876.9948401311,114787.57395594,3231.16409140553,,14957.0649582578,26950.2912364199,76111.3818526683,118018.738047346,,,,,,,,,,,,2969.899,129.024,779.391,1930.17,5809.375,11617.859,3796.552,4562.601,14987.865,4349.354,3586.781,53118.383,96019.395,,,3011.746,100.235,156.405,741.959,3812.723,7823.068,3247.654,4472.783,12016.539,4816.016,3018.115,42767.056,78161.231,,,12011.503,7672.022,,4400.434,3571.877,,719.24,524.087,,19318.32,16513.836,,682.841,634.069,,1725.801,893.305,,11179.371,11706.604,,4487.949,3467.286,,4570.76,4601.877,,12386.403,9708.625,,2531.164,2095.533,,4147.445,3299.772,,78161.231,64688.893,,241.933,117.233,7931.919,4821.652,31555.061,9741.712,39728.913,14680.597,,,,,,7102.37,4680.065,6066.508,2879.435,909.548,359.506,4.428,4.58,1832.219,680.437,1490.922,163.369,22322.918,5913.205,39728.913,14680.597,,,,,,,,,,211170.238,199284.54,11885.698,136672.88,84409.093,52263.787,87691.664,64844.591,53543.647,11300.944,6365.35,9075.888,7405.835,435534.782,,,25220.553,17084.155,38919.696,11573.839,92798.243,,29976.721,9674.257,6096.691,45747.669,47050.574,,14645.557,9609.844,5035.713,,,,,,,,,,,,,60133.143,4474.007,,19100.0,8206.0,27306.0,91913.15,,,,,,,,,,,,,,,,,,,,,,196217.022,235018.489,689729.365,292856.96,7736.044,1421557.88,,,75992.136,,574.79,415.925,,35766.455,36120.899,,3414.791,9444.379,431.301,162160.676,,7522.779,5505.642,2345.714,10.345,308595.775,214641.427,701678.275,1240299.957,1402460.633
2005,,64288.038,219251.036,283539.074,165266.397,448805.471,104542.462,553347.933,,2.86023473894245,4.52737952858529,5.58196427166367,,2.15231140369483,1.35975254714146,1.10285833915507,,,,,,,,,,,,,,,,,,,,217059759.0,355478.0,8082490.0,31294378.0,2505115.0,57193825.0,84379597.0,33248876.0,,,47072341.0,12633826.0,7177150.0,1898823.0,278504.0,988362.0,590295.0,632641.0,71271942.0,,71489.0,7200.962,64288.038,,64288.038,219251.036,283539.074,165266.397,104542.462,269808.859,,,553347.933,241287.0,390001.464,1184636.397,,,563557.0,26390.114,589947.114,435925.771,127091.087,31672.425,1184636.397,,,756.0,88995.0,18262.0,113954.0,369973.0,27464.91597639,619404.91597639,,,71489.22519764,18262.0,244519.13477683,21272.09208935,10120.91528576,27997.21618348,225744.33244333,619404.91597639,,756.0,2062.5,7147.5,200886.5,369973.0,580825.5,,,7200.962,,21038.987,2238.318,2167.483,714.791,91429.84,435925.771,158763.512,537.809,6808.7,16801.784,15447.483,759075.44,,489059.895,65039.726,,92219.7,31132.255,35476.165,25611.28,17081.254,5952.014,89722.851,759075.44,,6.6752048846696,89.1354567112889,32.4629996495623,18.6950189403693,12.0448950370466,13.6196855806383,8.77494073579827,44.8311215541401,33.7926701186569,15.8280326789012,,,409732.515,11095.814,420828.329,15097.442,435925.771,,31672.425,127091.087,158763.512,,250841.242,53495.266,148164.246,452500.754,,,,,,,,,,,,11916.90010757,13925.0713654603,,,,,125885.656329473,151727.627802503,4215.0922615889,,19527.2152933613,33435.546538022,102979.958232709,155942.720064092,,,,,,,,,,,,2762.641,331.782,974.012,2020.481,7200.557,13289.473,4628.828,7370.125,25558.445,6107.049,4527.074,54702.029,116183.023,,,3378.025,130.297,190.832,896.218,4577.796,9173.168,3939.627,7408.134,18327.748,7766.517,3579.256,37892.563,88087.013,,,13475.767,10806.362,,4528.657,3321.985,,1396.187,1226.941,,20766.284,18307.355,,714.465,725.376,,1586.398,1401.542,,11616.906,15262.552,,5772.448,4705.806,,6196.74,5148.848,,14459.109,12182.909,,3776.441,3064.32,,3797.611,3141.453,,88087.013,79295.449,,496.135,103.683,12665.558,5878.608,35764.287,10965.592,48925.98,16947.883,,,,,,8117.788,5284.142,8499.756,3545.692,695.077,181.394,2.396,10.472,2309.239,658.481,2352.748,251.44,26948.976,7016.262,48925.98,16947.883,,,,,,,,,,219251.036,208041.205,11209.831,165266.397,105474.429,59791.968,104542.462,77408.56,67618.763,9789.797,8183.096,11269.21,7681.596,489059.895,,,26850.424,17333.028,38281.519,8964.869,91429.84,,31567.962,18053.383,15418.381,65039.726,26390.114,,11613.681,15621.824,-4008.143,,,,,,,,,,,,,64288.038,7200.962,,21271.0,6371.4,27642.4,99131.4,,,,,,,,,,,,,,,,,,,,,,202442.756,234407.363,566019.416,307824.104,18220.412,1328914.051,,,85132.541,,79.453,562.772,,56306.275,40801.699,,3672.745,8135.478,2332.191,197023.154,,4781.43,5617.285,2505.304,50.056,367937.494,213574.876,554302.553,1148768.998,1345792.152
2006,,69324.101,243417.691,312741.792,226026.745,538768.537,121499.516,660268.053,,2.73001699070993,4.70307230339696,5.7636780539806,,2.20068625292405,1.27744386522933,1.04237447085636,,,,,,,,,,,,,,,,,,,,220564109.0,355448.0,8084051.0,31658655.0,2505115.0,59929901.0,85268291.0,32762648.0,,,54869279.0,14104648.0,7851358.0,1847258.0,272007.0,1105803.0,600021.0,671185.0,81321559.0,,81542.12,12218.019,69324.101,,69324.101,243417.691,312741.792,226026.745,121499.516,347526.261,,,660268.053,338926.0,525693.899,1524887.952,,,829185.0,70597.287,899782.287,476019.507,114121.538,34964.62,1524887.952,,,756.0,93563.0,12777.0,123346.0,625667.0,28216.8351805001,884325.8351805,,,81542.7827976401,12777.0,342109.99074534,24403.1234224,14147.49819145,110048.74132,299296.69870367,884325.8351805,,756.0,2400.0,3420.0,214509.0,625667.0,846752.0,,,12218.019,,23758.812,1011.823,15072.068,9131.469,129795.826,476019.507,149086.158,837.1,8353.408,15861.278,19942.944,861088.412,,590943.952,59198.539,,114611.9,32835.805,47111.25,34664.845,16731.309,2452.724,77149.988,861088.412,,8.80975629309766,80.5523950941459,25.2284768285436,21.9641516865884,15.0734610048381,13.5287034801568,9.28441886870961,41.1913329811014,38.2484234308569,17.3052563874958,,,451874.875,10227.648,462102.523,13916.984,476019.507,,34964.62,114121.538,149086.158,,276231.63,64633.334,156202.179,497067.143,,,,,,,,,,,,12489.2652327114,12045.5970570178,,,,,140923.467130188,165458.329419917,7178.49100220812,,26301.2545615613,37181.6978820031,109153.867978561,172636.820422125,,,,,,,,,,,,3323.686,551.518,427.379,2576.091,6262.957,13141.631,4256.36,10684.279,26664.574,10249.641,4431.52,62863.656,132291.661,,,3630.332,144.811,228.528,1342.957,4656.009,10002.637,3687.223,11349.785,16372.279,11978.067,3818.44,46760.137,103968.568,,,14926.998,10959.529,,5208.43,4360.599,,1872.438,1532.022,,24653.869,19368.409,,1150.465,751.111,,2464.531,2181.597,,12930.72,14582.328,,8646.223,5545.553,,7645.803,5659.103,,16331.827,15437.866,,4241.004,3431.286,,3873.61,4080.085,,103945.918,87889.488,,473.601,91.783,11981.286,6361.519,54370.838,17875.692,66825.725,24328.994,,,,,,13857.263,9520.129,7472.754,4127.788,646.374,272.019,1.534,0.71,3294.543,859.827,4174.167,162.265,37379.09,9386.256,66825.725,24328.994,,,,,,,,,,243417.691,229289.303,14128.388,226026.745,145950.809,80075.936,121499.516,102264.366,80103.049,22161.317,7664.829,3964.497,7605.824,590943.952,,,51393.926,17961.568,52334.165,8106.167,129795.826,,22158.214,8789.053,28251.272,59198.539,70597.287,,14646.497,10278.323,4368.174,,,,,,,,,,,,,69324.101,12218.019,,24402.0,8612.6,33014.6,114556.72,,,,,,,,,,,,,,,,,,,,,,247561.411,364965.879,934397.611,428922.594,40466.147,2016313.642,,,76467.825,,16838.204,769.788,,50389.681,44195.467,,2482.475,5528.219,990.97,197662.629,,7610.178,56544.905,1947.906,13.5,515308.658,314139.491,889880.465,1785445.103,1983107.732
2007,,72191.673,311365.062,383556.735,283059.125,666615.86,123139.628,789755.488,,3.08981214465368,5.3700472240352,6.36202124864081,,2.00062710409713,1.15111872675817,0.971634906828276,,,,,,,,,,,,,,,,,,,,223976205.0,355470.0,8083273.0,32034413.0,2505115.0,60314573.0,88285976.0,32397385.0,,,55889001.0,13090811.0,8106245.0,1888985.0,238384.0,1277996.0,724239.0,771302.0,81986963.0,,82210.94,10019.267,72191.673,,72191.673,311365.062,383556.735,283059.125,123139.628,406198.753,,,789755.488,517599.0,606357.984,1913712.472,,,1128466.0,42499.382,1170965.382,577881.935,127430.685,37434.47,1913712.472,,,756.0,105298.0,23842.0,246792.0,790559.0,29570.3945418701,1196817.39454187,,,82211.8939976401,23842.0,514138.67859029,36277.04971997,14939.02011885,316791.93751806,208616.81459706,1196817.39454187,,756.0,2703.75,2741.25,349386.25,790559.0,1146146.25,,,10019.267,,36141.536,3143.497,59309.604,16747.989,147712.075,577881.935,164865.155,1428.621,9757.209,12627.771,35586.075,1075220.734,,717563.815,105212.693,,136289.749,39544.34,66481.16,30264.249,20831.739,5293.601,90029.137,1075220.734,,15.1364800913212,80.5338734924921,22.9756784767638,20.5852179154268,13.7378372950907,14.7757590033996,9.86081244969742,43.3919681415374,39.4472406610972,14.0240381268389,,,549884.496,7520.966,557405.462,20476.473,577881.935,,37434.47,127430.685,164865.155,,347592.757,83210.381,164036.794,594839.932,,,,,,,,,,,,13441.892604136,14099.5231117156,,,,,138437.761578104,165979.177293956,8595.16480036021,,28623.605168084,39631.07352992,106319.663396311,174574.342094315,,142.0,58.0,200.0,16.691,8.736,25.427,,,,,5387.658,285.532,362.806,2921.259,9152.185,18109.44,4626.038,14661.025,25608.734,12255.026,4552.557,88705.467,168518.287,,,7189.1,111.085,308.661,1479.808,6864.484,15953.138,4091.41,15289.965,18348.213,12409.137,4308.227,62566.585,132966.675,,,20892.906,14914.641,,6658.95,5675.982,,1870.416,1988.72,,33521.887,25491.614,,863.872,884.926,,3684.884,2982.025,,14397.827,19669.3,,9841.126,9442.021,,7129.991,6726.783,,23446.474,17320.644,,5066.06,4045.573,,5473.08,4424.347,,132847.473,113566.576,,1596.085,301.717,17221.367,6690.953,64973.657,23793.756,83791.109,30786.426,,,,,,18981.823,14463.275,8971.613,3991.815,282.31,117.529,3.161,4.059,4166.612,1831.04,3969.252,215.993,47416.338,10162.715,83791.109,30786.426,,,,,,,,,,311365.062,284716.883,26648.179,283059.125,189705.056,93354.069,123139.628,100631.423,76675.388,23956.035,9682.781,3910.038,8915.386,717563.815,,,28859.016,22546.894,81484.727,14821.438,147712.075,,64239.6,14417.788,26555.305,105212.693,42499.382,,15192.742,29254.85,-14062.108,,,,,,,,,,,,,72191.673,10019.267,,36277.0,5648.0,41925.0,124135.94,,,,,,,,,,,,,,,,,,,,,,205391.534,532525.444,1720947.649,638965.597,83187.091,3181017.315,,,114232.092,,27783.015,1289.026,,55106.296,54367.249,,2069.754,5468.529,491.45,260807.411,,15680.432,125403.716,39997.044,236.31,673513.252,506297.786,1473450.616,2834579.156,3095386.567
2008,,83006.392,342487.682,425494.074,367623.877,793117.951,136006.62,929124.571,,2.96918773406231,5.53454498116895,6.48362797087769,,2.02754300649222,1.0877417828645,0.928516542312583,,,,,,,,,,,,,,,,,,,,231792139.0,355440.0,8086422.0,32103131.0,2505115.0,60645054.0,95532897.0,32564080.0,,,69948241.0,7799614.0,10238168.0,2802386.0,244022.0,1230846.0,713175.0,804963.0,93781415.0,,94013.19,11006.798,83006.392,,83006.392,342487.682,425494.074,367623.877,136006.62,503630.497,,,929124.571,1057335.0,554691.822,2541151.393,,,1642312.0,41520.48,1683832.48,734557.063,90696.401,32065.449,2541151.393,,,1624.0,119442.0,27053.0,379488.0,1154247.0,28141.31505771,1709995.31505771,,,94013.4181603899,27053.0,1052336.35339405,44698.16652248,12488.03458487,329807.40219074,149598.94020518,1709995.31505771,,1624.0,2756.25,5190.0,496172.75,1154247.0,1659990.0,,,11006.798,,44297.112,751.046,41116.141,119223.86,153986.465,734557.063,122761.85,911.482,10623.845,20162.358,42873.292,1302271.312,,846118.179,112465.985,,161749.891,46550.651,85271.0,29928.24,28520.697,36777.872,116638.688,1302271.312,,11.484341007168,86.814948695246,14.5088302138938,18.1991675420556,11.8244534438458,15.5795791027438,10.1224414440606,40.477523175873,43.4482896271633,13.2334453719378,,,703617.181,9119.445,712736.626,21820.437,734557.063,,32065.449,90696.401,122761.85,,476606.182,104609.949,163585.944,744802.075,,,,,,,,,,,,11753.20732194,14088.9167608409,,,,,134551.690799182,160393.814881963,9003.64273594792,,28168.2758243716,45145.3566020067,96083.8251915322,169397.457617911,,349.0,130.0,479.0,106.532,22.974,129.506,,,,,7655.089,454.061,1150.692,2814.764,15686.076,27760.682,4649.067,19011.775,25711.081,13687.446,5777.072,115849.868,212446.991,,,8810.126,281.096,602.683,1158.617,8504.153,19356.675,4404.182,19631.342,21302.377,15735.891,5192.571,86549.798,172172.836,,,28645.794,24718.945,,9253.041,6684.195,,2325.208,2042.545,,38299.195,30530.12,,4090.454,3535.56,,5435.984,4492.504,,16166.456,16813.337,,14905.959,14369.144,,8476.97,8247.141,,21694.31,20839.373,,16345.73,11890.106,,6177.649,6193.87,,171816.75,150356.84,,2259.018,440.31,19693.459,7453.641,94915.06,33858.667,116867.537,41752.618,,,,,,23809.685,18527.038,15891.715,7375.564,847.841,58.21,111.07,2.574,2963.472,1297.182,2487.006,675.531,70756.748,13816.519,116867.537,41752.618,,,,,,,,,,342487.682,327208.764,15278.918,367623.877,242853.766,124770.111,136006.62,111970.587,73324.701,38645.886,15825.221,657.834,7552.978,846118.179,,,27231.436,41780.28,64885.792,20088.957,153986.465,,45354.525,29446.734,37664.726,112465.985,41520.48,,22139.24,36181.398,-14042.158,,,,,,,,,,,,,83006.392,11006.798,,44698.0,4592.0,49290.0,143303.19,,,,,,,,,,,,,,,,,,,,,,291704.694,596987.967,2610989.558,630048.071,88751.691,4218481.981,,,147956.544,,40022.313,1963.372,,68501.066,68907.725,,1840.331,4630.56,922.978,334744.889,,35284.393,36220.031,58433.14,92.0,633929.246,564741.952,2447717.838,3776418.6,4111163.489
2009,,88395.351,433162.212,521557.563,323377.029,844934.592,184009.189,1028943.781,,3.43707035383113,5.56812870354178,6.78075138071387,,1.80892684555124,1.11660652332599,0.916920335816661,,,,,,,,,,,,,,,,,,,,239375668.0,355513.0,8094483.0,32103172.0,2505115.0,60783454.0,103057238.0,32476693.0,,,76440230.0,2429262.0,13625897.0,3483410.0,201292.0,1279302.0,714107.0,838751.0,99012251.0,,99251.62,10856.269,88395.351,,88395.351,433162.212,521557.563,323377.029,184009.189,507386.218,,,1028943.781,924012.0,516384.994,2469340.775,,,1520042.0,111235.373,1631277.373,734236.888,75690.747,28135.767,2469340.775,,,1624.0,121503.0,23876.0,335673.0,1071542.0,16436.02652413,1570654.02652413,,,99252.0743328298,23876.0,933912.14827186,50715.33315326,10299.51107782,326941.0,125657.95968836,1570654.02652413,,1624.0,40980.0,7564.0,416196.0,1071542.0,1537906.0,,,10856.269,,50322.24,646.183,98293.144,78497.441,210918.327,734236.888,103826.514,1365.349,12871.687,36186.482,32237.582,1370258.106,,940548.43,99682.954,,190471.78,59602.615,104039.643,26829.522,32409.058,4631.09,102514.794,1370258.106,,17.0238799930802,78.0647614286061,11.0389333168096,22.4250363163117,15.3925983781044,17.3985998785836,11.9424404266213,46.0542166871726,34.3817520380104,17.0889438409886,,,701706.358,7062.976,708769.334,25467.554,734236.888,,28135.767,75690.747,103826.514,,449633.565,117154.738,170116.798,736905.101,,28211.0,25534.4,53745.4,,,,,,,,11798.6742351414,15834.5843115947,,,,,138893.063006574,166526.32155331,8606.2184931,,30460.5962133964,48662.750668358,96009.1931646556,175132.54004641,,352.0,138.0,490.0,115.59,21.737,137.327,,,,,5277.956,241.138,1075.906,3185.861,8582.237,18363.098,4597.212,11787.329,23033.696,15283.804,4471.631,84183.219,161719.989,,,5685.453,117.449,407.432,971.318,5726.691,12908.343,3424.784,11514.667,19380.118,16334.038,4265.654,51901.945,119729.549,,,22509.999,21473.258,,6933.48,8189.791,,1058.131,1682.601,,25846.071,25046.759,,2988.481,2589.47,,1607.822,1495.742,,11707.421,13894.392,,9586.621,9284.01,,7692.216,7458.515,,17678.226,16663.868,,10342.883,9553.636,,2781.151,2836.038,,120732.502,120168.08,,2181.722,1043.176,6573.345,4820.983,52211.073,27406.137,60966.14,33270.296,,,,,,16091.029,14610.574,8416.617,5328.178,280.194,91.319,69.172,53.909,1640.224,1055.365,420.748,358.273,34048.156,11772.678,60966.14,33270.296,,,,,,,,,,433162.212,413627.502,19534.71,323377.029,202388.03,120988.999,184009.189,160729.793,81623.877,79105.916,14769.991,220.23,8289.175,940548.43,,,41200.628,39433.994,112336.879,17946.826,210918.327,,41761.428,25311.467,32610.059,99682.954,111235.373,,24178.497,24682.444,-503.947,,16.9435864299667,14.6132211834748,6.40775114765482,3.28697148338663,1.9734375291767,14.4765812544225,73.0710038474991,34.4135134662469,25.3074128388984,36.480352508639,,88395.351,10856.269,,50715.33315326,1777.84963166,52493.18278492,151744.80278492,,,,,,,,,,,,,,,,,,,,,,380905.879,490878.452,2519625.358,635268.694,76191.897,4102870.28,,,142049.852,,235.134,2774.857,,63487.994,84243.356,,2880.735,5759.932,450.647,301882.507,,1954.979,106454.363,11347.696,0.0,498738.81,458158.316,2594419.138,3671073.302,3972955.809
2010,,95519.84768499,530072.227,625592.07468499,298282.546,923874.62068499,156495.171,1080369.79168499,,3.65284907908754,5.39452894933308,6.3083084941856,,1.73321772471082,1.17363032602705,1.0036260552894,,,,,,,,,,,,,,,,,,,,249079368.0,355517.0,8122028.0,32099170.0,2505115.0,63763739.0,109752118.0,32481681.0,,,86993460.0,1361341.0,15455189.0,3783853.0,201181.0,1338795.0,756751.0,829494.0,110720064.0,,110969.38268499,15449.535,95519.84768499,,95519.84768499,530072.227,625592.07468499,298282.546,156495.171,454777.717,,,1080369.79168499,993543.02478303,545986.47081746,2619899.28728548,,,1651522.84228548,98420.834,1749943.67628548,775755.731,61915.303,32284.577,2619899.28728548,,,1624.0,134405.22796039,25059.8452754,343887.58827261,1181915.65675566,18496.74918743,1705389.06745149,,,110969.38268499,25059.8452754,1008251.21259133,54976.4358592,10309.63070318,367768.75933281,128053.80100358,1705389.06745149,,1624.0,39921.975,7430.3025,438370.025,1181916.0,1669262.3025,,,15449.535,,54594.441,295.618,88973.041,120132.788,193126.579,775755.731,94199.88,1945.644,13081.87,18967.609,38744.387,1415267.123,,984849.944,94705.745,,204144.389,73984.991,104039.643,26119.755,16407.627,8475.831,106683.587,1415267.123,,16.1763358946792,78.7689267513427,9.56489672095671,19.6097466600455,13.6459454092752,18.076320670431,12.578871585926,53.8226386902247,30.2871059512392,12.4990517337126,,,735009.773,8047.272,743057.045,32698.686,775755.731,,32284.577,61915.303,94199.88,,456160.174,126832.936,192348.512,775341.622,,32978.0,26989.6,59967.6,,,,,,,,12693.8367167,16426.49713916,,,,,152511.07478174,181631.4086376,8390.50854476,,33487.6188667039,55169.5250491107,101364.773266545,190021.91718236,,370.0,119.0,489.0,110.698,18.629,129.327,,,,,7473.565,176.464,1095.567,2949.304,9250.358,20945.258,3797.845,15405.789,34307.772,20129.697,4686.329,89699.81,188972.5,,,6149.947,148.863,473.247,687.004,6757.492,14216.553,3496.884,17567.386,27944.486,20116.441,5811.72,64181.704,153335.174,,,40193.324,29527.625,,9379.849,7721.052,,2131.551,1343.335,,27996.646,25400.024,,1552.76,1475.241,,3445.443,4212.321,,15536.886,15885.387,,8063.492,7413.9,,12003.86,10475.076,,23046.787,22724.714,,7178.706,6115.232,,2643.976,2354.697,,153173.28,134648.604,,2189.256,1725.966,9019.834,8077.915,66733.474,32495.078,77942.564,42298.959,,,,,,20415.444,15749.819,8696.981,5947.005,1464.462,485.954,512.702,225.48,3389.772,1419.03,220.65,185.526,43242.553,18286.145,77942.564,42298.959,,,,,,,,,,530072.227,492431.446,37640.781,298282.546,182949.026,115333.52,156495.171,123096.904,70785.357,52311.547,23649.697,14.0,9734.57,984849.944,,,34627.337,28270.138,113710.873,16518.231,193126.579,,53867.337,10235.867,30602.541,94705.745,98420.834,,20708.687,15405.784,5302.903,,17.5987112646342,15.4230763729466,3.41187887962126,2.96818471895203,1.95808472038179,13.5571194130708,70.2854838144005,35.7017062392593,24.7520969866051,37.2008419994077,,95519.84768499,15449.535,,54976.4358592,5315.58896002,60292.02481922,171261.40750421,,,,,,,,,,,,,,,,,,,,,,389699.548,642850.621,1884735.242,251901.014,118111.921,3287298.346,,,131030.489,,448.704,2609.374,,52728.329,98806.018,,2315.761,7988.17,97.156,296024.001,,4364.751,32904.814,8500.603,0.0,333845.783,575914.96,1836760.873,2792291.784,3088315.785
2011,,119901.52640616,642093.67,761995.19640616,316400.646,1078395.84240616,161149.603,1239545.44540616,,3.6138202695105,5.1143744372976,5.87863870627411,,1.6055801607565,1.13450397510035,0.987010500079404,,,,,,,,,,,,,,,,,,,,260653336.0,355650.0,8153459.0,32124155.0,2505115.0,65342566.0,119534196.0,32638195.0,,,111272531.0,891846.0,19279350.0,4594041.0,245463.0,1509930.0,888896.0,903343.0,139585400.0,,139846.05340616,19944.527,119901.52640616,,119901.52640616,642093.67,761995.19640616,316400.646,161149.603,477550.249,,,1239545.44540616,1187984.36840415,662336.40769068,3089866.22150099,,,2007087.47650099,139890.145,2146977.62150099,863225.585,47711.043,31951.972,3089866.22150099,,,1624.0,167409.78616039,29187.73275423,414007.49823169,1427819.97103618,17816.45133504,2057865.43951753,,,139846.05340616,29187.73275423,1203477.63829994,63511.35262902,3773.77892727,379202.27188796,238866.61161295,2057865.43951753,,1624.0,38600.2875,18233.29125,556608.9,1424988.8,2040055.27875,,,19944.527,,63206.697,621.887,99665.658,131096.672,221453.455,863225.585,79663.015,1795.437,14089.835,21220.125,52672.661,1568655.554,,1119643.91900463,81563.31,,220275.088,82185.106,107358.39,30731.592,16979.963,6499.422,123693.852,1568655.554,,16.3836703694007,77.0982247437187,7.11503127451005,19.7789182115854,14.1174048334132,16.9289086274223,12.0831813916492,57.3480245910218,28.259042060675,12.5419568326169,,,819038.049,9867.365,828905.414,34320.171,863225.585,,31951.972,47711.043,79663.015,,488680.423,136773.561,235403.386,860857.37,,42314.0,27897.0,70211.0,,,,,,,,14133.81567392,15699.37694726,,,,,188936.62890871,218769.82152989,7759.39728284,,46710.2262064955,64685.5899734937,115133.402632741,226529.21881273,,372.0,112.0,484.0,127.918,16.745,144.663,,,,,5524.447,300.317,1008.053,2655.851,8725.715,18214.383,4869.943,20563.417,36744.756,24296.991,6119.612,119801.118,230610.22,,,4615.139,119.426,557.069,589.952,5154.865,11036.451,3834.079,20289.272,26321.886,28237.886,6788.367,83155.198,179663.139,,,46661.176,36983.199,,14445.533,13838.264,,2085.805,1631.518,,34120.915,27749.198,,1292.312,1156.661,,1515.239,1478.025,,14593.404,17790.251,,10987.652,9845.33,,12544.777,13050.402,,23862.06,23544.996,,4941.699,5259.749,,9758.192,8263.912,,176808.764,160591.505,,1506.021,1557.107,9000.333,7715.599,99419.908,38404.563,109926.262,47677.269,,,,,,29359.098,18835.249,11073.236,5369.309,435.716,85.296,809.614,259.591,4088.413,2251.142,3087.108,426.919,61073.077,20449.763,109926.262,47677.269,,,,,,,,,,642093.67,612684.091,29409.579,316400.646,193477.619,122923.027,161149.603,140425.257,75042.42,65382.837,8387.794,10.0,12326.552,1119643.919,,,44142.577,38001.744,123413.988,15895.146,221453.455,,53682.05,8023.295,19857.965,81563.31,139890.145,,37197.938,18538.387,18659.551,,17.5502130846746,15.2106153126605,1.86334136239325,2.22411986474196,2.13702129864259,14.9912501266691,68.7020342504776,36.6201296960354,23.7040872522176,36.9981468175951,,119901.52640616,19944.527,,63511.35262902,7498.45827967,71009.81090869,210855.86431485,,,,,,,,,,,,,,,,,,,,,,492493.551,498723.464,1487264.08,249891.822,139107.443,2867480.36,,,167465.308,,1549.229,4105.24,,61689.491,110400.245,,2893.411,5165.621,34.057,353302.602,,5595.894,9620.642,8836.361,0.0,372785.201,503152.701,1605605.427,2505596.226,2858898.828
2012,,133120.72828841,756555.345,889676.07328841,329679.868,1219355.94128841,188717.559,1408073.50028841,,3.77574314351283,5.17488889838769,5.97579728611247,,1.53070953775107,1.11684833343456,0.967162332514991,,,,,,,,,,,,,,,,,,,,273581890.0,355627.0,8207133.0,32125329.0,2505115.0,66996747.0,130573059.0,32818880.0,,,122032932.0,602068.0,20942049.0,5133081.0,180564.0,1691125.0,965691.0,990825.0,152538335.0,,152811.91728841,19691.189,133120.72828841,,133120.72828841,756555.345,889676.07328841,329679.868,188717.559,518397.427,,,1408073.50028841,1516739.27634767,727594.65950677,3652407.43614285,,,2428571.78114285,133998.761,2562570.54214285,1007515.025,42616.697,39705.172,3652407.43614285,,,1624.0,184603.32616039,33415.40887198,576415.15818149,1670019.91661823,18986.14655331,2485063.9563854,,,152811.91728841,33415.40887198,1536820.84367977,70790.88478802,4090.61981726,441209.782309,245924.60453521,2485064.06128965,,1624.0,36973.725,21110.7075,737281.7,1665161.9,2462152.0325,,,19691.189,,70741.275,273.604,132185.87,139360.291,222110.869,1007515.025,82321.869,2736.919,15012.076,32195.188,35712.822,1759856.997,,1274952.77200231,88112.108,,242784.686,96357.479,113027.926,33399.281,19996.217,10342.334,123668.88,1759856.997,,17.4823682017925,79.0237134368143,6.45685634855814,17.4211056188048,12.6209612132479,16.4229930393061,11.8978647331537,59.339872159594,25.8582023773976,13.0013896702991,,,958917.254,9489.315,968406.569,39108.456,1007515.025,,39705.172,42616.697,82321.869,,541872.285,201746.554,264492.902,1008111.741,,53576.0,34448.0,88024.0,,,,,,,,18049.99054028,15455.61548485,,,,,221054.75868023,254560.36470536,7964.6542488,,48833.7512790428,77213.4698369252,136477.797838192,262525.01895416,,440.0,104.0,544.0,156.8,18.563,175.363,,,,,12354.169,341.847,708.813,2738.189,8389.086,24532.104,4584.734,24783.42,47314.862,29805.285,5375.015,119188.971,255584.391,,,14580.87,308.147,507.385,574.414,4929.21,20900.026,4402.279,22808.772,34715.451,28076.958,5356.061,89800.122,206059.669,,,57212.979,40606.034,,13777.269,11469.321,,2826.875,2300.323,,41136.356,37020.829,,1166.105,1072.993,,3788.127,2646.946,,21766.155,23124.842,,11011.74,10682.338,,15747.341,17193.208,,27125.828,27973.539,,4834.804,5023.984,,4047.242,3904.251,,204440.821,183018.608,,3570.05,1492.413,10333.794,9326.685,126261.463,37189.288,140165.307,48008.386,,,,,,40608.144,24657.195,9825.574,4708.573,359.708,175.607,3203.46,1633.524,3111.241,1170.986,3551.939,520.825,79505.241,15141.676,140165.307,48008.386,,,,,,,,,,756555.345,697806.738,58748.607,329679.868,203601.633,126078.235,188717.559,165761.578,84597.383,81164.195,9988.24,10.0,12957.741,1274952.772,,,36033.622,51471.309,119644.078,14961.86,222110.869,,51836.245,10914.24,25361.623,88112.108,133998.761,,28712.858,21999.047,6713.811,,18.2310482000534,15.67991734724,0.892857610979394,1.66979368016871,2.12639759859576,15.0162679277223,65.8821202531646,35.1654865506329,23.6606026231833,36.3755426911201,,133120.72828841,19691.189,,70790.88478802,12026.59311084,82817.47789886,235629.39518727,,,,,,,,,,,,,,,,,,,,,,489740.658,578588.235,1710767.197,257515.905,120411.438,3157023.433,,,192194.989,,3292.207,5123.411,,69239.987,125247.72,,840.069,1483.177,30.723,397452.283,,4229.454,10358.128,6308.369,0.0,432080.626,544888.856,1721342.097,2719207.53,3116659.813
2013,,143140.03717765,860270.196,1003410.23317765,350266.485,1353676.71817765,207393.726,1561070.44417765,,3.91837701154378,5.28618859782969,6.09607350972986,,1.48290702524763,1.09920194681905,0.953169083134065,,,,,,,,,,,,,,,,,,,,294030381.0,355701.0,8239537.0,32191267.0,2505115.0,74375445.0,142928257.0,33435059.0,,,133127397.0,412776.0,22920365.0,5513443.0,155319.0,1861183.0,1059143.0,1044417.0,166094043.0,,166388.07417765,23248.037,143140.03717765,,143140.03717765,860270.196,1003410.23317765,350266.485,207393.726,557660.211,,,1561070.44417765,1641539.7808829,850172.117688,4052782.34274855,,,2687792.14774855,137703.126,2825495.27374855,1133179.94,49753.271,44353.858,4052782.34274855,,,1623.50262039,193060.19874,28295.62718274,546628.92965753,1952837.17337714,16282.99964704,2738728.43122484,,,166388.07417765,28295.62718274,1650146.20876303,81901.44526349,6357.65664651,459932.31880675,345707.10038466,2738728.43122483,,1623.50262039,36172.320139725,19353.839510775,716613.68908723,1947704.49637714,2721467.84773526,,,23248.037,,81826.493,224.572,100426.425,179417.847,221525.173,1133179.94,94107.129,2742.774,16990.649,32144.212,35929.927,1921763.178,,1417930.40700231,83822.047,,261187.509,111629.933,114027.926,35529.65,19381.262,6892.537,132549.416,1921763.178,,14.5088592489716,79.9178813294184,6.63693567296494,15.6231343870179,11.5271837620775,15.9145934021852,11.7422303425984,60.6708334734231,24.7026570042376,12.5704629169434,75.7135320736749,,1074632.526,10913.338,1085545.864,47634.076,1133179.94,,44353.858,49753.271,94107.129,,609811.376,212454.775,307633.571,1129899.722,,70648.0,44920.0,115568.0,,,,,,,,21300.28728981,18114.13767278,,,,,238225.82958228,277640.25454487,8509.11338976,,67890.4809955747,79183.2388496161,139075.648089439,286149.36793463,,558.0,134.0,692.0,211.3,26.02,237.32,,,,,17671.863,602.291,717.703,4105.473,9229.629,32326.959,4011.522,20891.802,56291.812,20700.321,5124.807,114073.305,253420.528,,,15388.731,163.333,345.913,349.539,5355.061,21602.577,3237.547,16917.103,47755.524,19195.129,5728.293,90170.464,204606.637,,,60262.569,46037.741,,13291.778,12730.575,,1557.062,1192.766,,37899.581,36873.853,,1036.816,997.209,,1592.356,2093.467,,23005.8,24193.01,,10916.179,9516.351,,16231.424,16121.008,,29925.252,29092.501,,4479.852,4024.266,,3206.774,3631.342,,203405.443,186504.089,,625.821,463.633,7434.689,5861.741,149646.704,42746.409,157707.214,49071.783,,,,,,49317.561,28674.179,11269.031,4431.39,281.187,68.386,3095.148,2191.702,3302.353,1742.052,1829.46,369.317,88612.474,11594.757,157707.214,49071.783,,,,,,,,,,860270.196,804570.879,55699.317,350266.485,199383.631,150882.854,207393.726,178240.416,80657.777,97582.639,12862.712,35.11,16255.488,1417930.407,,,26123.729,57159.547,126037.438,12204.459,221525.173,,48796.873,11669.776,23355.398,83822.047,137703.126,,21090.922,23168.29,-2077.368,,17.8722974465802,16.4790581699965,0.703416524208474,1.30683882837442,2.03228402949705,14.7265832528076,66.452664399093,34.9827862811791,21.5647700542971,33.1878084884525,,143140.03717765,23248.037,,81901.44526349,7788.50220444,89689.94746793,256078.02164558,,,,,,,,,,,,,,,,,,,,,,552897.534,673646.398,1581442.337,270389.445,156360.24,3234735.954,,,194241.417,,9707.125,5834.603,,78608.453,147963.133,,574.445,386.023,64.024,437379.223,,7520.441,13266.916,2943.355,46.011,430289.714,620718.543,1471553.244,2546338.224,2983717.447
2014,,153750.14311176,991384.41,1145134.55311176,403419.45,1548554.00311176,193335.18,1741889.18311176,,4.04749957235837,5.47339319064018,6.15674001328685,,1.41064658401625,1.04315389863062,0.927372510977029,,,,,,,,,,,,,,,,,,,,312996253.0,355702.0,8242859.0,32213028.0,2505115.0,77769050.0,158328598.0,33581901.0,,,144494152.0,295002.0,25151457.0,6262883.0,128408.0,2019117.0,1136556.0,1091520.0,180579095.0,,180892.09211176,27141.949,153750.14311176,,153750.14311176,991384.41,1145134.55311176,403419.45,193335.18,596754.63,,,1741889.18311176,1560706.05277979,935829.282369399,4238424.51826095,,,2715989.28126095,152606.848,2868596.12926095,1270481.028,53259.499,46087.862,4238424.51826095,,,1623.50262039,214508.73074,35240.14124863,510972.14571678,1998579.89760904,31184.90779294,2792109.32572778,,,180892.09211176,35240.14124863,1561217.24635911,92558.21105433,9694.99542526,427815.08896157,484691.55056712,2792109.32572778,,1623.50262039,34044.6,14703.3,702295.70742678,1993656.94585904,2746324.05590621,,,27141.949,,92499.91,477.814,98748.72,226870.328,257725.923,1270481.028,99347.361,2256.913,18609.66,28101.156,40284.186,2162544.946,,1588139.04,105119.075,,287696.65,102532.522,145085.119,40079.009,19186.505,9441.778,152961.898,2162544.946,,13.7814376126665,79.9980981514062,6.25558332726334,16.228171243747,11.9177140561498,15.5916852846839,11.4502887654664,62.4242830778847,25.4020233644027,10.2667627892329,74.790856740081,,1208452.174,10339.968,1218792.142,51688.886,1270481.028,,46087.862,53259.499,99347.361,,632117.409,238505.067,394257.528,1264880.004,,94562.0,61191.0,155753.0,,,,,,,,25603.897,20788.203,5455.163,414.45,246.047,102.72,245397.672,298008.152,9666.707,,77521.79,82697.779,147455.291,307674.86,,384.0,53.0,437.0,129.8,8.2,138.0,,,,,12655.834,515.801,1434.846,4244.884,10313.619,29164.984,4362.636,26639.058,48400.848,21358.87,6786.481,101952.775,238665.652,,,11877.892,102.928,495.274,400.805,6039.754,18916.653,3477.548,25373.723,44747.375,20954.416,7981.952,82272.625,203724.292,,,60079.537,47010.87,,13016.099,9690.529,,2831.466,1731.73,,32344.942,28853.482,,1419.37,1256.953,,1445.028,1237.154,,17441.936,19090.68,,13023.452,11998.368,,18671.95,19199.252,,28377.173,30108.638,,8306.98,6473.529,,4889.566,4599.679,,201847.499,181250.864,,407.508,495.879,8676.127,7173.485,114284.892,41417.916,123368.527,49087.28,,,,,,41972.535,28353.79,11072.408,4636.091,295.295,199.876,2096.022,797.788,2130.354,712.798,3945.578,335.832,61856.335,14051.105,123368.527,49087.28,,,,,,,,,,991384.41,932255.7,59128.71,403419.45,172993.642,230425.808,193335.18,163050.468,95383.633,67666.835,14064.854,70.0,16149.858,1588139.04,,,39877.178,44668.296,161230.507,11949.942,257725.923,,57042.015,25222.789,22854.271,105119.075,152606.848,,31854.93,42867.51,-11012.58,,17.8768341985833,16.1613306456154,0.0612241683963851,1.08033805274768,2.00606673007628,14.8062950321512,66.4950359104351,36.2440100866075,22.3295829830872,33.5776883831029,,153750.14311176,27141.949,,92558.21105433,9473.64349279,102031.85454712,282923.94665888,,,,,,,,,,,,,,,,,,,,,,641806.234,915012.909,1703133.746,411672.242,260651.547,3932276.678,,,201766.813,,15210.094,4318.727,,88569.949,153290.153,,454.427,374.475,677.945,464662.583,,5990.65,27325.14,4252.729,1.257,557679.785,777699.58,1702540.318,3075489.459,3540152.042
2015,,168491.79047888,980150.664,1148642.45447888,439377.329,1588019.78347888,197562.28,1785582.06347888,,3.81993108956672,5.28112653167611,5.9381406378107,,1.53907522144584,1.11323999762544,0.990067707414606,,,,,,,,,,,,,,,,,,,,334537994.88,355699.5,8259392.75,32235826.5,2505115.2,82065708.93,175222416.0,33893836.0,,,160368606.0,215304.0,25678172.0,6565196.85,104758.5,2219049.46,1244517.955,1181949.719,197577554.484,,197912.09247888,29420.302,168491.79047888,,168491.79047888,980150.664,1148642.45447888,439377.329,197562.28,636939.609,,,1785582.06347888,1162521.06973012,1067907.8945543,4016011.0277633,,,2283381.6377633,222627.208,2506008.8457633,1384858.395,86157.633,38986.154,4016011.0277633,,,1623.50262039,235588.5789,39299.98904151,552359.60905386,1505023.25381548,39487.08798097,2373382.02141221,,,197912.09247888,39299.98904151,1165377.9496157,98116.71562323,11213.30662643,182947.31600805,678514.65201839,2373382.02141219,,1623.50262039,33766.73,11230.16,763905.57061196,1501041.48956548,2311567.45279783,,,29420.302,,97974.164,357.896,20220.936,137108.831,322613.779,1384858.395,125143.787,2904.324,21519.821,50370.888,40761.224,2233254.347,,1617090.273,99986.571,,312838.27,109880.262,160537.679,42420.329,32726.721,1712.483,168900.029,2233254.347,,9.15058982610057,85.6389045263894,7.73882504208224,19.95026402586,14.4459039980545,16.7225012428233,12.1086942632961,60.6119942940254,27.1708596814991,10.171439451853,80.0238775762129,,1320963.266,14648.143,1335611.409,49246.986,1384858.395,,38986.154,86157.633,125143.787,,694240.564,242437.535,437919.464,1374597.563,,102503.0,82799.0,185302.0,,,,,,,,37020.541,9429.154,4911.855,636.639,312.161,85.264,254789.238,307184.852,10212.696,,82148.916,95656.899,139591.733,317397.548,,469.0,65.0,534.0,134.0,12.0,146.0,,,,,13056.118,671.876,1297.473,3823.975,9587.125,28436.567,2913.978,29196.224,53675.439,15896.277,6854.831,102574.841,239548.157,,,11877.064,152.991,494.704,556.247,5063.481,18144.487,2307.576,19076.482,50396.938,12599.01,6754.117,77905.812,187184.422,,,56053.342,47372.632,,10913.637,8932.649,,2031.981,1252.471,,27781.042,27794.987,,1685.13,1693.605,,1218.941,1192.235,,21142.292,21940.297,,11280.855,11276.89,,18444.667,20145.476,,28228.635,30547.562,,3872.169,5290.939,,3429.033,3923.079,,186081.724,181362.822,,408.879,370.867,7952.589,6098.417,74069.392,44098.632,82430.86,50567.916,,,,,,39769.917,34569.699,4148.436,3728.445,336.852,151.237,1224.741,825.344,1200.508,768.484,3179.847,417.208,32570.559,10107.499,82430.86,50567.916,,,,,,,,,,980150.664,928048.656,52102.008,439377.329,221750.062,217627.267,197562.28,164481.358,84371.133,80110.225,16316.823,13.89,16750.209,1617090.273,,,85318.877,47921.606,175188.119,14185.177,322613.779,,49985.12,24490.933,25510.518,99986.571,222627.208,,46103.252,24831.037,21272.215,,18.0780444131251,16.1839683688082,0.99407581551285,1.23698687005173,1.95685322722019,14.3781420599973,67.1174155959707,37.0719649245933,17.5053000871892,27.2863854732987,,168491.79047888,29420.302,,98116.71562323,4668.35829865,102785.07392188,300697.16640076,,,,,,,,,,,,,,,,,,,,,,762449.315,731659.661,1586028.244,448043.84,216252.463,3744433.523,,,199185.242,,30859.51,3398.7,,89176.843,156858.639,,467.747,416.323,233.008,480596.012,,8367.46,27759.098,9554.216,18.735,879337.633,646495.154,1544272.578,3115804.874,3596400.886
2016,,170323.06883444,976086.198808325,1146409.26764277,496019.30788064,1642428.57552341,157279.108571845,1799707.68409525,,3.79098860181462,5.43124360980313,5.95133998788407,,1.5676362139753,1.09420446695589,0.998580324947143,,,,,,,,,,,,,,,,,,,,349391001.0,356373.4,8317249.5,32322216.4,2505115.2,87212980.0,184223539.5,34345407.0,108120.0,,162649835.0,148955.8,25802336.9,6353644.3,90808.1,2178873.9,1242618.9,1172994.4,199640067.3,,199989.45820095,29666.38936651,170323.06883444,,170323.06883444,976086.198808325,1146409.26764277,496019.30788064,157279.108571845,653298.416452485,,,1799707.68409525,875423.71991032,1096618.92538331,3771750.32938888,,,1982347.67438205,137730.425538945,2120078.099921,1417920.09133991,178416.26798044,55335.8701475384,3771750.32938888,,,1623.50262039,232881.610766,34515.65518544,401143.71542823,1365189.20665399,41516.85962116,2076870.55027521,,,199989.45820095,34515.65518544,885094.23159977,97838.65477041,18490.36108656,164754.96599933,676187.22343277,2076870.55027523,,1623.50262039,27600.59,7276.93,613767.97195943,1358970.34940399,2009239.34398381,,,29666.38936651,,97266.686,328.1018266,112658.53324999,35563.51193912,233831.507970723,1417920.09133991,233752.138127978,4442.106,23683.78673561,59543.7333954,40344.4894398,2289001.07539164,,1629384.61526081,96101.0824317776,,338789.98326989,130639.42445746,167753.039,40397.51981243,34095.9432099971,1857.631,188771.819822993,2289001.07499547,,14.7245597016207,87.0218165839837,14.3460381262138,14.350909280759,10.215438973995,18.3132000058622,13.035925000883,59.9052052944594,30.4421254033532,7.91364963662525,80.6817266170979,,1349517.37684425,14091.5976,1363608.97444425,54311.11689566,1417920.09133991,,55335.8701475384,178416.26798044,233752.138127978,,711226.960317241,266524.428102953,441193.456471761,1418944.84489195,,110484.0,89918.0,200402.0,,,,,14929.584387619,20132.0,,29080.18,9327.765,4821.814,957.62,506.491,72.111,273499.518,318265.499,10957.695,,101014.661,85076.889,143131.644,329223.194,,555.0,76.0,631.0,195.0,16.0,211.0,,,,,10493.557,819.05061003,2353.55900282,4502.27567975,9244.71581854,27413.15811114,2051.46050949,19318.33649652,34820.48829727,10393.0673989,5117.64555735,77891.6691252018,177005.825495872,,,9381.17,305.17966959378,362.67299461248,729.49747335597,4554.70782884861,15333.2279664108,1544.53666338586,15131.3689583117,31424.13549891,7934.23839065544,4577.77876104769,59804.5535977373,135749.839836459,,,40454.9694754212,36906.6241331248,,6475.5964630604,7071.8842006545,,1483.0421994697,1491.14383535,,22824.5366183373,21920.6888522404,,1548.5801087787,1379.3142693398,,1716.397216602,1328.65074778,,11090.5829245603,12628.6461169,,8763.9635451931,8464.154462947,,13052.710556364,11476.3914673558,,19805.5211899348,21342.8667814836,,2794.7177341143,2682.3632042561,,3062.9966612749,2409.54144723,,133073.614693111,129102.269518662,,149.661,220.6137981317,5108.941,3423.534,52599.369647268,38556.8060317269,57857.971647268,42200.9538298586,,,,,,31129.621,30632.9757989115,2373.17908495,2468.9344652217,1491.219,242.884,2336.97,1970.576,850.401,443.629197,2895.701,313.711,16780.88050521,6128.2433991288,57857.97159016,42200.953860262,,,,,,,,,,976086.198808325,914430.702674325,61655.496134,496019.30788064,274643.98286095,221375.32501969,157279.108571845,128943.789684815,98642.10481396,30301.6848708548,18085.01497148,80.941,10169.36291555,1629384.61526081,,,58232.58009965,33369.3377539828,129204.57741559,13025.0127015,233831.507970723,,50931.9152138629,21712.2259150047,23456.94130291,96101.0824317776,137730.425538945,,33179.88684412,26540.7855317228,6639.1013123972,,19.5447205862525,17.4693040479515,0.992332956691431,1.38335895995773,1.81317302183408,12.6280832007209,70.0763907523461,37.970332940681,20.2744035663867,31.809750929088,,170323.06883444,29666.38936651,,97838.65477041,4575.66294451,102414.31771492,302403.77591587,,,,,,,,,,,,,,,,,,,,,,503609.861435,480229.670645,1588577.54124387,435207.849867947,146532.58,3154157.50319181,,,152103.3977102,,20567.44,2671.64252923,,59576.381262692,151898.191797785,,455.45316354,517.016,164.03235291,387953.554816357,,6404.35,33712.849,6898.61540522758,626.343,843793.781041351,413897.490533333,1197173.26215062,2502506.69113053,2890460.24594689
2017,,172046.3506952,1002467.74800831,1174514.09870351,454152.05919544,1628666.15789895,176505.21473534,1805171.37263429,,3.8900663007798,5.39424715553165,5.97884378873662,,1.63683778099154,1.18040707221744,1.06498977338625,,,,8371.99,152583.95,294668.5,4809716.5,11846999.0,10746575.0,9763508.0,37622422.94,,16898524.0,5877348.1,2383322.6,280566.49,187562.21,25627323.4,,387967692.88,364134.48,8476992.75,32593791.2,2505115.2,92215072.25,196929779.0,45119300.0,9763508.0,,164379319.5,81427.0,26879805.2,6586503.85,82145.12,2346817.29,1398849.58,1214131.03,202968998.57,,203356.95356888,31310.60287368,172046.3506952,,172046.3506952,1002467.74800831,1174514.09870351,454152.05919544,176505.21473534,630657.27393078,,,1805171.37263429,737716.36628562,1146983.19676395,3689870.93568386,,,1833354.55814836,142937.932578108,1976292.49072647,1405210.3730772,254545.17204385,53822.8998363387,3689870.93568386,,,1623.50262039,227564.688477,25831.23752851,377965.89758408,1244668.98230174,26008.56678066,1903662.87529238,,,203356.95356888,25831.23752851,729723.25167184,97534.49527582,18468.51283485,138786.0,689962.42441248,1903662.87529238,,1623.50262039,29312.72,5775.76,585222.22503598,1239653.45106874,1861587.65872511,,,31310.60287368,,96282.124,267.73114819,115433.23387259,11532.14237396,262124.021989288,1405210.3730772,308368.071880189,2600.126,26231.30198212,49435.20971148,42095.8705450365,2350890.80945373,,1633125.02193909,119186.08941118,,360924.744556557,147614.371627,169453.039,43857.3339295565,43477.19911772,705.404,193472.35157965,2350890.8106042,,14.8974321393708,86.0442620252505,18.8820860459322,16.0504565460674,11.1499871000047,19.4147665590556,13.4871177066993,61.3834051001209,27.8087747780756,8.83786240147039,80.1136023781949,,1338555.23137677,12572.008,1351127.23937677,54083.13370043,1405210.3730772,,53822.8998363387,254545.17204385,308368.071880189,,701233.224745447,267154.514792103,436562.39967556,1404950.13921311,,121248.785,89743.584,210992.369,,,,,18922.87238819,28469.0,,30028.005,16720.033,10783.908,3722.451,565.647,324.256,255515.043,317659.343,12093.963,,108994.427,80899.69,139859.188,329753.305,,513.0,74.0,587.0,189.0,12.0,201.0,,,,,6198.5490927385,601.454801272,869.3287454822,3457.7889924245,8068.103313898,19195.2249458152,2201.0003066731,14568.8774520416,25728.2900170164,7560.2227125278,4057.9813958468,66730.7055154248,140042.302345346,,,4705.44711914,245.05669374,477.07462526106,230.8551873856,4477.04058647377,10135.4742120004,1673.36661223017,13345.4310296299,25162.2435462351,7202.91840994968,4935.31826576148,54104.4219572768,116559.174033084,,,38352.5621220945,36996.449574311,,4431.4901345454,4761.82074116,,1884.9621089863,1536.09576083,,19130.8105604341,16473.7988785764,,1225.0689869805,1307.7745409435,,2353.3234026103,1979.53487517,,7471.4351093672,7468.5257237138,,8574.4788157846,7381.4067697764,,10924.2696067648,8703.29288169,,12913.7406033992,11674.9516183945,,3996.8466461561,3253.8174696584,,2495.3364729074,2390.3227114832,,113754.32457003,103927.791545707,,341.77,110.7177710011,12102.089,3615.379,57504.3875490466,37154.1631765338,69948.2465490466,40880.2599475349,,,,,,34526.669,27905.6096284683,7144.5211692,2419.6938113955,420.608,331.63,2109.361,2213.333,2056.462,806.13136,3585.904,484.5677732367,20104.721377425,6719.2943744343,69948.246546625,40880.2599475348,,,,,,,,,,1002467.74800831,895303.89642767,107163.85158064,454152.05919544,253390.90731838,200761.15187706,176505.21473534,144333.34228296,102755.70343547,41577.63884749,18517.02226009,50.621,13604.22919229,1633125.02193909,,,53365.89043618,70368.859579218,114488.36040207,23900.91157182,262124.021989288,,57717.12406932,44121.89404034,17347.07130152,119186.08941118,142937.932578108,,43826.32565977,27013.94325336,16812.38240641,,20.3966974990304,18.3466006859991,1.72351457335718,1.61364907195792,1.95034483313016,12.8638995416976,73.3965061389776,36.6034510701634,21.6088034804504,34.5841119141961,,172046.3506952,31310.60287368,,97534.49527582,1035.05006049,98569.54533631,301926.49890519,,,,,,,,,,,,,,,,,,,,,,575262.114,515287.113757,1298957.43170034,384586.72722042,174627.829,2948721.21567776,,,117114.46462134,,25402.321,5267.22347807,,65270.163702815,141656.710260011,,3107.70351026,2096.983,156.69899708,360072.268569576,,2862.014,35297.391,4008.06357848,459.544,868141.97015049,375327.24645,1199126.89064,2485223.11981897,2845295.38838855
2018,,180132.44599683,1040664.95184748,1220797.39784431,443022.41314938,1663819.81099369,189825.56086021,1853645.3718539,,3.91765185911004,5.33935179356831,5.94851959055394,,1.64129722400687,1.20427186100158,1.08094644778397,,,,250657.79,2192161.3,4660194.8,24877750.0,53973145.0,71459417.0,40586638.0,197999963.89,,45714668.5,11846323.9,4393458.7,643839.63,521599.585,63119890.315,,548436481.28,606421.23,10517892.65,36980179.7,2505115.2,112333912.5,239097411.0,105808911.0,40586638.0,,170525298.5,34517.2,27899012.9,6728058.7,76581.76,2342274.3,1521187.89,1190005.17,210316936.42,,210865.37290428,30732.92690745,180132.44599683,,180132.44599683,1040664.95184748,1220797.39784431,443022.41314938,189825.56086021,632847.97400959,,,1853645.3718539,681491.77071521,1225798.86225649,3760936.0048256,,,1835865.64231484,120898.89392802,1956764.53624286,1445252.02058274,305153.968,53765.48,3760936.0048256,,,1623.50262039,241825.626337,32583.75605311,405571.77334437,1204035.20514875,14224.29759027,1899864.16109389,,,210865.37290428,32583.75605311,679218.0842021,99942.62424247,17190.46513567,116326.0,743737.85855621,1899864.16109384,,1623.50262039,30333.3881,6189.99,625756.83080877,1198305.25379785,1862208.96532701,,,30732.92690745,,98060.0,1401.05662487,92661.7423344,9922.7156172,231832.16036955,1445252.02058274,358919.448,1041.436,27703.11078046,59042.453948,41577.43473394,2398146.50589861,,1673512.92585707,110933.26644153,,351586.83078817,121054.32027088,182384.289,48148.22151729,39055.909,471.749,222585.82481184,2398146.50589861,,13.3166420422231,86.3603739327302,21.4470675699253,13.8530247832308,9.66713917599793,18.1318354093666,12.6530471980976,62.1844585583058,26.4726018128896,8.96175249810105,77.3863790507629,,1375627.50258274,13312.273,1388939.77558274,56312.245,1445252.02058274,,53765.48,305153.968,358919.448,,714927.050375027,227911.370113452,499866.83495486,1442705.25544334,,140276.139,98267.964,238544.103,,21971.68291048,3407.85662308,2361.59973878,27741.13927234,46820.0,,28055.147,16789.358,12498.68,3522.2,703.481,483.608,259234.405,321286.879,15331.865,,120013.897,73375.06,143229.786,336618.743,,571.0,78.0,649.0,341.071,14.168,355.239,,,,,6157.95985451376,605.582881569,838.69007944722,2544.37271821401,7686.43248576454,17833.0380195085,1712.81092105861,15450.3136314834,19773.4373482083,5341.66096283048,3375.18166972726,68983.2824404291,132469.724993246,,,4933.026973032,141.99412299921,387.48222190988,158.87937133443,3991.19032417774,9612.57301345326,1049.15066962647,13061.099009184,16642.7590502466,4646.14927188657,3596.10813263333,57152.8719145403,105760.711061571,,,37008.427,35917.328,,5621.146,4274.886,,1672.123,1381.332,,19177.596,16602.267,,1013.617,927.387,,2159.602,1501.13,,4906.017,5658.287,,7992.956,7815.096,,7044.125,6541.969,,13351.791,12322.863,,3402.549,4534.493,,2120.314,2162.015,,105470.263,99639.053,,133.471,92.641,15841.567,4259.934,58251.435,40128.407,74226.473,44480.982,,,,,,29087.806,27893.357,7187.01,3353.366,517.22,436.074,1372.24,1364.307,2629.47,1472.667,2291.318,304.51,31141.409,9656.701,74226.473,44480.982,,,,,,,,,,1040664.95184748,928548.77884748,112116.173,443022.41314938,274525.14014938,168497.273,189825.56086021,149976.08643904,87520.90743904,62455.179,25409.32742117,0.0,14440.147,1673512.92585707,,,66194.54915126,39941.79408805,98752.768,26943.04913024,231832.16036955,,60781.46010598,32082.21533555,18069.591,110933.26644153,120898.89392802,,47422.286,31375.40044153,16046.88555847,,20.2911668117437,18.4905134697096,1.06756348918846,1.95231785727138,2.10492143262782,13.7647923571326,75.6511840670853,36.2724531189873,22.344193285197,35.4913712279556,,180132.44599683,30732.92690745,,99942.62424247,806.57243413,100749.1966766,311614.56958088,,,3698.0,22308.0,74758.0,100764.0,0.057667346560356,,1207.47598814929,3212.64975425402,3334.53327452778,7754.65901693109,0.162675446393845,,4905.47598814929,25520.649754254,78092.5332745278,108518.659016931,0.0604560265485424,,,526400.58,414916.99044844,1396270.85570954,422768.22527973,125788.22,2886144.87143771,,,104368.90750972,,41883.316,13322.9784738177,,60268.7570206239,136432.366759768,,320.84831598,346.656,95.61541576,357039.44549567,,0.0,72091.886,5976.92370333,704.51,930923.95203602,303416.70624221,980215.73984593,2293329.71782749,2650369.16332316
2019,,189160.26772414,1099151.08319698,1288311.35092112,501666.91848965,1789978.26941077,195161.18214797,1985139.45155874,,3.96802125850136,5.51316405013364,6.1142638689342,,1.62568221633279,1.17006160805604,1.05503160024734,,,,337219.74,3179322.95,6644487.5,38415532.25,81334701.5,218017034.0,111962842.0,459891139.94,,91655516.0,22653041.7,5675991.65,1217603.14,931002.75,122133155.24,,,,,,,,,,,,,,,,,,,,,,218479.70989933,29319.44217519,189160.26772414,,189160.26772414,1099151.08319698,1288311.35092112,501666.91848965,195161.18214797,696828.10063762,,,1985139.45155874,622945.04486821,1306853.02475129,3914937.52117824,,,1852625.79381764,70474.53321316,1923100.3270308,1546518.91514744,383672.269,61646.01,3914937.52117824,,,1623.50247581,259843.37274558,42987.15867206,399832.17317685,1203575.56694628,4944.75175295,1912806.52576953,,,218479.70989933,42987.16532206,626170.12420842,105469.77303162,12248.82152688,124007.0,783443.93178122,1912806.52576953,,1623.50247581,31437.8618264398,9429.72095727807,637185.24429983,1193734.22619669,1873410.55575605,,,29319.44217519,,102917.779,593.22586347,106544.8540354,17671.57659625,243629.37153833,1546518.91514744,445318.279,1398.184,34155.32679329,29730.29,73331.14328131,2631128.38743068,,1795979.1838346,173154.83832517,,393290.91693213,143724.36820293,199251.514,50315.0347292,22463.255,2931.618,243308.57533878,2631128.38743068,,13.3284006423153,86.1100690401914,24.7952917833491,13.565266999262,9.25950146340963,19.0968740222613,13.0353153362405,61.2006582865944,27.932780235155,8.63257378681947,77.1127414041489,,1477979.67194744,12853.2232,1490832.89514744,55686.02,1546518.91514744,,61646.01,383672.269,445318.279,,683214.98919258,234624.91,634639.00595486,1552478.90514744,,198099.618,99272.328,297371.946,,56515.870200538,11307.236456632,11139.606007728,78962.712664898,135779.0,,25648.219,15624.968,12462.085,3239.001,559.381,454.707,275450.383,333438.744,19054.274,,129377.64,68022.814,155092.563,352493.017,,525.0,98.0,623.0,445.773,21.588,467.361,,,,,5014.02824226143,264.896572999,756.673583844,2435.59337740212,7885.83472271849,16357.026499225,1878.28981125027,14929.5679000128,25442.8988669395,6028.35922749695,3408.16889560281,67025.6575404413,135069.968740969,,,4043.70710373738,175.383,386.91480434528,99.2621699,4028.20270117097,8733.46977915363,1102.51963140419,13364.3874526326,26872.7745771865,5604.80116169639,3606.43626726423,61133.9472817697,120418.336151107,,,36353.08964473,35026.94966897,,6224.909,4949.408,,2241.702,1376.893,,19545.938678,16380.436,,881.842687,841.035102,,2340.048687,1928.382898,,4586.64,4430.1318,,8899.06514211,7504.71006704,,9350.53217613,8513.9768,,20313.43541554,16087.41418507,,2414.0946,2398.391335,,2564.03707137,2180.85678714,,115715.33510188,101618.58564322,,222.517,168.123,9304.74855,2616.69352,47292.709048,34075.840535,56819.974598,36860.657055,,,,,,24914.132015,26726.559,3890.268,1579.720535,308.722,384.457,2405.901,678.983,1594.100078,957.103,62.204374,48.858,23644.647131,6484.97652,56819.974598,36860.657055,,,,,,,,,,1099151.08319698,1005893.28319698,93257.8,501666.91848965,261730.74148965,239936.177,195161.18214797,155039.22824044,82748.32624044,72290.902,24190.72090753,0.0,15931.233,1795979.1838346,,,47537.59501915,63226.78985562,97611.725,35253.26166356,243629.37153833,,102350.20176254,38704.54064435,32100.09591828,173154.83832517,70474.53321316,,52539.79749167,46831.39240689,5708.40508478,,19.2865925552707,18.0091024701853,1.62461354053268,1.85839038526169,2.11533358912082,12.0883168027962,77.6932006227733,35.8611213007093,25.4498944811833,41.304558728151,,189160.26772414,29319.44217519,,105469.77303162,724.01728303,106193.79031465,324673.50021398,,,3526.0,23008.0,81437.0,107971.0,0.0570250491709077,,1687.68227444181,3810.18642368109,3882.5414648117,9380.4101629346,0.19020836784221,,5213.68227444181,26818.1864236811,85319.5414648117,117351.410162935,0.0604059583804063,,,516271.59487793,472529.45844299,1844837.71501305,519344.148590458,83184.139,3436167.05592443,,,108895.354,,39778.936,39649.581,,58092.872,125527.235,,478.433,370.202,155.96653785,372948.57953785,,0.0,55912.002,17814.27615947,935.622,1046618.9834811,434738.87131,1238389.69214153,2794409.4470921,3167358.02662995
2020,,206283.560385,1282591.31982632,1488874.88021132,473966.98055585,1962841.86076717,186425.206063303,2149267.06683047,,4.22194856113863,5.5659595577517,6.09459876105885,,1.35924577052015,1.03102900147542,0.941598610518585,,,,376593.27,3678253.85,7388832.2,44909590.0,95292963.0,333563106.0,170528954.0,655738292.32,,126301408.5,24426883.9,5477448.1,1282570.51,874731.235,158363042.245,,,,,,,,,,,,,,,,,,,,,,233667.98094686,27384.42056186,206283.560385,,206283.560385,1282591.31982632,1488874.88021132,473966.98055585,186425.206063303,660392.186619153,,,2149267.06683047,585028.75918583,1297986.84468582,4032282.67070212,,,1684317.11854178,67998.18325004,1752315.30179182,1762440.0469103,438369.739,79157.583,4032282.67070212,,,1623.50247581,255320.92846058,23276.44998953,311670.74841572,1124050.6171578,130852.39961047,1846794.64610991,,,233667.98094686,23276.44998953,574017.79225741,118539.02029291,8348.67796813,189541.0,699403.72466114,1846794.64611598,,1623.50247581,31509.6243793474,13656.9968191304,545431.8529631,1108986.94520085,1701208.92183824,,,27384.42056186,,115067.433,431.72062894,145293.5742911,21804.37216168,250064.205753258,1762440.0469103,517527.322,1418.761,35094.16613493,21646.489,81452.742859117,2979625.25430119,,1942983.50644547,182066.022503218,,415799.345200877,172790.983090017,204307.764,38700.59811086,28378.133721957,1250.672,409147.574429661,2979625.25430119,,14.831682694471,90.7079262929277,26.6357033028434,12.8701146933939,8.39247168388985,19.4082320225089,12.6559118985068,66.0114363076975,24.3937727203322,7.41457157140958,75.0011962171217,,1690315.7179103,13116.772,1703432.4899103,59007.557,1762440.0469103,,79157.583,438369.739,517527.322,,698110.197143175,260837.697585433,823642.178181693,1782590.0729103,,315198.729,113212.49,428411.219,,93260.9567800189,21915.32620628,35609.1573585149,150785.440344814,225073.0,,23871.977,14469.345,12012.415,4167.531,549.505,571.545,309605.213,365247.531,18373.284,,122922.413,76876.279,183822.123,383620.815,,411.0,83.0,494.0,179.0,23.0,202.0,,,,,4195.75630277,342.8686,529.35589,1882.68172,6833.43263,13784.09514277,971.4587,12286.42169,26156.55568,4750.82144898,2774.87828100923,62498.74647784,123222.977420599,,,4047.05852,58.096,325.94157,252.67366,2456.992582,7140.762332,607.66392,10229.77253089,24472.35205593,4335.84146517658,4484.05993,55086.90446523,106357.356699227,,,29624.684,28393.98705,,5205.6,4783.59167,,1240.922,1617.953,,14130.134,13412.03874,,635.079,669.69,,776.204,1401.914,,4795.27,3925.617,,9254.986,7154.62891,,6543.619,5816.94012,,21930.883,22302.65201,,1898.492,1652.97475,,3880.732,3098.81958,,99916.605,94230.80683,,340.83489,228.42794,6994.24662,1760.42966,48382.765,32152.66869187,55717.84651,34141.52629187,,,,,,24703.742,21122.55823,9378.58689,5938.47840187,782.522,411.92,1454.578,90.267,732.693,419.954,449.682,168.799,18216.04262,5989.54966,55717.84651,34141.52629187,,,,,,,,,,1282591.31982632,1137481.67982632,145109.64,473966.98055585,262326.18655585,211640.794,186425.206063303,144063.902706083,76124.970706083,67938.932,25972.84935722,1.287,16387.167,1942983.50644547,,,47754.577877736,56850.521771399,106799.963,38659.143104123,250064.205753258,,94708.78071283,43733.05991302,43624.181877368,182066.022503218,67998.18325004,,37164.22775417,49392.9804932,-12228.75273903,,20.3385021163627,18.7272345898783,2.52598374723691,2.18290550467846,1.46596857922992,8.61755868714987,76.536933164196,36.2222342792975,26.7502460273194,43.7801555620133,,206283.560385,27384.42056186,,118539.02029291,444.11675722,118983.13705013,352651.11799699,,,7182.0,39915.0,123257.0,170354.0,0.0804882001446722,,2514.33162163558,5180.69679129725,4191.95128877126,11886.9797017041,0.219620233651839,,9696.33162163558,45095.6967912972,127448.951288771,182240.979701704,0.083957482694797,,,688034.508,402791.655654097,1476462.44509609,463361.760648415,56837.744,3087488.1133986,,,98022.51020619,,27336.834,22784.3889052943,,48571.066839368,149691.575466245,,447.14703441,223.82073863,174.49948081,347251.842670947,,0.0,4615.855,9106.44179486,1308.538,953118.797628459,372747.243976465,1145209.97443274,2486106.85083252,2833358.69350347
2021,,204366.04192211,1360108.16626135,1564474.20818346,495334.36669822,2059808.57488168,249011.38056003,2308819.95544171,,4.39118541626893,5.78149599847251,6.48042419881007,,1.37527351751571,1.04455335004839,0.931895942028723,,,,385851.5,3921126.35,7982035.9,49612954.75,103752557.0,444413775.0,210052080.0,820120380.5,,137240023.5,23687857.1,5396466.05,1323728.93,1127208.695,168775284.275,,,,,,,,,,,,,,,,,,,,,,227497.13381994,23131.09189783,204366.04192211,,204366.04192211,1360108.16626135,1564474.20818346,495334.36669822,249011.38056003,744345.74725825,,,2308819.95544171,537714.51422031,1436327.31060554,4282861.78026756,,,1643108.70759225,29845.55137531,1672954.25896756,2034085.1673,480749.659,95072.695,4282861.78026756,,,1623.50247581,259689.57324158,33815.94189745,291417.9070208,1132710.96122997,129449.06186739,1848706.947733,,,227497.13381994,33815.94189745,575309.23499696,128334.80563762,6896.64293771,92182.25446222,784670.93398097,1848706.94773287,,1623.54231183,80782.5669931112,14618.9336234076,494048.76664738,1116565.04854785,1707638.81828756,,,23131.09189783,,124144.932,58.89051893,58233.633,19580.82179773,255572.29254498,2034085.1673,575822.354,368.132,32572.41946573,33082.849,121193.47849168,3277846.06201688,,2104453.9135196,225726.74116967,,473399.77316566,220436.84903145,199087.764,53875.16013421,47296.073,13.327,426956.23416195,3277846.06201688,,9.76826083461036,96.6561992273847,27.3620795542614,12.1443520764751,7.79695835953091,19.9350819866525,12.7987893602701,64.629981085527,23.5374299962595,9.52498318553285,79.4976813769397,,1948981.4303,15165.863,1964147.2933,69937.874,2034085.1673,,95072.695,480749.659,575822.354,,771562.11530985,269365.502323483,1018292.37066667,2059219.9883,,445754.207,123101.899,568856.106,,96192.517725964,28400.79096626,27947.8591461618,152541.167838386,201481.0,,19060.089,14047.003,12214.314,5168.441,636.542,646.085,376624.611,428397.085,19494.355,,143467.815,79139.066,225284.559,447891.44,,404.0,69.0,473.0,187.579596,18.831204,206.4108,,,,,5605.69119,227.032,724.64507,2142.24685,9007.042406,17706.657516,717.40552,12823.440794,29401.133248,4350.5007,3335.366252,62420.871203,130755.375233,,,5666.51737,21.326,434.26059,315.547,4249.47568,10687.12664,590.54439,12087.200212,31797.433661,4778.776867,4244.429317,62794.0690059781,126979.580092978,,,39598.576,31670.675,,4217.468,4198.258,,1666.168,1390.875,,16505.504,13570.55,,837.879,525.178,,1120.133,878.273,,5403.595,5396.89,,9461.862,8147.444,,8076.345,6444.233,,24397.996,21782.853,,2603.212,1854.739,,6348.028,4737.084,,120236.766,100597.052,,701.237,380.969,28054.164,11503.042,61887.87331,33102.44,90643.27431,44986.451,,,,,,31357.493,25845.102,11274.26331,5649.947,1062.775,1193.186,6177.136,331.496,2393.072,1128.092,2153.535,61.321,36225.0,10777.307,90643.27431,44986.451,,,,,,,,,,1360108.16626135,1192849.54026135,167258.626,495334.36669822,259387.49469822,235946.872,249011.38056003,200448.88141003,92391.48341003,108057.398,28669.37815,0.0,19893.121,2104453.9135196,,,60240.58765762,60523.83575614,96433.897,38373.97213122,255572.29254498,,129510.71107179,51634.48609788,44581.544,225726.74116967,29845.55137531,,38570.68733333,61723.32666967,-23152.63933634,,19.9043091796363,18.2107792451645,2.51191046314357,1.8617019769322,1.84077890422957,10.8206531325083,76.7938525539648,36.0673255997747,24.6531460582761,41.2770918054345,,204366.04192211,23131.09189783,,128334.80563762,444.11356157,128778.91919919,356276.05301913,,,9368.0,50587.0,128637.0,188592.0,0.0782305052179389,,2938.27297551679,6769.33710693391,4934.20632538466,14641.8164078354,0.215089722751656,,12306.2729755168,57356.3371069339,133571.206325385,203233.816407835,0.0819875785082208,,,655922.142561,317138.597785353,1839839.42381865,477678.3172376,73830.72335446,3364409.20475707,,,92682.406,,41772.044,30336.108,,65472.254,153868.214,,560.517,284.229,118.862,385094.634,,0.0,21943.834,4656.436,1366.755,1090727.28327034,375536.74954161,1356971.76442611,2851202.82223806,3236297.45623806
2022,,199965.70505283,1328160.3574,1528126.06245283,654764.27135,2182890.33380283,312481.682124,2495372.01592683,,4.19634813572936,5.99437965742954,6.85247766154698,,1.5366272199853,1.07571143944883,0.941006025613307,,,,387156.9,4210906.05,8510880.5,53675543.25,110925555.0,551917482.0,261128064.0,990755587.7,,143110777.5,21586214.3,5637236.8,1449313.92,1283823.16,173067365.68,,,,,,,,,,,,,,,,,,,,,,222448.96383092,22483.25877809,199965.70505283,,199965.70505283,1328160.3574,1528126.06245283,654764.27135,312481.682124,967245.953474,,,2495372.01592683,594091.91581848,1574374.3961069,4663838.32785221,,,1651737.70341297,84360.03963433,1736097.7430473,2289580.61282591,510298.349567,127861.622412,4663838.32785221,,,1623.50247581,249563.9897466,28738.52839147,324419.69611245,1130417.24409243,199024.31082508,1933787.27164384,,,222448.96383092,28738.52839147,637533.98051593,135861.80628238,5348.90234452,68294.77720328,835560.31307521,1933787.27164371,,1623.54231183,77306.2730898782,14710.1400903721,516695.23586595,1114104.83256738,1724439.98408939,,,22483.25877809,,133995.409,1482.90101546,44455.369403,13988.12939728,286889.85415933,2289580.61282591,638159.971979,972.733,40520.920612,27521.165526,120898.902043,3620949.22773907,,2295406.310874,202529.814525,,507000.081649,218452.645709,219275.292,69272.14394,92691.574942,2885.029,520436.416754,3620949.227744,,8.8183489449185,99.7462018806652,27.8016126798926,12.4984344950282,7.92305652787252,19.0697366141827,12.0887620946378,57.8616670655701,28.5249834963071,11.2203686418782,81.54793723887,,2205599.88148991,15609.511173,2221209.39266291,68371.220163,2289580.61282591,,127861.622412,510298.349567,638159.971979,,873392.39116947,290352.98741944,1185325.636485,2349071.01507391,,549779.821,138053.023,687832.844,,83968.96018896,27239.31746302,9065.720542639,120273.998194619,154392.0,,13436.303,11025.888,8680.021,6346.741,564.428,814.167,410686.167,451553.715,23067.209,,,,,,,697.0,76.0,773.0,201.46273251788,17.197914697129,218.660647215009,,,,,7191.72748,585.474,589.18848577,968.87868,10367.30790933,19702.5765551,834.44405123,15304.59342468,35662.11749325,5241.67681168,3228.02034526,78148.41056275,158121.83924395,,,6878.00987,443.01251,617.236952896,127.94483,6233.262797208,14299.466960104,634.254602005,14042.122984974,40499.573230357,5403.183884661,3974.333975112,75917.700480886,154770.636118099,,,59667.95872653,39735.629,,6463.22123296,4866.148,,842.631,1270.53,,17740.43136573,15736.319,,1561.001,1100.668,,1921.289,2211.525,,5709.871,4500.596,,13199.05161137,10479.524,,9327.05678856,7725.992,,25240.53475736,25278.395,,4594.407,3399.935,,6000.28282274,5470.475,,152267.73630525,121775.736,,478.298,624.017,32689.023,16881.435,68310.782,43283.9443925,101478.103,60789.3963925,,,,,,37799.188,30616.135,15784.816,11933.878,1506.72,1049.774,361.181,394.589,7307.538,1778.278,1309.036,96.494,37409.624,14920.2483925,101478.103,60789.3963925,,,,,,,,,,1328160.3574,1155575.884,172584.4734,654764.27135,313679.63845,341084.6329,312481.682124,257553.049909,120032.756469,137520.29344,39932.206885,0.0,14996.42533,2295406.310874,,,59663.90346196,57462.5210971,117479.33940427,52284.090196,286889.85415933,,107845.621642,42325.849495,52358.343388,202529.814525,84360.03963433,,27065.911938,29442.088247,-2376.176309,,19.935244689654,18.3505777369073,2.72353280839215,1.77974031138528,2.11946380706591,12.4703708311876,77.8631065462235,34.0465652847293,22.7998445280218,39.6574365111974,,199965.70505283,22483.25877809,,135861.80628238,5845.39925734,141707.20553972,364156.16937064,,,15176.2505,65074.85503848,132974.334514907,213225.440053387,0.0774156659043789,,3137.06843358759,7397.49936004495,5272.23445934151,15806.802252974,0.209502806771358,,18313.3189335876,72472.354398525,138246.568974249,229032.242306361,0.0809374913626062,,,760112.851,340772.633697613,1992827.87600161,544434.114997078,49638.002,3687785.4776963,,,95008.798137543,,53437.919,63447.44151734,,72469.35579877,143238.94983937,,558.729,427.077,438.443,429026.713293023,,0.0,14710.347,19823.287,468.235,1191797.3055681,288961.39906071,1595406.97714104,3111167.55076985,3540194.26406287
2023,,211884.8803785,1312330.29183468,1524215.17221318,864069.42390418,2388284.59611736,297058.62959233,2685343.22570969,,,,,,,,,,,,387405.37,4426067.75,8824824.6,58004842.5,116989044.5,646439828.0,301836432.0,1136908444.72,,160956898.0,21777063.8,5159687.55,1566230.47,1440155.485,190900035.305,,,,,,,,,,,,,,,,,,,,,,234754.67687044,22869.79649194,211884.8803785,,211884.8803785,1312330.29183468,1524215.17221318,864069.42390418,297058.62959233,1161128.05349651,,,2685343.22570969,451857.65210131,1675657.93145667,4812858.80926767,,,1564176.81090822,42877.5242001525,1607054.33510837,2518786.4667753,540315.310261,146702.697123,4812858.80926767,,,1623.50247581,254802.98701098,21671.81261635,361745.12416106,1001214.36988212,167173.5177265,1808231.31387282,,,234754.67687044,21671.81261635,484937.89787183,142041.652737,6271.34595195,70304.80414224,848249.12368288,1808231.31387269,,1623.54231183,78423.560790878,13856.0987105732,558754.40448214,985747.345719517,1638404.91217892,,,22869.79649194,,141699.522,1138.19314827,39957.65772944,19839.74247637,317580.976872053,2518786.4667753,687018.007384,1225.538,48084.64885236,37888.70918339,120935.190894916,3957024.44980804,,2473458.34533119,274703.4526719,,540967.560979981,229075.29731218,234495.292,77396.9716678006,102311.33551,2549.254,563034.500762398,3957024.44925547,,8.31488307688125,101.83258074791,27.775604496465,12.8395522597543,8.02575220093621,18.74179891435,11.7151307805204,53.0564945357494,34.9336557672445,9.84647286612217,80.6995161344487,,2418230.1530493,18765.285,2436995.4380493,81791.028726,2518786.4667753,,146702.697123,540315.310261,687018.007384,,929931.06896895,398219.49565837,1255547.57054498,2583698.1351723,,607220.445,160049.899,767270.344,,53333.238473396,20245.2323615207,4160.929969712,77739.4008046287,102853.0,,10792.058,11310.993,7889.437,7461.561,510.126,918.197,402947.265,441829.637,27066.406,,,,,,,,,,,,,,,,,4144.94633,163.00581775,458.26260467,884.09731843,7675.84752805,13326.1595989,665.18573683,16662.25257792,42915.98407544,8179.46161326,3727.81199138,84808.68908516,170285.54467889,,,3404.73563,74.499,567.553911179,179.583705846,6488.568302698,10714.940549723,536.694642579,15596.244937161,41951.879128723,9267.856340654,3941.71714487,82993.232238738,165002.564982448,,,60321.690036,42252.271573,,5377.452977,5032.291193,,1032.016502,927.072915,,13684.112464,12836.269534,,1370.791159,1289.381799,,1204.275484,758.414173,,4491.426471,3812.078772,,12811.7075535,9325.919033,,10836.637635,8358.275174,,28948.060939,29875.011116,,3806.4204905,3490.155601,,4949.567555,4597.842344,,148834.159266,122554.983227,,743.004187535,383.345,25260.463,10082.779,63306.081788683,44330.016,89309.548976218,54796.14,,,,,,45101.175798,37864.311,12421.741062,4223.891,1441.369,504.646,121.961,123.742,7263.729239,1769.498,809.99218,89.461,22149.580693,10220.591,89309.548972,54796.14,,,,,,,,,,1312330.29183468,1093780.01250668,218550.279328,864069.42390418,440709.94394418,423359.47996,297058.62959233,243548.40482787,112900.81539787,130647.58943,37826.38887246,0.0,15683.835892,2473458.34533119,,,45497.6172995525,72130.96949062,151460.29840381,48492.09167807,317580.976872053,,167189.53087434,40258.86344368,67255.05835388,274703.4526719,42877.5242001525,,23072.52942944,43016.3073446,-19943.77791516,,20.1309886092963,18.555620844236,2.18578552785277,1.49517841971142,2.15396191943811,12.7575503292605,78.8473982984459,32.863881512653,21.7884408230235,38.9476538028126,,211884.8803785,22869.79649194,,142041.652737,117.59177034,142159.24450734,376913.92137778,,,22315.0,84090.0,151890.0,258295.0,0.0839382478002475,,2575.42545850827,8184.67969989374,6521.15872406431,17281.2638824663,0.203922793913645,,24890.4254585083,92274.6796998937,158411.158724064,275576.263882466,0.0871484133843049,,,801380.337028168,217197.806649385,1572881.04092693,516856.478579802,20852.24982543,3129167.91300972,,,99343.573074402,,55988.96106609,69943.54018328,,61946.61813174,126826.57038217,,616.66733135,569.02086912,311.11364844,415546.064686592,,0.0,2616.7609,48475.802,1010.188,711318.650949955,164373.4368851,1542715.20665511,2470510.04539016,2886056.11007676
