Column;1970;1971;1972;1973;1974;1975;1976;1977;1978;1979;1980;1981;1982;1983;1984;1985;1986;1987;1988;1989;1990;1991;1992;1993;1994;1995;1996;1997;1998;1999;2000;2001;2002;2003;2004;2005;2006;2007;2008;2009;2010;2011;2012;2013;2014;2015;2016;2017;2018;2019;2020;2021;2022;2023
;;;;;;;;;;;;;;;;;;;;;;;;;;;;;;;;;;;;;;;;;;;;;;;;;;;;;;
Gross Fixed Capital Formation By Type Of Capital Assets At Current Prices;-;-;-;-;-;-;-;-;-;-;-;-;-;-;-;-;-;-;-;-;-;-;-;-;-;-;-;-;-;-;-;-;-;-;-;-;-;-;-;-;-;-;-;-;-;-;-;-;-;-;-;-;-;-
;;;;;;;;;;;;;;;;;;;;;;;;;;;;;;;;;;;;;;;;;;;;;;;;;;;;;;
          Residential Building Construction (1) ;-;-;-;-;-;-;-;-;-;-;-;-;-;-;-;-;-;-;-;-;-;-;-;-;-;-;25081;25675;25455;25712;28052;28302;29071;28894;29444;31973;34360;34821;75007;79237;84151,1390088173;85866,944791915;93614,079187534;97119,289109139;100119,918107159;103708,975982607;102833,300174935;101751,24281237;102820,250185382;118625,269836949;96198,7336085361;137722,995359775;198813,146226477;-
;;;;;;;;;;;;;;;;;;;;;;;;;;;;;;;;;;;;;;;;;;;;;;;;;;;;;;
          Non- Residential Building and Other Construction (1) ;-;-;-;-;-;-;-;-;-;-;-;-;-;-;-;-;-;-;-;-;-;-;-;-;-;-;26079;28099;28644;24820;28522;29607;31186;36284;45317;61647;70095;87380;126825;128066;179837,21051421;196282,37872651;230990,917553221;236087,096803079;245852,762206345;247206,459825393;176925,823107534;173113,284707805;165148,236543621;174577,283423998;155925,034494712;166482,007094432;243691,579050079;-
;;;;;;;;;;;;;;;;;;;;;;;;;;;;;;;;;;;;;;;;;;;;;;;;;;;;;;
          Other Construction (1) ;-;-;-;-;-;-;-;-;-;-;-;-;-;-;-;-;-;-;-;-;-;-;-;-;-;-;-;-;-;-;-;-;-;-;-;-;-;-;-;-;-;-;-;-;-;-;-;-;-;-;-;-;-;-
;;;;;;;;;;;;;;;;;;;;;;;;;;;;;;;;;;;;;;;;;;;;;;;;;;;;;;
          Transport Equip (1) ;-;-;-;-;-;-;-;-;-;-;-;-;-;-;-;-;-;-;-;-;-;-;-;-;-;-;14867;16015;16288;20640;19929;21004;21593;23962;25642;28804;31711;43443;61168;48370;57122,502130161;69376,699002609;78184,556934552;94501,88615228;101706,246527095;113493,500436869;103075,535609303;96369,2648860411;131855,309276;126135,260004311;117955,186563921;144261,190450101;183657,358380516;-
;;;;;;;;;;;;;;;;;;;;;;;;;;;;;;;;;;;;;;;;;;;;;;;;;;;;;;
          Machinery and Equipment (1) ;-;-;-;-;-;-;-;-;-;-;-;-;-;-;-;-;-;-;-;-;-;-;-;-;-;-;26382;28955;29287;34167;37494;37472;35407;45990;42999;55922;76849;100812;137469;113129;123027,752755136;150073,425989636;159068,512558424;174519,408093423;211136,675325496;201988,258515474;191868,523654859;215847,184531163;221945,130140297;221500,343202608;211403,184459286;254819,041762217;294573,504898667;-
;;;;;;;;;;;;;;;;;;;;;;;;;;;;;;;;;;;;;;;;;;;;;;;;;;;;;;
          Capital Goods not Classified Elsewhere (1) (1) ;-;-;-;-;-;-;-;-;-;-;-;-;-;-;-;-;-;-;-;-;-;-;-;-;-;-;10439;10497;13286;12857;9327;9710;10810;12968;12945;17286;20051;28944;44029;45649;39782,3042531174;67193,585489327;53047,95806427;60227,551355948;55437,757179218;66035,6131005202;57134,4805882224;55015,1097044447;36057,7709406607;63116,3846081016;82063,5441774964;93218,3737949825;103528,033013001;-
;;;;;;;;;;;;;;;;;;;;;;;;;;;;;;;;;;;;;;;;;;;;;;;;;;;;;;
          All Capital Goods;-;-;-;-;-;-;-;-;-;-;-;-;-;-;-;-;-;-;-;-;-;-;-;-;-;-;-;-;-;-;-;-;-;-;-;-;-;-;-;-;-;-;-;-;-;-;-;-;-;-;-;-;-;-
;;;;;;;;;;;;;;;;;;;;;;;;;;;;;;;;;;;;;;;;;;;;;;;;;;;;;;
                     TOTAL (1) ;-;-;-;-;-;-;-;-;-;-;-;-;-;-;-;-;-;-;-;-;-;-;-;-;-;-;102848;109241;112959;118196;123324;126095;128066;148098;185872;237691;288680;368687;444499;414451;483920,908661442;568793,034;614906,024297999;662455,231513867;714253,359345312;732432,807860859;631837,663134853;745321,732641824;657826,69708596;703954,541075969;663545,683303952;796503,608461508;1024263,62156874;-
;;;;;;;;;;;;;;;;;;;;;;;;;;;;;;;;;;;;;;;;;;;;;;;;;;;;;;
                     (a) Government  (1) ;-;-;-;-;-;-;-;-;-;-;-;-;-;-;-;-;-;-;-;-;-;-;-;-;-;-;12914;16102;12437;12958;16353;17508;18121;23291;30386;54940;58741;84042;109882;112088;161190,656661442;217944;246930,999999999;249677,89;264461,992472793;270350;193866,687644668;175509,925153846;179135,59993698;162483,2657065;154372,83399356;108334,810585255;152042,22178829;-
;;;;;;;;;;;;;;;;;;;;;;;;;;;;;;;;;;;;;;;;;;;;;;;;;;;;;;
                    (b) Non-Government Non-oil (1) ;-;-;-;-;-;-;-;-;-;-;-;-;-;-;-;-;-;-;-;-;-;-;-;-;-;-;81398;83846;89056;92091;92953;94347;97459;103676;138565;160520;185559;219691;268416;247303;263978;284694,802;316985,847298;342693,399513867;359477,459872519;380975,80786086;367112,407447559;466586,161487978;364001,09714898;412759,275369469;332239,849310392;523924,797876253;728816,39978045;-
;;;;;;;;;;;;;;;;;;;;;;;;;;;;;;;;;;;;;;;;;;;;;;;;;;;;;;
                     (c)  Non-Government oil (1) ;-;-;-;-;-;-;-;-;-;-;-;-;-;-;-;-;-;-;-;-;-;-;-;-;-;-;8536;9293;11466;13147;14018;14240;12486;21131;16921;22231;44380;64954;66201;55060;58752,252;66154,232;50989,177;70083,942;90313,907;81106,999999999;70858,5680426257;103225,646;114690;128712;176933;164244;143405;-
;;;;;;;;;;;;;;;;;;;;;;;;;;;;;;;;;;;;;;;;;;;;;;;;;;;;;;
          Change in Stock (1) ;-;-;-;-;-;-;-;-;-;-;-;-;-;-;-;-;-;-;-;-;-;-;-;-;-;-;7500,6;7467,66;13355,86;12270,9;13958,24;9405,57;11958,1;9650,59;6870,74;10615,25;24884,69;43980,06;87560,51;95884,1;128660,482404536;110102,616405857;117616,10186189;78677,9632646972;101203,500382009;105996,348349352;116270,133495154;129994,375457899;171499,212955119;185832,753085148;98944,4871253185;37707,5945178777;74361,4720853176;-
;;;;;;;;;;;;;;;;;;;;;;;;;;;;;;;;;;;;;;;;;;;;;;;;;;;;;;
          Gross Capital Formation (2) (1) ;-;-;-;-;-;-;-;-;-;-;-;-;-;-;-;-;-;-;-;-;-;-;-;-;-;-;110348,6;116708,66;126314,86;130466,9;137282,24;135500,57;140024,1;157748,59;192742,74;248306,25;313564,69;412667,06;532059,51;510335,1;612581,391065978;678895,650405857;732522,126159889;741133,194778564;815456,859727321;838429,156210211;748107,796630007;772090,462099723;657826,697085961;703954,541075969;663545,683303952;796503,608461944;1024263,62156874;-
;;;;;;;;;;;;;;;;;;;;;;;;;;;;;;;;;;;;;;;;;;;;;;;;;;;;;;
Gross Domestic Product Per Capita;-;-;-;-;-;-;-;-;-;-;-;-;-;-;-;-;-;-;-;-;-;-;-;-;-;-;-;-;-;-;-;-;-;-;-;-;-;-;-;-;-;-;-;-;-;-;-;-;-;-;-;-;-;-
;;;;;;;;;;;;;;;;;;;;;;;;;;;;;;;;;;;;;;;;;;;;;;;;;;;;;;
          GDP  ( In Million Rls ) (2) ;-;-;-;-;-;-;-;-;-;-;-;-;-;-;-;-;-;-;-;-;-;-;-;-;-;-;-;-;-;-;-;-;-;-;-;-;-;-;-;-;1980777,36948702;2537379,66477392;2781937,44353721;2826992,03786343;2874772,3002016;2510566,42998334;2497499,54885322;2681230,10621869;3174689,21909583;3144617,64468188;2753516,93979371;3278085,43462496;4157143,18982018;4003436,19855087
;;;;;;;;;;;;;;;;;;;;;;;;;;;;;;;;;;;;;;;;;;;;;;;;;;;;;;
          GDP  Per Capita ( Rls ) (2) ;-;-;-;-;-;-;-;-;-;-;-;-;-;-;-;-;-;-;-;-;-;-;-;-;-;-;-;-;-;-;-;-;-;-;-;-;-;-;-;-;82606,4367400252;101123,589758144;106307,165739357;102338,243140402;101548,785806036;84200,9077420371;80683,7104567601;86554,5204301236;105135,106508508;104598,146251639;87268;106485;129203;118216
;;;;;;;;;;;;;;;;;;;;;;;;;;;;;;;;;;;;;;;;;;;;;;;;;;;;;;
          GDP  Per Capita ( US$ ) (2) ;-;-;-;-;-;-;-;-;-;-;-;-;-;-;-;-;-;-;-;-;-;-;-;-;-;-;-;-;-;-;-;-;-;-;-;-;-;-;-;-;22028,3831306734;26966,2906021717;28348,5775304952;27290,1981707739;27079,6762149429;22453,5753978766;21515,6561218027;23081,205448033;28036,0284022688;27892,8390004371;23271,4666666667;28396;34454,1333333333;31524,2666666667
;;;;;;;;;;;;;;;;;;;;;;;;;;;;;;;;;;;;;;;;;;;;;;;;;;;;;;
Government Final Consumption Expenditure At Current Prices;-;-;-;-;-;-;-;-;-;-;-;-;-;-;-;-;-;-;-;-;-;-;-;-;-;-;-;-;-;-;-;-;-;-;-;-;-;-;-;-;-;-;-;-;-;-;-;-;-;-;-;-;-;-
;;;;;;;;;;;;;;;;;;;;;;;;;;;;;;;;;;;;;;;;;;;;;;;;;;;;;;
          General Public Service (3) ;-;-;-;-;-;-;-;-;-;-;-;-;-;-;-;21041;20313;20718;19527;24769;54546;42282;29730;24984;24389;25765;28651;31703;31830;30546;33010;34705;37352;36150;42320;55871;62909;68902;63840;67542;71772;92075,4083485352;108392,881809585;110908,771378293;121688,974270439;128032,168474799;114616,167302526;114675,011594523;133042,900627758;132904,848032203;136988,219922812;-;-;-
;;;;;;;;;;;;;;;;;;;;;;;;;;;;;;;;;;;;;;;;;;;;;;;;;;;;;;
          Defence (3) ;-;-;-;-;-;-;-;-;-;-;-;-;-;-;-;47236;41392;41739;36474;42325;45590;59195;56359;51296;45503;46018;52708;59618;55747;42285;51357;51696;48652;51773;58669;63949;75206;80157;97754;85632;86528;107527,390418632;91317,6399049903;118013,725508981;169744,275781211;159635,212866112;126655,853615999;128069,848284574;151184,870151906;144756,427104174;156992,482400244;-;-;-
;;;;;;;;;;;;;;;;;;;;;;;;;;;;;;;;;;;;;;;;;;;;;;;;;;;;;;
          Education (3) ;-;-;-;-;-;-;-;-;-;-;-;-;-;-;-;20075;19453;19643;18998;23582;14906;33826;28055;27693;26476;27233;29096;32270;30723;45362;49649;49904;48351;57847;60856;69429;83273;81279;87684;100563;122383;141859,066822304;167094,898162155;186604,741517311;199370,105397944;211715,723186663;189416,433069041;193419,393651816;225691,495885035;225905,357716317;232580,75793267;-;-;-
;;;;;;;;;;;;;;;;;;;;;;;;;;;;;;;;;;;;;;;;;;;;;;;;;;;;;;
          Health (3) ;-;-;-;-;-;-;-;-;-;-;-;-;-;-;-;6872;6671;6926;6190;7241;1108;10317;10219;7587;7788;8233;9554;10830;10637;16921;21566;22349;21849;23306;24857;30503;37283;39086;36829;44866;54495;62662,8844820965;73096,6101920402;94479,4029946433;105825,903207324;101058,863467301;81573,1372720913;81512,0223045755;95282,6143553155;91645,1560173336;99216,4508426506;-;-;-
;;;;;;;;;;;;;;;;;;;;;;;;;;;;;;;;;;;;;;;;;;;;;;;;;;;;;;
          Social Security & Welfare Services (3) ;-;-;-;-;-;-;-;-;-;-;-;-;-;-;-;359;340;349;319;320;473;677;414;400;402;533;633;823;825;583;864;860;856;962;1150;1149;1252;1465;1301;1391;2210;2039,18647410546;3467,08979753913;4300,21249019929;5220,75610851014;4215,87063948961;3021,6801194299;3240,06623794686;4262,08866691912;3874,99460920312;4265,25891559111;-;-;-
;;;;;;;;;;;;;;;;;;;;;;;;;;;;;;;;;;;;;;;;;;;;;;;;;;;;;;
          Housing & Community Amenities (3) ;-;-;-;-;-;-;-;-;-;-;-;-;-;-;-;4706;4519;4491;4361;5276;166;1691;5549;4687;4612;4721;5505;6077;5790;7210;9691;10319;8813;10528;10527;12215;14530;15685;18712;14539;17739;24661,5837981174;29100,6045046158;39619,9972701984;42531,1268647589;38092,754810121;30219,0111995413;30642,7039195318;35222,0460052175;33077,0521297918;36885,32298232;-;-;-
;;;;;;;;;;;;;;;;;;;;;;;;;;;;;;;;;;;;;;;;;;;;;;;;;;;;;;
          Other Community & Social Services (3) ;-;-;-;-;-;-;-;-;-;-;-;-;-;-;-;2739;2612;2725;2356;2351;3276;4228;3180;2899;2777;3018;3606;4104;4054;4439;5536;5663;5830;6379;6087;7461;8084;9406;7224;7255;7913;9316,68162235039;11638,3072830191;12710,8479841654;15550,8756717093;14722,3536960492;11144,3255174486;11922,6861085491;14567,2347508093;13946,8805075977;14801,2450775476;-;-;-
;;;;;;;;;;;;;;;;;;;;;;;;;;;;;;;;;;;;;;;;;;;;;;;;;;;;;;
          Economic Services (3) ;-;-;-;-;-;-;-;-;-;-;-;-;-;-;-;11235;10576;9777;9417;9460;7539;10148;12019;8097;7450;7440;9939;10744;10193;5203;8571;9317;9132;6869;6641;5461;7659;7319;7747;8977;8991;14154,406068043;34504,132071583;24135,1662564122;25331,551787268;22376,7964965777;18207,0400843746;16935,4375207236;21037,3043771765;19936,5858155332;20219,167858815;-;-;-
;;;;;;;;;;;;;;;;;;;;;;;;;;;;;;;;;;;;;;;;;;;;;;;;;;;;;;
          Other Purposes (3) ;-;-;-;-;-;-;-;-;-;-;-;-;-;-;-;5788;5758;6672;4598;4634;220;6765;7167;3333;3156;2962;5091;5627;5392;1545;3560;3881;3682;4336;10691;16613;20888;18788;24006;26249;28141;33765,2020695915;32566,4791684039;37749,3217745031;53893,3169016655;56289,3273628864;49778,7489841149;50560,766041734;55942,7593266231;55235,5148542828;59173,1891245592;-;-;-
;;;;;;;;;;;;;;;;;;;;;;;;;;;;;;;;;;;;;;;;;;;;;;;;;;;;;;
          Total (3) ;-;-;-;-;-;-;-;-;-;-;-;-;-;-;-;120051;111634;113040;102240;119958;127824;169129;152692;130976;122553;125923;144783;161796;155191;154094;183804;188694;184517;198150;221798;262651;311084;322087;345097;357014;400172;488061,810103776;551178,642893931;628522,187174707;739156,88599083;736139,070999999;624632,397164567;630977,935663974;736233,31414676;721282,816786436;761122,095057209;-;-;-
;;;;;;;;;;;;;;;;;;;;;;;;;;;;;;;;;;;;;;;;;;;;;;;;;;;;;;
Gross Domestic Product By Kind of Economic Activity at Current Prices;-;-;-;-;-;-;-;-;-;-;-;-;-;-;-;-;-;-;-;-;-;-;-;-;-;-;-;-;-;-;-;-;-;-;-;-;-;-;-;-;-;-;-;-;-;-;-;-;-;-;-;-;-;-
;;;;;;;;;;;;;;;;;;;;;;;;;;;;;;;;;;;;;;;;;;;;;;;;;;;;;;
          Agriculture, Forestry & Fishing (4) ;1022,56233194941;1061,41308696672;1125,41308696672;1215,11459700134;1337,69706274569;1505,91174256197;1749,84303275907;3000,82969089229;4092,12045859943;4452,15300393109;5220,05526575539;6057,99662284997;8154,89829851447;9417,83906944924;11387,6753102801;13560,108417635;15594,0367577761;18018,3932958099;20593,8796602413;22339,4966890833;24827,5301284864;26568,2888124454;28454,785389607;29871,4385578532;30808,614346038;31397,2550699195;31894,9815745134;33264,2301593388;33798,7980651142;34290,1175068982;34829,5480312373;35457,355109611;35818,2190848004;36189,9581609364;37533,6224320768;39205,3922244939;41214,7348138934;42755,2446685126;44689,9398579204;45545,169262411;51877,9247185295;54684,6562958769;57611,9015709004;61345,6588546106;65792,6598962579;69616,1256270284;73602,0904475675;76883,3238569552;78783,7758624049;80487,5937167582;81511,3161049407;87694,2328825868;99976,0762988123;108690,910203404
;;;;;;;;;;;;;;;;;;;;;;;;;;;;;;;;;;;;;;;;;;;;;;;;;;;;;;
          Mining & Quarrying (4) ;8737,42753677045;15240,3924880013;20520,3924880013;30803,322390463;119368,815293389;97968,8127821649;129173,039198019;137814,695370802;121455,839715129;189013,044694228;324628,976525782;357622,735624714;237819,015723801;145661,123090267;122114,440749347;90044,2469820594;62957,3062137084;65044,0492492789;63400,2847432042;85586,08124139;140388,149732242;158751,631091601;176800,452229596;149633,204288034;148991,570022264;165823,884559026;202422,452127584;203114,048453822;131677,619687543;175377,325701648;262314,905016029;230108,798044061;236845,946861086;294043,539333741;384816,039987808;571744,503913193;669719,750009318;734563,067240039;1027870,27102876;608550,267591838;820990,258108039;1215517,22391065;1311444,11358753;1232804,42014711;1130001,73670132;600398,376112388;533461,297842778;655514,413572584;972050,357776506;855259,017141191;535613,693452019;801274,796603194;1371837,27771307;1031778,31338232
;;;;;;;;;;;;;;;;;;;;;;;;;;;;;;;;;;;;;;;;;;;;;;;;;;;;;;
          a) Crude Petroleum & Natural Gas (4) ;8688,43523380004;15185,4006562776;20446,4006562776;30686,3315012327;119163,844667767;97562,8825266779;128467,159680094;136853,901148532;120344,164561193;187710,51468428;323006,541550586;355690,35767037;235924,701230681;143812,834044469;120251,174323391;88232,9697159363;61200,1491602993;63321,9763236143;61641,2355421297;83775,0616674038;138577,142682822;156886,684797368;174865,494894787;147621,317514197;146888,930887479;163710,739831719;200251,208844996;200800,31747475;129296,00877521;172915,973671477;259763,757740633;227467,349778866;234127,143609805;291259,185830818;381477,515396574;567845,551849902;665170,122112702;729170,091959566;1021532,14988609;601363,648384961;812911,348074003;1206751,00003364;1302080,80621684;1222898,04981375;1119489,45084471;589294,832803276;522507,068313556;643994,163480247;959813,48924144;842078,703067415;522225,679223553;787082,757758251;1357278,67017909;1016090,63994072
;;;;;;;;;;;;;;;;;;;;;;;;;;;;;;;;;;;;;;;;;;;;;;;;;;;;;;
          b) Other Mining & Quarrying (4) ;48,9923029704168;54,9918317237076;73,9918317237076;116,990889230289;204,970625621795;405,930255487042;705,879517924687;960,794222270327;1111,67515393514;1302,53000994872;1622,4349751957;1932,37795434389;1894,31449312039;1848,28904579809;1863,26642595605;1811,2772661231;1757,15705340909;1722,07292566458;1759,0492010745;1811,0195739862;1811,00704942025;1864,94629423304;1934,95733480841;2011,88677383722;2102,63913478512;2113,14472730758;2171,2432825881;2313,73097907245;2381,610912333;2461,35203017019;2551,147275396;2641,44826519517;2718,80325128135;2784,35350292263;3338,52459123401;3898,95206329184;4549,62789661656;5392,9752804734;6338,12114266252;7186,61920687701;8078,91003403534;8766,22387701082;9363,30737068503;9906,37033336104;10512,2858566106;11103,543309112;10954,2295292219;11520,2500923371;12236,8685350657;13180,3140737764;13388,0142284658;14192,0388449431;14558,6075339788;15687,6734415967
;;;;;;;;;;;;;;;;;;;;;;;;;;;;;;;;;;;;;;;;;;;;;;;;;;;;;;
          Manufacturing (4) ;1988,47563782267;2185,79050885517;2383,2470706265;2908,2090092509;7834,41447517899;8227,14577116682;10333,9183145452;11013,3490850224;12099,2307325663;18567,3499910651;21811,6009510928;29488,1686084612;25112,4647748453;27406,1150777536;31899,0090826617;29260,0089277254;24173,0278679149;28260,7414961163;29169,1897520315;30302,9300273387;36578,9920649203;41013,2439329619;44955,236348293;43890,1047592578;45809,3897160261;49893,4586431129;56378,2826031668;60730,6728300762;56021,5114044646;60309,2600527053;65575,3720612825;66316,3935891293;70260,2432948174;83505,7592118972;98021,4882631501;115232,345246196;133239,096526969;152270,957951108;171693,623816582;171329,808514878;214486,161847226;252051,907182349;270597,442665374;279866,973734769;311389,474051362;322196,891801007;329626,72724909;356432,894224326;399044,488564543;392735,055752006;347986,381424102;432942,65067672;600120,263973655;592033,485305418
;;;;;;;;;;;;;;;;;;;;;;;;;;;;;;;;;;;;;;;;;;;;;;;;;;;;;;
          a) Petroleum Refining (4) ;1353,13709745825;1468,9618177108;1567,9618177108;1964,61125821589;6253,07422907538;5574,05859737684;6623,18681123431;5998,46117694517;5612,17382742184;10393,1876652061;11815,8395828029;16902,630733361;10628,0263940372;11552,5612876747;13551,1478597969;9931,1798492099;5580,46684911453;9557,17561774066;9321,35127992239;9040,33151372792;14101,6730138095;16262,0751820059;18285,1817130985;15350,9366296417;15180,7438972178;16528,406966791;18350,4523006173;19336,3728901602;14999,1021177735;17306,2607549332;20245,8735273106;18547,933612174;19673,7135913705;28780,4745429862;31712,5705784501;38702,6905275278;42989,7934121647;45881,1552300203;45080,9754206086;45996,1313946089;62693,9274323708;64215,9777428362;68582,5955845217;61535,5771021601;71001,4431769459;62919,6178976618;65333,4122130467;83471,2275784275;118345,045242237;107709,512111946;81974,2104298433;132845,365457479;251150,019454403;239149,582157872
;;;;;;;;;;;;;;;;;;;;;;;;;;;;;;;;;;;;;;;;;;;;;;;;;;;;;;
          b) Manufacturing excluding petroleum refining  (4) ;635,338540364416;716,828691144373;815,285252915704;943,59775103501;1581,34024610361;2653,08717378998;3710,73150331087;5014,88790807727;6487,05690514442;8174,16232585907;9995,76136828996;12585,5378751002;14484,4383808081;15853,5537900789;18347,8612228648;19328,8290785155;18592,5610188004;18703,5658783757;19847,8384721091;21262,5985136108;22477,3190511109;24751,1687509561;26670,0546351945;28539,1681296161;30628,6458188083;33365,0516763219;38027,8303025495;41394,2999399159;41022,409286691;43002,9992977722;45329,498533972;47768,4599769553;50586,5297034469;54725,2846689111;66308,9176847;76529,6547186685;90249,3031148043;106389,802721087;126612,648395973;125333,67712027;151792,234414855;187835,929439512;202014,847080852;218331,396632609;240388,030874416;259277,273903345;264293,315036043;272961,666645899;280699,443322306;285025,54364006;266012,170994259;300097,285219242;348970,244519252;352883,903147546
;;;;;;;;;;;;;;;;;;;;;;;;;;;;;;;;;;;;;;;;;;;;;;;;;;;;;;
          Electricity, Gas and Water (4) ;2555,35190513703;2722,77676137187;2810,93450564997;2934,20563185224;2419,67182561772;1566,94465433602;1320,85904491559;1562,96722459392;2028,92072369261;2305,60082303223;3101,55572852966;3938,44226848273;1164,10671755142;1657,06439130104;885,471212411808;2538,7412838556;4476,74732696303;5856,27593118582;6213,95401378146;6456,08941254208;9725,5334382686;10124,4689104116;8923,7040625814;9271,91549146133;9504,94582727575;9818,01845968709;9667,26137376641;10713,2442680187;11509,2629833301;10871,5026615618;12463,3713190626;13005,219144647;13136,2690706193;14310,8350636642;15779,4656126871;16543,7966945908;17357,1688029296;18270,9929990227;17955,707226668;20992,4882580909;25493,8021693518;28282,6675798471;30058,404301647;30552,4361207542;32278,7404477522;35622,8510293271;37638,9683548487;39553,748988451;43964,7978141316;44985,5135244948;42778,7556193599;43932,6047211466;44806,264439813;46614,2953520528
;;;;;;;;;;;;;;;;;;;;;;;;;;;;;;;;;;;;;;;;;;;;;;;;;;;;;;
          Construction (4) ;818,722374385876;910,505737062962;1237,44290332857;1970,46947355846;4313,27906976804;10262,3587697249;18255,4922858072;24407,1474663164;27859,1263202212;32764,3766271592;40295,094813665;48376,2849814074;48211,8411086643;43935,1632438201;37472,2435151292;32164,6043658953;27928,5600237235;27180,1975181112;26098,2372701616;26440,8501356523;27197,6797493115;29113,6308175771;31267,5410757853;32968,9317664719;34112,227941952;34711,7487289235;37241,7544516456;37265,8533568058;38439,7024838305;37405,500835873;39507,1513948098;41222,6696317665;42397,2092114619;44858,9583162392;51587,9400883671;56323,4253749603;62387,7801699915;72176,5742565158;77345,9272973891;78429,315150824;88504,3434262072;107019,226803492;118496,388535398;134512,654907335;152735,803046807;162486,276726124;158810,06240348;153604,051001178;144791,888456457;155048,177267018;160448,963036357;169897,886383693;192200,908195298;210135,115069989
;;;;;;;;;;;;;;;;;;;;;;;;;;;;;;;;;;;;;;;;;;;;;;;;;;;;;;
          Wholesale & Retail Trade, Restaurants & hotels (4) ;1071,40985625841;1154,60955264176;1389,29053869662;1984,90910332681;3154,95733560746;5110,49567696341;7534,6600380925;10139,2439814435;12718,3335784438;16234,4208519769;20468,2296619106;25275,6567894692;28118,1715878897;29339,831623808;29403,5398363601;29262,4096568221;27771,8031466564;26244,6603918926;25159,9343713271;24339,0799995635;25649,3147619825;27932,6217810117;29492,4110994253;30437,2934238554;30580,9577832315;31216,1452588268;32664,703250389;34504,9975259178;37864,370599311;41906,1300745022;43446,764064329;45086,7304578533;47024,8389732585;48471,4818606033;61366,040890398;71737,3494248787;84578,6732659473;104059,989841794;125744,150494839;140462,03205926;167096,482139647;197948,627998076;219342,541148583;242462,397617701;269227,177551657;283406,463615763;284628,939435796;286313,842900016;284178,044657931;306297,04222468;277761,146425462;319014,773432116;348344,667644632;386496,745793418
;;;;;;;;;;;;;;;;;;;;;;;;;;;;;;;;;;;;;;;;;;;;;;;;;;;;;;
          Transport, Storage & Communication (4) ;1080,68149069739;1236,5584235537;1465,99417355473;1943,45163649031;2057,84845587927;2549,62617201667;4424,89430681702;6866,13322226972;9306,57149439991;11677,275557862;13345,8239609498;15564,8744423913;17153,3130377293;18087,7160239156;18579,9849450843;18486,5416549726;17672,8055281281;17070,6988205189;17630,8542470337;17864,2267336217;19365,9489561028;21115,8852448386;22313,5756921479;23189,5544991508;23798,4920100701;24207,150161759;24702,5740977955;25752,4784656389;26547,5342595631;27173,7778640358;28399,7567889173;29396,7092031845;30420,61935873;31895,2643708794;37848,4008837299;42643,9863950621;49404,4090521328;60002,6708085927;76150,6690551765;87195,8936454069;99446,2068303031;115273,564145412;124289,449712894;134305,309083009;144848,495602536;155580,786500147;161069,411608445;165833,904681906;166778,539784461;177127,525890209;164222,584440762;170492,757988667;180693,137777605;199256,785466989
;;;;;;;;;;;;;;;;;;;;;;;;;;;;;;;;;;;;;;;;;;;;;;;;;;;;;;
          Finance, Insurance, Real Estate & Business Services (4) ;4184,98447612752;4603,5689208814;5390,78936582053;7013,11208035285;14072,0736921268;26735,7425761136;38141,639875141;45646,6141366461;55099,5769029729;65716,8019087394;74868,1749022011;83403,9203460172;91909,5473409301;97028,5115712091;90997,3877141841;76920,2988309224;59732,2017005203;52770,6896255555;52310,2676125847;53060,4976896465;54166,1456576703;56611,0325832281;58968,6096688942;60837,4747733363;63406,6998100149;64009,2771558811;67362,027556616;69837,2990432542;68784,7670326897;72342,4490332295;74519,9056592277;77251,1399074531;80206,7725045812;83790,5432317344;93507,3156501596;103977,236561064;117888,795162947;133023,873729393;151936,118985247;169472,513387698;181041,535820352;195052,673967995;232426,113323099;269740,106290634;292796,284329146;309982,630993052;324115,845600056;341640,31461361;346388,31214814;357941,469694429;362224,289726431;379982,016321097;416562,105565048;461656,875019475
;;;;;;;;;;;;;;;;;;;;;;;;;;;;;;;;;;;;;;;;;;;;;;;;;;;;;;
          a) Real Estate (4) ;3687,51183336046;4070,07385463028;4762,33082907561;6162,02376485681;12270,291030927;23244,0019860376;33110,2996394423;39390,1070408641;47307,2794965585;56137,3747986318;62448,1668268109;66410,8529099409;70186,1994786279;73160,5295527306;68359,1197848555;55417,1410686483;41113,2406969119;33690,1932836146;31394,943341036;31262,1483356932;31196,9371572947;33063,8326731705;34535,0359159334;35721,6940222626;37120,4588939345;37508,7625324924;40774,7606693131;41723,2004954443;39962,5674005526;41417,7880824759;42294,32028347;43098,0610322349;44113,7988753088;45159,6714038153;48887,0350656694;51650,6902315873;55371,297935331;60422,3287218612;68624,3124249891;77913,2420531027;87440,1774136852;96712,5571484975;124368,192870981;153347,646980286;168612,916643457;180827,965232119;190255,874555857;200092,269504487;203764,1589;206392,66427356;206331,808381781;210960,689666515;216528,874530816;236615,351917495
;;;;;;;;;;;;;;;;;;;;;;;;;;;;;;;;;;;;;;;;;;;;;;;;;;;;;;
          b) Finance , Insurance and Business sevices (4) ;497,472642767064;533,495066251127;628,458536744913;851,088315496042;1801,78266119988;3491,74059007591;5031,34023569873;6256,50709578195;7792,29740641444;9579,42711010761;12420,0080753902;16993,0674360763;21723,3478623022;23867,9820184786;22638,2679293286;21503,1577622741;18618,9610036084;19080,4963419409;20915,3242715487;21798,3493539533;22969,2085003756;23547,1999100576;24433,5737529608;25115,7807510737;26286,2409160804;26500,5146233887;26587,2668873029;28114,09854781;28822,199632137;30924,6609507537;32225,5853757577;34153,0788752182;36092,9736292724;38630,8718279191;44620,2805844903;52326,546329477;62517,4972276159;72601,5450075321;83311,8065602575;91559,2713345951;93601,3584066664;98340,1168194972;108057,920452119;116392,459310348;124183,367685688;129154,665760933;133859,971044198;141548,045109123;142624,15324814;151548,805420869;155892,481344651;169021,326654581;200033,231034232;225041,52310198
;;;;;;;;;;;;;;;;;;;;;;;;;;;;;;;;;;;;;;;;;;;;;;;;;;;;;;
          Community, Social & Personal Services (4) ;358,759246096067;401,2492014437;486,843250273131;574,676295929378;1154,92439792888;2334,06833552996;3323,85611615243;4246,90190662697;5346,23396041543;6779,51045935932;7602,05670206844;9443,69071675745;11694,7626902053;12792,4001628459;13365,406649588;15268,3783923843;14549,5177873447;14384,8536119423;15225,3349201497;15643,9858297212;16414,6917841839;16659,8207990615;17250,6862380319;17742,8244610646;18564,3639678693;18795,5234774277;18888,5662862872;19610,8384367431;19833,2913314477;20339,8362695466;20851,1390001046;21948,8853805289;23039,6535425793;24196,3676168952;25627,1725504035;26898,3065004403;28289,6004700032;29596,9035193939;31633,3621041553;33197,6239258965;36308,9544273624;41956,1168902272;46528,0886917835;52158,0811075046;60555,9285747624;70214,5255785004;81169,0358035596;90998,2736586561;94614,0608683995;99033,7452796333;86727,8659383879;97366,0690854373;108380,135909755;120488,142643698
;;;;;;;;;;;;;;;;;;;;;;;;;;;;;;;;;;;;;;;;;;;;;;;;;;;;;;
          Government Services (4) ;2093,33496313768;2347,1798684251;2805,28137192054;3573,9001316513;5060,36867005532;7754,66668803625;10773,6500499895;15412,5181098699;21038,429615426;26267,6346643469;33505,1661499837;41558,5433544744;52747,7906447484;57285,1207425138;61480,0553866357;64902,8292490927;63919,3278253512;62647,7419509579;66481,390357787;68291,3635661852;79211,3434371367;100285,476733452;85867,0611755003;90845,0122282578;92363,650527188;99447,1699427749;104093;117640;115918;116789;119123;123589;124486;139929;155371;176350;196386;200306;209278;241047,0105;280863;312308;349649;368070;391626;475066,502;487515,170107598;491077,338721008;559357,716480237;583758,078089365;576971,913436301;577633,095981194;603158,608726538;628533,22377019
;;;;;;;;;;;;;;;;;;;;;;;;;;;;;;;;;;;;;;;;;;;;;;;;;;;;;;
          Gross Value Added  (4) ;23911,7098183825;31864,0445492037;39615,6287548386;54921,3703498766;160774,050278297;164015,773168614;225031,852262239;260110,400194483;271044,383501866;373778,168581701;544846,734661939;620730,313755025;522085,911924879;442610,884996883;417585,214401682;372408,167761365;318775,334178086;317478,301891369;322283,326948302;350324,601324745;433525,329710305;488176,100706589;504294,062979862;488687,754248743;497940,91195193;529319,631457339;585315,603321764;612433,662539616;540394,857847294;596804,9;701030,913335;683382,900468235;703635,771901934;801191,70716659;961458,48635878;1220656,34233488;1400466,00827413;1547026,27501437;1934297,76986673;1596222,1222963;1966108,66948702;2520094,66477392;2760443,44353721;2805818,03786343;2851252,3002016;2484571,42998334;2471637,54885322;2657852,10621869;3089951,98241321;3052673,21857978;2636246,90960412;3080230,88407585;3966079,44624422;3785683,89200695
;;;;;;;;;;;;;;;;;;;;;;;;;;;;;;;;;;;;;;;;;;;;;;;;;;;;;;
          Net Taxes on Products (4) ;286;373;440;483;442;514;908;1411;1827;2160;2534;2637;3248;3677;3973;3910;3245;3453;8236;6740;7000;7000;9100;9277;8289;7500;8875;9100;10013;9634;9650;7132,791;7386,429;8087;8825;10115;11025;11801;14940;12895;14668,7;17285;21494;21174;23520;25995;25862;23378;84737,23668262;91944,4261021;117270,03018959;197854,55054911;191063,74357596;217752,306543916
;;;;;;;;;;;;;;;;;;;;;;;;;;;;;;;;;;;;;;;;;;;;;;;;;;;;;;
          Gross Domestic Product (4) ;24197,7098183825;32237,0445492037;40055,6287548386;55404,3703498766;161216,050278297;164529,773168614;225939,852262239;261521,400194483;272871,383501866;375938,168581701;547380,734661939;623367,313755025;525333,911924879;446287,884996883;421558,214401682;376318,167761365;322020,334178086;320931,301891369;330519,326948302;357064,601324745;440525,329710305;495176,100706589;513394,062979862;497964,754248743;506229,91195193;536819,631457339;594190,603321764;621533,662539616;550407,857847294;606438,9;710680,913335;690515,691468235;711022,200901934;809278,70716659;970283,48635878;1230771,34233488;1411491,00827413;1558827,27501437;1949237,76986673;1609117,1222963;1980777,36948702;2537379,66477392;2781937,44353721;2826992,03786343;2874772,3002016;2510566,42998334;2497499,54885322;2681230,10621869;3174689,21909583;3144617,64468188;2753516,93979371;3278085,43462496;4157143,18982018;4003436,19855087
;;;;;;;;;;;;;;;;;;;;;;;;;;;;;;;;;;;;;;;;;;;;;;;;;;;;;;
Real Gross Domestic Product By Kind of Economic Activities (Chain-linked,2018=100,Index);-;-;-;-;-;-;-;-;-;-;-;-;-;-;-;-;-;-;-;-;-;-;-;-;-;-;-;-;-;-;-;-;-;-;-;-;-;-;-;-;-;-;-;-;-;-;-;-;-;-;-;-;-;-
;;;;;;;;;;;;;;;;;;;;;;;;;;;;;;;;;;;;;;;;;;;;;;;;;;;;;;
          Agriculture, Forestry & Fishing (4) ;6931,94532824491;7205,25323075518;7614,83885825836;8048,98460687996;8436,05713834305;9009,68914837465;9701,44046920544;14970,9978550439;13160,6359155956;11443,384694135;12918,2701507985;13509,579278395;14548,7000600282;15837,5767335842;18896,9015220963;22360,6525595884;25716,8701693017;29959,0871252607;33232,6393903526;35583,7433460561;36597,5194259431;37682,4054665962;39954,630116339;41353,8051507607;40444,3561599506;41025,4050644768;40807,1675347866;42233,8140003703;42685,0964496876;43592,963048658;45330,1843549519;45457,849184648;46005,0000398672;46413,1814658303;48022,6465044376;48404,1803073806;48944,9049992898;49891,4653410302;50515,4707042661;51151,312570252;56282,897;59227,832;61096,64;63837,327;67105,673;70189,986;73899,485;77135,024;78783,776;80467,421;79174,766;80899,236;84153,399;87631,03
;;;;;;;;;;;;;;;;;;;;;;;;;;;;;;;;;;;;;;;;;;;;;;;;;;;;;;
          Mining & Quarrying (4) ;334133,697620896;418667,59036745;529147,993424209;667916,737390921;747186,630262409;612484,262472934;759565,351173782;813101,794272308;736557,907084783;845470,43923315;884713,249842913;875955,192342039;586839,064492334;413814,337076492;375900,816053463;294674,968833335;430027,378878799;375465,87879228;464467,224697585;458461,568265983;578535,6399983;726803,760479338;748599,071361547;723574,385623749;726529,485713104;727166,066253117;736134,197173627;728337,156343322;751544,124802573;689190,819205401;738815,650619849;708435,81981265;654955,831943898;771606,039540333;825281,05021073;861307,671101455;849377,473198296;815708,502587517;852584,672238719;768371,771653156;768165,314;869869,59;914630,053;901527,909;910018,389;952765,231;978687,266;945117,25;972050,357;940582,059;884438,046;873697,424;1010862,019;917828,288
;;;;;;;;;;;;;;;;;;;;;;;;;;;;;;;;;;;;;;;;;;;;;;;;;;;;;;
          a) Crude Petroleum & Natural Gas (4) ;330224,593184374;413943,792615148;523129,86302956;659974,430725485;738004,546745015;604186,470511631;750559,665176124;803773,560251587;727660,261368578;836366,596125524;875384,783270969;866293,48120447;578487,34228562;406309,092899716;368669,754963838;287907,557927823;426279,757548031;371117,641448936;462027,251291344;455603,457443512;576903,516147405;726480,804082775;748539,362574672;722752,583023865;724977,454330808;724734,087160764;733536,070680727;725214,315405643;748221,212429422;685242,95719145;734935,783887352;704279,178725827;650433,344252841;767539,960641313;820262,421251226;855535,709657994;842869,576772054;808400,51419559;844468,836864727;759291,250863988;758322,108;859396,297;903685,215;890450,464;898715,015;941039,68;967602,738;932996,653;959813,489;927455,227;871172,383;860788,772;999212,624;905656,76
;;;;;;;;;;;;;;;;;;;;;;;;;;;;;;;;;;;;;;;;;;;;;;;;;;;;;;
          b) Other Mining & Quarrying (4) ;633,530531999402;711,129834302101;922,063463314947;1349,39210073874;1970,92509758624;2330,38798988634;2203,55214149241;2235,20139620094;2169,21694556115;2090,35852531814;2093,15768493469;2278,47658398946;2563,38805395009;2617,64498759784;2563,34157463411;2468,37712856101;2400,31629800956;2345,89070266379;2373,00778124575;2454,38610503116;2454,39904366406;2569,44355346348;2562,07202042539;2684,67897577983;2898,67184310299;3201,93482515492;3297,880227993;3493,84275134146;3631,66727709071;3669,15202073508;3750,31680498992;3798,76747434326;3859,25259943447;3879,42493605763;4576,21130031093;5253,79809511248;6035,13209596971;7042,10067513416;8098,45787659663;9062,66518218461;10084;10518,417;10946,143;11276,8;11573,108;11967,558;11645,185;12058,778;12236,868;13126,833;13177,357;12901,736;12195,907;12887,598
;;;;;;;;;;;;;;;;;;;;;;;;;;;;;;;;;;;;;;;;;;;;;;;;;;;;;;
          Manufacturing (4) ;27770,6297758767;28313,8830596065;29871,5045275715;32358,9766536581;35087,9830184183;33308,9783122139;36659,160739421;39321,8571360153;42526,458666383;46527,4137758878;48738,3542121044;52567,4622919261;56957,0030130315;61441,7692956894;68283,2840284188;75017,3345525789;75897,7234746216;75830,7226886709;78572,6443701634;78847,3379938752;82207,4105051333;82567,5771249414;85585,7099291385;88943,8227648549;93548,5316506371;100471,445908346;114815,069899366;119997,638906202;121972,95630786;126794,422918746;132986,203757833;138652,8335284;143588,557382098;154725,619803096;176158,284596194;188880,134899472;205315,02892606;222510,401222179;243614,660649718;248505,557085713;268578,194;297574,282;310106,256;322415,875;356176,747;384087,704;397806,135;410041,89;399044,489;399606,011;365933,759;397647,532;428688,781;413866,501
;;;;;;;;;;;;;;;;;;;;;;;;;;;;;;;;;;;;;;;;;;;;;;;;;;;;;;
          a) Petroleum Refining (4) ;26270,6817453111;25555,6018190429;25954,1160535465;27425,0706466344;27527,955017585;24475,9402858049;29944,5860748767;31007,2870026112;32875,9678736462;35268,2325449979;34973,7265991099;35143,681279613;35856,4776636994;38540,6187962295;40359,591703753;48065,4863342799;57453,5603536161;58034,9651796122;60848,9902100606;56365,0662715925;64979,6049765274;59858,7224184056;62666,0715641146;63490,456875979;63679,9861231552;61117,2781825615;69426,1579053475;66833,4286837396;67440,5633929726;66891,3873948577;69203,7158342975;68703,0445177686;67062,8832269308;73809,2009391474;80615,2998580741;83227,0349443059;82677,7257984799;80236,2669782002;83174,3903873834;80427,5313899178;79440,886;79237,99;82466,232;78597,466;93983,852;105857,886;119871,333;122303,739;118345,045;115144,417;99823,882;116400,491;126096,212;116825,385
;;;;;;;;;;;;;;;;;;;;;;;;;;;;;;;;;;;;;;;;;;;;;;;;;;;;;;
          b) Manufacturing excluding petroleum refining  (4) ;5151,19701038936;5826,13228542874;6642,47856233709;7593,5651897633;12063,737195172;13350,1467417964;12459,7557691561;13963,9120399284;15368,155060872;17249,8011718493;19358,7643593733;23161,2634582225;26290,6361772604;28435,577323355;33099,4913785238;34970,9908308283;33822,2746788873;33605,3807164665;34629,246563608;36026,6647137448;35436,4026035206;37836,6056763541;38955,717689324;41052,6688660738;44244,6639093704;50496,6531009068;57873,221801985;63007,3965794213;64216,2294853271;68071,3225992449;71837,8660865834;76388,1447452528;81027,2993595818;86361,401069419;100359,247257042;109747,790568331;124903,891808832;142540,141982404;159244,398156944;165782,513963385;186426,33;215062,73;224220,756;239713,895;258663,354;275267,374;278641,999;287933,413;280699,444;284461,593;265736,721;282265,427;303645,695;301657,77
;;;;;;;;;;;;;;;;;;;;;;;;;;;;;;;;;;;;;;;;;;;;;;;;;;;;;;
          Electricity, Gas and Water (4) ;1139,39349332667;1207,01678452381;1290,00392134418;1483,52046917714;1251,99857214049;919,148355958983;1090,01354707106;1784,17069064803;2646,62024725444;2922,44041117569;3175,30645326256;3253,82338711698;3712,86247925952;4078,44621344184;4526,64591177051;4544,51665078779;4764,30711434377;5035,20482741783;5353,46399544226;5634,39451513249;8581,80165401588;9294,83598595732;9853,69575743803;10847,4526268664;11832,3844975052;12192,0612497492;11812,7776500123;13031,0074606071;14442,1128880557;15659,0867597679;19110,7736450292;19811,9051577435;20669,9978851682;22418,6530103959;24458,2725306043;25584,8642086923;26814,9241236745;28154,3323614138;29173,8849972031;31770,6258017746;36740,594;39949,324;42283,443;42899,399;44872,069;46899,885;49388,497;49836,094;43964,797;45108,33;43713,037;45663,241;46248,059;47465,953
;;;;;;;;;;;;;;;;;;;;;;;;;;;;;;;;;;;;;;;;;;;;;;;;;;;;;;
          Construction (4) ;14249,7340540786;15305,0282778487;19747,6074826153;27896,3889869993;49528,3481548725;72242,1270035605;75206,1003489561;73980,5666649179;75173,2886242878;81348,262855343;90560,1100106018;99490,3487286526;97324,6211214769;88520,9246650545;76203,3397953263;63012,4105521693;54665,9409073691;52825,7699683131;50031,2255775234;49697,1250438906;49220,8764298739;50577,6792123786;49551,2738855811;50711,4165423207;53229,613819554;57977,7571295892;62582,1019653548;62274,0413773188;63350,2740224119;61485,2596164349;65757,4709701262;66875,7090543579;68049,910805657;71493,0874382028;78666,5040374868;85015,3895638969;92421,584438095;103753,002859432;107627,756186462;109940,311738303;121608,866;137043,534;143565,656;154654,437;165506,134;171276,731;165092,345;158679,436;144791,888;149072,142;152159,997;154204,883;167921,671;175187,07
;;;;;;;;;;;;;;;;;;;;;;;;;;;;;;;;;;;;;;;;;;;;;;;;;;;;;;
          Wholesale & Retail Trade, Restaurants & hotels (4) ;6318,49396619485;6687,13271378466;8007,86152334365;11007,9432203273;14107,5677445264;17487,4085797865;19320,1676914303;21775,8900827837;27339,292300188;32939,3204947433;39201,8862934002;47421,7862938634;53609,3224772078;54944,5143361054;51029,1379847977;51131,9717131491;48524,4678169032;47240,16679883;46673,5529125267;46063,5068023963;46703,8158741438;49246,6080134747;51468,1964672633;52813,269040761;52525,5208632592;50425,78235964;52285,8977855982;55436,6159923299;61812,0876095462;68230,0225539335;67549,9356366531;70672,6826587944;73601,9538621365;75560,1900107983;93716,2631706308;107580,645407982;124997,571536771;145583,795631215;163142,058231846;177239,174253997;207004,096;233243,931;247515,33;264452,37;280742,995;289362,522;288170,574;292600,014;284178,044;303114,176;283316,296;318130,464;336021,988;359512,214
;;;;;;;;;;;;;;;;;;;;;;;;;;;;;;;;;;;;;;;;;;;;;;;;;;;;;;
          Transport, Storage & Communication (4) ;7028,7416936721;8196,05813412009;9656,59297993942;12067,5005278973;11479,5080656045;12093,2701026853;13401,1924020354;14799,24133;17652,9432083417;18543,5036250163;18392,6796005329;20629,5304371381;22236,5489086733;23651,8349632697;24591,8236083533;24541,9735317261;23749,7863785468;23085,2976567082;23313,7155091902;23416,5340407482;24134,1878252321;25176,1185913489;30297,7525646162;32650,7774439671;33080,4232437965;27502,0003494023;28387,500282514;29930,1363208629;31253,8829451876;31460,8320505313;27509,6560101947;29459,1146943639;30740,6581000666;33105,2866194753;39874,9168668306;45427,7604755882;54143,5014172346;66933,7430998791;85310,3733530924;97090,3495980921;110203,656;127633,677;133943,8;142582,964;151910,138;160962,227;165498,457;169519,769;166778,539;175876,971;162920,903;168395,103;171482,563;183997,43
;;;;;;;;;;;;;;;;;;;;;;;;;;;;;;;;;;;;;;;;;;;;;;;;;;;;;;
          Finance, Insurance, Real Estate & Business Services (4) ;27875,2584778905;30109,8039054925;33664,5022586899;40064,5851840379;67031,8558525193;91369,8178139095;97737,5025731344;97124,7724018219;112168,07942775;123671,759686372;131035,149107611;139546,091848264;148747,103724617;151620,879411628;140838,108404121;127858,786228414;107032,951176124;104393,572708468;106416,501626231;107783,980434589;106468,371624136;103877,420002265;107226,257727058;104659,259186175;103964,353753668;102609,606491655;106948,71786713;110655,657295521;110034,447247092;115970,700805024;128729,944040186;133156,059668052;138518,232401158;143020,818087713;159034,486088928;175743,187344431;196650,753679403;213208,489895263;232993,9637528;247063,852050586;253146,588;259991,114;279825,265;306304,257;316079,241;323811,81;332567,441;350487,639;346388,312;358528,142;372722,979;399474,546;423567,103;439940,365
;;;;;;;;;;;;;;;;;;;;;;;;;;;;;;;;;;;;;;;;;;;;;;;;;;;;;;
          a) Real Estate (4) ;21539,1601991905;23381,1488036006;26106,461317047;30874,2524162628;51352,5777736745;72791,1108992028;80303,9173294667;79503,0929405402;91921,645397662;100753,8425513;104101,542147252;107295,810681693;112701,826806831;116171,619914401;108389,087603831;96849,6956305335;79885,3611177835;76265,5148600016;76158,1384598201;76130,3297236828;73761,2953998547;74342,595323041;73500,543184277;70445,6479502579;68215,4184246768;67619,7445411428;72988,7198182486;75351,8384281073;72582,9054744787;75364,0764222841;87615,4505858411;89269,818755615;91422,411848841;93599,1044223174;100978,03523237;107010,098098265;113446,670225953;116545,444494134;121508,197185817;126688,04906673;131507,524;135908,538;152112,064;173290,911;179196,252;184998,97;190149,929;200576,87;203764,16;209982,189;211891,877;223765,706;226604,796;229213,332
;;;;;;;;;;;;;;;;;;;;;;;;;;;;;;;;;;;;;;;;;;;;;;;;;;;;;;
          b) Finance , Insurance and Business sevices (4) ;8254,16542506108;8592,41271848992;9705,45815001199;12105,3049722673;21101,1539622976;22909,9585735443;20423,0616314933;20784,5055872435;23839,0473576845;27226,2415413981;33083,6173105563;40494,0056923952;45332,4218301356;44684,4760346199;40959,840790754;38785,3031970602;33571,5257675053;34044,1042192829;35823,0843537723;36984,641818646;37528,140034931;35042,0915269382;38574,2463562738;38661,8479611433;39859,4684253699;39100,0730128719;38712,2627910392;40186,0319226725;41835,1927440628;44999,5034767181;47153,4911712445;49729,4785929488;52749,1839857468;55010,0359448512;63299,2259674836;73033,0774527915;85944,7691448077;97682,6812900774;111157,599625999;119603,556240846;121085,616;123632,392;127843,615;133377,865;137253,867;139136,072;142741,604;150240,218;142624,153;148545,954;160596,911;175468,327;196480,685;209848,905
;;;;;;;;;;;;;;;;;;;;;;;;;;;;;;;;;;;;;;;;;;;;;;;;;;;;;;
          Community, Social & Personal Services (4) ;6181,60216315627;6801,90963338514;7910,38591451963;8273,49125266894;14982,5090854126;15899,1987745774;12097,1728218048;12443,0888824255;13986,2192917904;15993,5223570889;15188,7052306452;17963,8942885925;19290,3005066272;18781,0079165679;19026,5291475761;21755,9740688685;20709,784066483;20357,1374557634;21022,2102791221;21337,208802395;21559,0197660881;21527,721678477;21776,2122483162;22401,8182284531;23571,4988848161;23723,3141742973;23806,0481932025;24717,7056272585;24933,1434684691;25889,4336225592;27282,2517275345;28728,5842064915;30040,0046360341;31505,7517192739;33100,9247290783;34563,6161565887;35953,2521007498;38276,1294004378;39154,6344535468;39995,8570183974;43258,542;47969,733;51357,638;56643,821;64772,415;73380,332;84099,719;93337,593;94614,061;96500,143;89790,61;110339,742;114190,292;126518,396
;;;;;;;;;;;;;;;;;;;;;;;;;;;;;;;;;;;;;;;;;;;;;;;;;;;;;;
          Government Services (4) ;69942,5698245882;76114,7903150035;84472,3211860387;96920,6966236276;117097,108781966;140637,677777479;144045,954018791;160209,874747568;158147,131275987;152780,206926235;166239,04494432;176804,881893744;189760,033448302;202407,774626991;215450,757717513;227703,256984367;228318,077736108;227264,099304551;227966,751592256;234027,127573711;242973,538154792;249267,607848305;263679,759635141;267784,469153696;269857,04527615;276742,305834674;280050,429967861;298392,796813478;303739,870532601;306525,874524438;315712,280771211;323023,325988086;330806,960366844;339430,803745914;346837,275620477;358429,796878957;365194,638083731;372225,310692065;381120,892839218;400278,74545579;427617,535;461231,826;486109,64;509718,483;526567,883;538486,18;536528,293;538104,664;559357,717;569052,627;565677,855;572112,191;598699,067;611257,144
;;;;;;;;;;;;;;;;;;;;;;;;;;;;;;;;;;;;;;;;;;;;;;;;;;;;;;
          Gross Value Added  (4) ;587415,320768561;676183,99758098;803913,475880418;986850,662697582;1146678,67350327;1083528,33824834;1249239,50304787;1321682,55989626;1324751,22577626;1471795,40523749;1557580,80729807;1605089,73701632;1344908,06450486;1195078,32878211;1146049,38302744;1062734,06274492;1075578,71822993;1040712,97097423;1093847,69021849;1103401,59428817;1208618,89273966;1311511,27120831;1365634,43876204;1371073,42927667;1387574,19704697;1394687,15214858;1438251,74714865;1476765,08756005;1515931,04059988;1507060,40200324;1584413,75287597;1594914,34573501;1583567,11915284;1723177,43502098;1872167,74537824;1982795,44681763;2047885,62019904;2092661,92871415;2220948,41805839;2199241,17834035;2308908,203;2562410,96;2698794,902;2768130,477;2873576,552;3002842,195;3060460,687;3091833,712;3089951,983;3117908,025;3002649,352;3141096,061;3399115,132;3351648,066
;;;;;;;;;;;;;;;;;;;;;;;;;;;;;;;;;;;;;;;;;;;;;;;;;;;;;;
          Net Taxes on Products (4) ;3985,77654256514;5031,14698117023;5537,08591132536;5463,601224793;4875,62626037284;4925,2544379857;4932,32003626518;6225,23553506533;5728,53473255548;5246,49514168441;5221,85697621161;4660,14871597517;4845,32018813312;5385,40364859382;5771,17754892289;5694,02276885707;4814,45827610679;5200,23217643586;12499,0743706619;10153,5690566611;10462,1881769244;9530,82224941317;13141,362411146;13064,8976668024;11481,8845977277;10093,5149159961;11792,8443333992;11868,0536785428;13257,8364387982;12789,4164394817;10410,6930815217;8018,44159754762;8143,3718635337;8490,75030298409;9084,41052168509;10034,0560836867;10774,263219386;11410,2105142632;13955,9047324484;12420,1737062595;13991,145;15799,847;18645,439;18295,449;19044,51;20148,781;19867,824;17883,104;84737,237;91630,831;91851,657;106100,107;102012,538;114827,43
;;;;;;;;;;;;;;;;;;;;;;;;;;;;;;;;;;;;;;;;;;;;;;;;;;;;;;
          Gross Domestic Product (4) ;584562,356725824;673586,230720089;800119,543960942;980107,990433997;1137901,55086424;1075451,61279078;1239174,15794446;1312178,61831684;1314439,92834053;1458553,95143044;1543115,51721067;1589143,17853596;1333146,43882374;1186587,36270739;1139035,3069596;1056890,22743314;1067545,13530276;1034099,09745917;1102353,09125236;1106929,92137411;1211270,21458036;1310845,75341547;1370890,32268393;1376097,50251737;1389211,10515396;1393540,89058463;1439593,24735298;1477703,93847001;1519135,68856132;1509513,46432096;1580735,01958366;1586181,96947336;1575262,56649242;1713393,50547544;1861276,10294786;1971926,99497323;2037267,12993137;2082364,42447327;2212262,73472096;2188664,30690469;2298961,888;2551704,279;2689723,822;2757902,357;2863017,676;2992112,834;3048498,983;3076272,292;3174689,219;3209538,854;3094588,101;3251641,862;3495059,261;3468674,541
;;;;;;;;;;;;;;;;;;;;;;;;;;;;;;;;;;;;;;;;;;;;;;;;;;;;;;
Gross Domestic Product by Institutional Sectors At Current Prices;-;-;-;-;-;-;-;-;-;-;-;-;-;-;-;-;-;-;-;-;-;-;-;-;-;-;-;-;-;-;-;-;-;-;-;-;-;-;-;-;-;-;-;-;-;-;-;-;-;-;-;-;-;-
;;;;;;;;;;;;;;;;;;;;;;;;;;;;;;;;;;;;;;;;;;;;;;;;;;;;;;
          Oil Sectors (4) ;10389,6189711823;17030,7672921698;22450,0526751156;33217,0767733561;126320,436132656;104875,830999416;137999,114753575;146757,823665077;130551,545106406;203623,145781086;341641,476505477;380798,259880481;254737,018245304;163118,355357063;140670,743779451;104450,983772146;72666,1309962794;78775,4042744923;76738,0311076813;98652,1371367965;158928,232923667;179816,79884485;200072,221607738;170237,865288516;169672,080196467;187963,023813032;226729,9707278;228517,779510561;153106,821779;199198,7504;287519,071177802;253805,927192744;261715,76944295;328538,153694392;416733,590756665;610391,779971609;712219,265904899;779672,460908144;1070421,91230653;651555,323735043;880392,574173341;1276416,40223797;1376577,12036889;1290793,8322325;1197428,46315077;659699,399481072;595540,82489923;735363,055153558;1086260,60206616;958288,366462531;612500,0258432;928650,936725313;1617919,34311025;1265524,94459928
;;;;;;;;;;;;;;;;;;;;;;;;;;;;;;;;;;;;;;;;;;;;;;;;;;;;;;
          Non-Oil Sector (4) ;13522,0908472002;14833,2772570339;17165,576079723;21704,2935765205;34453,6141456412;59139,9421691984;87032,7375086641;113352,576529406;140492,83839546;170155,022800614;203205,258156462;239932,053874544;267348,893679575;279492,529639821;276914,470622232;267957,183989219;246109,203181807;238702,897616877;245545,295840621;251672,464187948;274597,096786638;308359,301861739;304221,841372124;318449,888960228;328268,831755462;341356,607644307;358585,632593964;383915,883029055;387288,036068294;397606,1496;413511,842157197;429576,973275491;441920,002458984;472653,553472199;544724,895602116;610264,562363271;688246,742369233;767353,814106228;863875,857560207;944666,798561261;1085716,09531368;1243678,26253595;1383866,32316832;1515024,20563092;1653823,83705083;1824872,03050226;1876096,72395399;1922489,05106513;2003691,38034705;2094384,85211725;2023746,88376092;2151579,94735054;2348160,10313398;2520158,94740768
;;;;;;;;;;;;;;;;;;;;;;;;;;;;;;;;;;;;;;;;;;;;;;;;;;;;;;
          a) Government Sectors (4) ;4619,14070674734;5078,00288872392;5740,2086448636;6895,55631460469;8375,84222741615;11401,1536116117;15973,0325558327;22562,2302132518;30076,1956535779;37211,7410440005;46704,2515942759;57303,2185766134;67177,8040982576;72126,0135523565;75238,0505447107;79200,8822653548;78807,7307758208;78216,5364609898;82425,0387086276;84554,3643130899;98682,3492532107;121055,391992072;106466,543267844;112306,686382652;114552,73560565;122209,241773917;127507,049951662;142010,60045852;141063,142637942;141935,0012;144262,235134622;149889,403421467;151564,560276091;168690,367492139;177529,585744264;201262,586969012;224881,35057518;234303,760570323;249969,920336105;287295,051981889;332671,126793058;371169,464845783;413473,060971922;436992,111958326;465787,449533927;554394,580324575;569764,951785302;576257,093677754;645503,60057777;674981,966502879;663347,432813898;667942,596846723;700710,953435172;736245,641989579
;;;;;;;;;;;;;;;;;;;;;;;;;;;;;;;;;;;;;;;;;;;;;;;;;;;;;;
          b) Private Sectors (4) ;8902,95014045287;9755,27436830999;11425,3674348594;14808,7372619158;26077,771918225;47738,7885575867;71059,7049528314;90790,3463161541;110416,642741882;132943,281756614;156501,006562186;182628,835297931;200171,089581317;207366,516087464;201676,420077521;188756,301723864;167301,472405986;160486,361155887;163120,257131993;167118,099874858;175914,747533427;187303,909869667;197755,29810428;206143,202577576;213716,096149812;219147,36587039;231078,582642302;241905,282570535;246224,893430352;255671,1484;269249,607022576;279687,569854024;290355,442182893;303963,18598006;367195,309857852;409001,97539426;463365,391794053;533050,053535905;613905,937224102;657371,746579371;753044,968520618;872508,797690163;970393,262196396;1078032,0936726;1188036,3875169;1270477,45017769;1306331,77216869;1346231,95738738;1358187,77976929;1419402,88561437;1360399,45094703;1483637,35050382;1647449,1496988;1783913,3054181
;;;;;;;;;;;;;;;;;;;;;;;;;;;;;;;;;;;;;;;;;;;;;;;;;;;;;;
          Gross Value Added (4) ;23911,7098183825;31864,0445492037;39615,6287548386;54921,3703498766;160774,050278297;164015,773168614;225031,852262239;260110,400194483;271044,383501866;373778,168581701;544846,734661939;620730,313755025;522085,911924879;442610,884996883;417585,214401682;372408,167761365;318775,334178086;317478,301891369;322283,326948302;350324,601324745;433525,329710305;488176,10070659;504294,062979862;488687,754248743;497940,91195193;529319,631457339;585315,603321764;612433,662539616;540394,857847294;596804,9;701030,913335;683382,900468235;703635,771901934;801191,70716659;961458,48635878;1220656,34233488;1400466,00827413;1547026,27501437;1934297,76986673;1596222,1222963;1966108,66948702;2520094,66477392;2760443,44353721;2805818,03786343;2851252,3002016;2484571,42998334;2471637,54885322;2657852,10621869;3089951,98241321;3052673,21857978;2636246,90960412;3080230,88407585;3966079,44624422;3785683,89200695
;;;;;;;;;;;;;;;;;;;;;;;;;;;;;;;;;;;;;;;;;;;;;;;;;;;;;;
          Net Taxes on Products (4) ;286;373;440;483;442;514;908;1411;1827;2160;2534;2637;3248;3677;3973;3910;3245;3453;8236;6740;7000;7000;9100;9277;8289;7500;8875;9100;10013;9634;9650;7132,791;7386,429;8087;8825;10115;11025;11801;14940;12895;14668,7;17285;21494;21174;23520;25995;25862;23378;84737,23668262;91944,4261021;117270,03018959;197854,55054911;191063,74357596;217752,306543916
;;;;;;;;;;;;;;;;;;;;;;;;;;;;;;;;;;;;;;;;;;;;;;;;;;;;;;
          Gross Domestic Product (4) ;24197,7098183825;32237,0445492037;40055,6287548386;55404,3703498766;161216,050278297;164529,773168614;225939,852262239;261521,400194483;272871,383501866;375938,168581701;547380,734661939;623367,313755025;525333,911924879;446287,884996883;421558,214401682;376318,167761365;322020,334178086;320931,301891369;330519,326948302;357064,601324745;440525,329710305;495176,10070659;513394,062979862;497964,754248743;506229,91195193;536819,631457339;594190,603321764;621533,662539616;550407,857847294;606438,9;710680,913335;690515,691468235;711022,200901934;809278,70716659;970283,48635878;1230771,34233488;1411491,00827413;1558827,27501437;1949237,76986673;1609117,1222963;1980777,36948702;2537379,66477392;2781937,44353721;2826992,03786343;2874772,3002016;2510566,42998334;2497499,54885322;2681230,10621869;3174689,21909583;3144617,64468188;2753516,93979371;3278085,43462496;4157143,18982018;4003436,19855087
;;;;;;;;;;;;;;;;;;;;;;;;;;;;;;;;;;;;;;;;;;;;;;;;;;;;;;
Real Gross Domestic Product by Institutional Sectors  (Chain-linked,2018=100,Index);-;-;-;-;-;-;-;-;-;-;-;-;-;-;-;-;-;-;-;-;-;-;-;-;-;-;-;-;-;-;-;-;-;-;-;-;-;-;-;-;-;-;-;-;-;-;-;-;-;-;-;-;-;-
;;;;;;;;;;;;;;;;;;;;;;;;;;;;;;;;;;;;;;;;;;;;;;;;;;;;;;
          Oil Sectors (4) ;379125,51134757;462563,083420223;573747,368828176;715178,692210228;795058,576940689;654123,043640432;811465,402175388;867775,717923427;791576,34712265;906237,077450591;946801,747115179;937934,279713876;636805,6142765;459947,361792304;423043,500002301;342697,977756516;493082,247047131;437998,261747255;530437,82126083;520074,986718617;652248,538649538;792777,361162978;818188,312884804;794150,452147148;797010,693031828;793829,263372077;810844,53948179;800152,238409253;823916,698624727;760669,795794419;813810,986172804;782405,930431808;726273,757204041;850897,290133312;911065,239174047;949781,350311996;936602,204230497;899472,545836518;939425,336853004;849761,984728606;848476,232;953210,832;1001813,546;985806,11;1003947,739;1055934,022;1095993,281;1064152,841;1086260,603;1051003,934;979131,173;991595,94;1139041,55;1036907,575
;;;;;;;;;;;;;;;;;;;;;;;;;;;;;;;;;;;;;;;;;;;;;;;;;;;;;;
          Non-Oil Sector (4) ;135719,490475802;146885,991359446;165820,386477694;199031,88787948;275958,792418106;349418,526095929;363930,172729913;380050,97969125;417094,542984238;448304,714106503;484516,165946089;531707,133952082;564936,361159627;574367,255431971;562230,198394754;550273,580431359;515567,182391902;512777,921106099;519171,434461801;529306,409632249;541915,209850122;554888,883294218;581050,13136171;593726,263464764;603355,270109641;609369,517965806;632065,016414422;664281,85203153;681119,831114191;702752,770075281;730307,053436326;755401,862347186;781124,913171545;811103,267313791;891225,016084753;959110,094831149;1041507,11935251;1138134,17581606;1232596,95333108;1305853,04215313;1430665,917;1571913,714;1659186,604;1770587,03;1867638,65;1946084,148;1973152,793;2018264,6;2003691,38;2071259,24;2015825,047;2137763,99;2251161,083;2337228,654
;;;;;;;;;;;;;;;;;;;;;;;;;;;;;;;;;;;;;;;;;;;;;;;;;;;;;;
          a) Government Sectors (4) ;71248,4199322007;78076,9424944458;87196,3582959293;101568,410311776;118363,049654277;138602,896742481;143006,915760328;158440,888504718;161823,445707339;159319,422392238;171630,180497883;184373,997955293;198233,817255474;210709,649760536;222335,155804472;232526,799231571;231225,226358196;229823,318368533;231074,495501124;236811,893739771;246370,656818612;252647,854618191;270365,964807518;276017,971159255;278597,578098668;279899,22665358;283515,935740026;301726,586414005;308074,434603048;311496,591253986;316900,180724746;325702,830386517;334426,165812547;344735,878440689;358085,941370128;374030,182235772;387514,67511917;403501,28734303;424586,763706027;450517,396033696;484122,797;525881,115;553789,07;581658,457;602983,352;619245,639;622550,138;626604,861;645503,6;659705,327;652780,209;663581,839;693467,727;712593,479
;;;;;;;;;;;;;;;;;;;;;;;;;;;;;;;;;;;;;;;;;;;;;;;;;;;;;;
          b) Private Sectors (4) ;77872,0180528944;83996,3879056081;95110,5204309121;115132,681672362;166713,04400988;214332,09841322;223608,391849849;230887,787745312;257638,796562359;282863,780593952;305954,137968206;337621,032391961;357478,3897735;358613,383211442;342604,052037437;327353,74996771;299524,763521934;297986,80804933;302632,568103819;307837,126895148;312790,573166827;320010,999682576;331783,110225931;339163,72651021;345752,510991324;350088,183801491;367331,82122772;383612,454519265;394162,020885649;410744,254010041;431262,842099874;447445,267588401;464205,306706129;483769,240712816;546703,806591947;597177,778939003;663899,598445483;741513,807050553;812725,893292051;860446,740738924;950891,855;1050011,79;1109403,513;1191839,931;1265937,762;1326571,539;1349985,851;1390477,112;1358187,78;1411553,915;1362857,058;1474500,036;1558030,083;1624656,784
;;;;;;;;;;;;;;;;;;;;;;;;;;;;;;;;;;;;;;;;;;;;;;;;;;;;;;
          Gross Value Added (4) ;587415,320768561;676183,99758098;803913,475880418;986850,662697582;1146678,67350327;1083528,33824834;1249239,50304787;1321682,55989626;1324751,22577626;1471795,40523749;1557580,80729807;1605089,73701632;1344908,06450486;1195078,32878211;1146049,38302744;1062734,06274492;1075578,71822993;1040712,97097423;1093847,69021849;1103401,59428817;1208618,89273966;1311511,27120831;1365634,43876204;1371073,42927667;1387574,19704697;1394687,15214858;1438251,74714865;1476765,08756005;1515931,04059988;1507060,40200324;1584413,75287597;1594914,34573501;1583567,11915284;1723177,43502098;1872167,74537824;1982795,44681763;2047885,62019904;2092661,92871415;2220948,41805839;2199241,17834035;2308908,203;2562410,96;2698794,902;2768130,477;2873576,552;3002842,195;3060460,687;3091833,712;3089951,983;3117908,025;3002649,352;3141096,061;3399115,132;3351648,066
;;;;;;;;;;;;;;;;;;;;;;;;;;;;;;;;;;;;;;;;;;;;;;;;;;;;;;
          Net Taxes on Products (4) ;3985,77654256514;5031,14698117023;5537,08591132536;5463,601224793;4875,62626037284;4925,2544379857;4932,32003626518;6225,23553506533;5728,53473255548;5246,49514168441;5221,85697621161;4660,14871597517;4845,32018813312;5385,40364859382;5771,17754892289;5694,02276885707;4814,45827610679;5200,23217643586;12499,0743706619;10153,5690566611;10462,1881769244;9530,82224941317;13141,362411146;13064,8976668024;11481,8845977277;10093,5149159961;11792,8443333992;11868,0536785428;13257,8364387982;12789,4164394817;10410,6930815217;8018,44159754762;8143,3718635337;8490,75030298409;9084,41052168509;10034,0560836867;10774,263219386;11410,2105142632;13955,9047324484;12420,1737062595;13991,145;15799,847;18645,439;18295,449;19044,51;20148,781;19867,824;17883,104;84737,237;91630,831;91851,657;106100,107;102012,538;114827,43
;;;;;;;;;;;;;;;;;;;;;;;;;;;;;;;;;;;;;;;;;;;;;;;;;;;;;;
          Gross Domestic Product (4) ;584562,356725824;673586,230720089;800119,543960942;980107,990433997;1137901,55086424;1075451,61279078;1239174,15794446;1312178,61831684;1314439,92834053;1458553,95143044;1543115,51721067;1589143,17853596;1333146,43882374;1186587,36270739;1139035,3069596;1056890,22743314;1067545,13530276;1034099,09745917;1102353,09125236;1106929,92137411;1211270,21458036;1310845,75341547;1370890,32268393;1376097,50251737;1389211,10515396;1393540,89058463;1439593,24735298;1477703,93847001;1519135,68856132;1509513,46432096;1580735,01958366;1586181,96947336;1575262,56649242;1713393,50547544;1861276,10294786;1971926,99497323;2037267,12993137;2082364,42447327;2212262,73472096;2188664,30690469;2298961,888;2551704,279;2689723,822;2757902,357;2863017,676;2992112,834;3048498,983;3076272,292;3174689,219;3209538,854;3094588,101;3251641,862;3495059,261;3468674,541
;;;;;;;;;;;;;;;;;;;;;;;;;;;;;;;;;;;;;;;;;;;;;;;;;;;;;;
Gross Domestic Product by Main Activity At Current Prices;-;-;-;-;-;-;-;-;-;-;-;-;-;-;-;-;-;-;-;-;-;-;-;-;-;-;-;-;-;-;-;-;-;-;-;-;-;-;-;-;-;-;-;-;-;-;-;-;-;-;-;-;-;-
;;;;;;;;;;;;;;;;;;;;;;;;;;;;;;;;;;;;;;;;;;;;;;;;;;;;;;
          Oil Activities (4) ;10041,5723312583;16654,3624739884;22014,3624739884;32650,9427594486;125416,918896843;103136,941124055;135090,346491329;142852,362325477;125956,338388615;198103,702349486;334822,381133389;372592,988403731;246552,727624718;155365,395332143;133802,322183188;98164,1495651462;66780,6160094138;72879,151941355;70962,5868220521;92815,3931811318;152678,815696631;173148,759979374;193150,676607886;162972,254143839;162069,674784697;180239,14679851;218601,661145613;220136,69036491;144295,110892984;190222,234426411;280009,631267944;246015,28339104;253800,857201175;320039,660373804;413190,085975025;606548,242377429;708159,915524866;775051,247189586;1066613,1253067;647359,77977957;875605,275506374;1270966,97777647;1370663,40180137;1284433,62691591;1190490,89402165;652214,450700937;587840,480526603;727465,391058675;1078158,53448368;949788,215179361;604199,889653396;919928,12321573;1608428,68963349;1255240,2220986
;;;;;;;;;;;;;;;;;;;;;;;;;;;;;;;;;;;;;;;;;;;;;;;;;;;;;;
          Non-Oil Activities (4) ;11776,8025239865;12862,5022067902;14795,9849089297;18696,5274587767;30296,7627113993;53124,1653565235;79167,8557209204;101845,519759136;124049,615497825;149406,831567868;176519,187378566;206578,781996819;222785,393655413;229960,368922226;222302,836831858;209341,188947126;188075,390343321;181951,407999057;184839,349768463;189217,844577428;201635,170576537;214741,863993763;225276,325196476;234870,487876647;243507,586640045;249633,314716054;262620,942176151;274656,972174706;280181,74695431;289793,665573589;301898,282067056;313778,617077195;325348,914700759;341223,046792786;392897,400383756;437758,099957451;495920,092749266;571669,027824786;658406,64456003;707815,332016733;809640,393980643;936819,686997448;1040131,04173584;1153314,41094752;1269135,40617994;1357290,4772824;1396281,89821902;1439309,37643901;1452435,7314493;1519126,92531106;1455075,10651443;1582669,66487893;1754492,14788419;1901910,44613817
;;;;;;;;;;;;;;;;;;;;;;;;;;;;;;;;;;;;;;;;;;;;;;;;;;;;;;
          Government Activities (4) ;2093,33496313768;2347,1798684251;2805,28137192054;3573,9001316513;5060,36867005532;7754,66668803625;10773,6500499895;15412,5181098699;21038,429615426;26267,6346643469;33505,1661499837;41558,5433544744;52747,7906447484;57285,1207425138;61480,0553866357;64902,8292490927;63919,3278253512;62647,7419509579;66481,390357787;68291,3635661852;79211,3434371367;100285,476733452;85867,0611755003;90845,0122282578;92363,650527188;99447,1699427749;104093;117640;115918;116789;119123;123589;124486;139929;155371;176350;196386;200306;209278;241047,0105;280863;312308;349649;368070;391626;475066,502;487515,170107598;491077,338721008;559357,716480237;583758,078089365;576971,913436301;577633,095981194;603158,608726538;628533,22377019
;;;;;;;;;;;;;;;;;;;;;;;;;;;;;;;;;;;;;;;;;;;;;;;;;;;;;;
          Gross Value Added (4) ;23911,7098183825;31864,0445492037;39615,6287548386;54921,3703498766;160774,050278297;164015,773168614;225031,852262239;260110,400194483;271044,383501866;373778,168581701;544846,734661939;620730,313755025;522085,911924879;442610,884996883;417585,214401682;372408,167761365;318775,334178086;317478,301891369;322283,326948302;350324,601324745;433525,329710305;488176,100706589;504294,062979862;488687,754248743;497940,91195193;529319,631457339;585315,603321764;612433,662539616;540394,857847294;596804,9;701030,913335;683382,900468235;703635,771901934;801191,70716659;961458,48635878;1220656,34233488;1400466,00827413;1547026,27501437;1934297,76986673;1596222,1222963;1966108,66948702;2520094,66477392;2760443,44353721;2805818,03786343;2851252,3002016;2484571,42998334;2471637,54885322;2657852,10621869;3089951,98241321;3052673,21857978;2636246,90960412;3080230,88407585;3966079,44624422;3785683,89200695
;;;;;;;;;;;;;;;;;;;;;;;;;;;;;;;;;;;;;;;;;;;;;;;;;;;;;;
           Net Taxes on Products (4) ;286;373;440;483;442;514;908;1411;1827;2160;2534;2637;3248;3677;3973;3910;3245;3453;8236;6740;7000;7000;9100;9277;8289;7500;8875;9100;10013;9634;9650;7132,791;7386,429;8087;8825;10115;11025;11801;14940;12895;14668,7;17285;21494;21174;23520;25995;25862;23378;84737,23668262;91944,4261021;117270,03018959;197854,55054911;191063,74357596;217752,306543916
;;;;;;;;;;;;;;;;;;;;;;;;;;;;;;;;;;;;;;;;;;;;;;;;;;;;;;
          Gross Domestic Product (4) ;24197,7098183825;32237,0445492037;40055,6287548386;55404,3703498766;161216,050278297;164529,773168614;225939,852262239;261521,400194483;272871,383501866;375938,168581701;547380,734661939;623367,313755025;525333,911924879;446287,884996883;421558,214401682;376318,167761365;322020,334178086;320931,301891369;330519,326948302;357064,601324745;440525,329710305;495176,100706589;513394,062979862;497964,754248743;506229,91195193;536819,631457339;594190,603321764;621533,662539616;550407,857847294;606438,9;710680,913335;690515,691468235;711022,200901934;809278,70716659;970283,48635878;1230771,34233488;1411491,00827413;1558827,27501437;1949237,76986673;1609117,1222963;1980777,36948702;2537379,66477392;2781937,44353721;2826992,03786343;2874772,3002016;2510566,42998334;2497499,54885322;2681230,10621869;3174689,21909583;3144617,64468188;2753516,93979371;3278085,43462496;4157143,18982018;4003436,19855087
;;;;;;;;;;;;;;;;;;;;;;;;;;;;;;;;;;;;;;;;;;;;;;;;;;;;;;
Real Gross Domestic Product By Main Economic Activities  (Chain-linked,2018=100,Index);-;-;-;-;-;-;-;-;-;-;-;-;-;-;-;-;-;-;-;-;-;-;-;-;-;-;-;-;-;-;-;-;-;-;-;-;-;-;-;-;-;-;-;-;-;-;-;-;-;-;-;-;-;-
;;;;;;;;;;;;;;;;;;;;;;;;;;;;;;;;;;;;;;;;;;;;;;;;;;;;;;
          Oil Activities (4) ;375274,777227872;458737,972898855;569821,77227619;710589,001145818;790110,438679242;649626,350825869;806399,352605907;862333,971651936;785792,422507025;899811,316903276;939949,494133726;930828,291183296;630979,354708339;454899,772569889;418417,684232487;338548,795802385;491457,801604516;435754,402598123;529465,07862242;518841,982724718;651063,308981717;792549,94965734;817837,51704631;793173,906805454;795608,635621943;792320,354953488;809347,862907728;798272,204242745;821680,502421391;757803,835224213;810608,718082199;778834,845737983;722304,935152485;846854,259844111;906523,226746671;944886,618641543;931364,631713899;893896,272391958;933474,726691471;843524,321892031;841776,983;945787,227;994012,501;977849,98;995661,869;1047258,011;1087341,83;1055227,669;1078158,534;1042599,644;970772,624;982643,055;1129662,93;1027439,912
;;;;;;;;;;;;;;;;;;;;;;;;;;;;;;;;;;;;;;;;;;;;;;;;;;;;;;
          Non-Oil Activities (4) ;83517,3382644142;90273,4129262744;102188,344947405;123720,156900259;175301,302089075;223446,90060956;233265,753914975;241410,2139653;270087,390938046;296182,846901931;319725,208500629;353127,872662512;374230,185643923;375974,864121606;359913,775241752;344243,090644166;315486,652935833;313712,05766137;318695,894852927;324117,677543328;330372,504745682;338016,34974958;352605,351452694;361239,411295966;368373,799987258;369815,773808952;387369,186250961;404750,826385224;416357,295891404;433500,010803911;452253,437536238;469830,064722007;487654,945593173;508966,141759731;576456,722403386;630898,093074133;703463,044239085;788735,682657582;870176,303336887;924706,49687413;1022235,963;1130309,557;1193629,235;1281103,034;1360323,435;1422174,575;1447780,496;1490568,699;1452435,732;1506255,752;1462676,007;1570839,797;1658717,313;1731996,523
;;;;;;;;;;;;;;;;;;;;;;;;;;;;;;;;;;;;;;;;;;;;;;;;;;;;;;
          Government Activities (4) ;69942,5698245882;76114,7903150035;84472,3211860387;96920,6966236276;117097,108781966;140637,677777479;144045,954018791;160209,874747568;158147,131275987;152780,206926235;166239,04494432;176804,881893744;189760,033448302;202407,774626991;215450,757717513;227703,256984367;228318,077736108;227264,099304551;227966,751592256;234027,127573711;242973,538154792;249267,607848305;263679,759635141;267784,469153696;269857,04527615;276742,305834674;280050,429967861;298392,796813478;303739,870532601;306525,874524438;315712,280771211;323023,325988086;330806,960366844;339430,803745914;346837,275620477;358429,796878957;365194,638083731;372225,310692065;381120,892839218;400278,74545579;427617,535;461231,826;486109,64;509718,483;526567,883;538486,18;536528,293;538104,664;559357,717;569052,627;565677,855;572112,191;598699,067;611257,144
;;;;;;;;;;;;;;;;;;;;;;;;;;;;;;;;;;;;;;;;;;;;;;;;;;;;;;
          Gross Value Added (4) ;587415,320768561;676183,99758098;803913,475880418;986850,662697582;1146678,67350327;1083528,33824834;1249239,50304787;1321682,55989626;1324751,22577626;1471795,40523749;1557580,80729807;1605089,73701632;1344908,06450486;1195078,32878211;1146049,38302744;1062734,06274492;1075578,71822993;1040712,97097423;1093847,69021849;1103401,59428817;1208618,89273966;1311511,27120831;1365634,43876204;1371073,42927667;1387574,19704697;1394687,15214858;1438251,74714865;1476765,08756005;1515931,04059988;1507060,40200324;1584413,75287597;1594914,34573501;1583567,11915284;1723177,43502098;1872167,74537824;1982795,44681763;2047885,62019904;2092661,92871415;2220948,41805839;2199241,17834035;2308908,203;2562410,96;2698794,902;2768130,477;2873576,552;3002842,195;3060460,687;3091833,712;3089951,983;3117908,025;3002649,352;3141096,061;3399115,132;3351648,066
;;;;;;;;;;;;;;;;;;;;;;;;;;;;;;;;;;;;;;;;;;;;;;;;;;;;;;
           Net Taxes on Products (4) ;3985,77654256514;5031,14698117023;5537,08591132536;5463,601224793;4875,62626037284;4925,2544379857;4932,32003626518;6225,23553506533;5728,53473255548;5246,49514168441;5221,85697621161;4660,14871597517;4845,32018813312;5385,40364859382;5771,17754892289;5694,02276885707;4814,45827610679;5200,23217643586;12499,0743706619;10153,5690566611;10462,1881769244;9530,82224941317;13141,362411146;13064,8976668024;11481,8845977277;10093,5149159961;11792,8443333992;11868,0536785428;13257,8364387982;12789,4164394817;10410,6930815217;8018,44159754762;8143,3718635337;8490,75030298409;9084,41052168509;10034,0560836867;10774,263219386;11410,2105142632;13955,9047324484;12420,1737062595;13991,145;15799,847;18645,439;18295,449;19044,51;20148,781;19867,824;17883,104;84737,237;91630,831;91851,657;106100,107;102012,538;114827,43
;;;;;;;;;;;;;;;;;;;;;;;;;;;;;;;;;;;;;;;;;;;;;;;;;;;;;;
          Gross Domestic Product (4) ;584562,356725824;673586,230720089;800119,543960942;980107,990433997;1137901,55086424;1075451,61279078;1239174,15794446;1312178,61831684;1314439,92834053;1458553,95143044;1543115,51721067;1589143,17853596;1333146,43882374;1186587,36270739;1139035,3069596;1056890,22743314;1067545,13530276;1034099,09745917;1102353,09125236;1106929,92137411;1211270,21458036;1310845,75341547;1370890,32268393;1376097,50251737;1389211,10515396;1393540,89058463;1439593,24735298;1477703,93847001;1519135,68856132;1509513,46432096;1580735,01958366;1586181,96947336;1575262,56649242;1713393,50547544;1861276,10294786;1971926,99497323;2037267,12993137;2082364,42447327;2212262,73472096;2188664,30690469;2298961,888;2551704,279;2689723,822;2757902,357;2863017,676;2992112,834;3048498,983;3076272,292;3174689,219;3209538,854;3094588,101;3251641,862;3495059,261;3468674,541
;;;;;;;;;;;;;;;;;;;;;;;;;;;;;;;;;;;;;;;;;;;;;;;;;;;;;;
Gross Domestic Product By Expenditure Components at Current Prices;-;-;-;-;-;-;-;-;-;-;-;-;-;-;-;-;-;-;-;-;-;-;-;-;-;-;-;-;-;-;-;-;-;-;-;-;-;-;-;-;-;-;-;-;-;-;-;-;-;-;-;-;-;-
;;;;;;;;;;;;;;;;;;;;;;;;;;;;;;;;;;;;;;;;;;;;;;;;;;;;;;
          Gross Final Consumption Expenditure (4) ;11703,6942965814;12885,004483745;14631,2052233227;19179,6764621543;31172,5988838696;51006,0104298493;76266,6086313919;116487,373607481;152789,214226762;199644,233315597;224070,585989257;287468,857025118;328507,514667625;334079,595225102;328274,704427361;320315,395349649;288606,883036742;284193,154254124;278266,695476618;303100,192217381;331955,058919834;386717,253478417;379474,062299469;368724,994552841;363029,382509897;376202,647342849;404269;423223;406610;406311;440898,672853214;446556,88228645;447957,097906871;474483,288993672;516652,290925559;586804,054902032;678441,91054015;756273,01;869045;948828,7349;1039590,39115314;1170131,31504267;1338724,03489984;1475276,24325748;1668727,07929511;1761225,82551537;1715521,13865815;1766573,4140941;1950386,35232506;2003883,81790508;1988535,72991306;2168302,60096104;2354760,38820459;2533633,74288935
;;;;;;;;;;;;;;;;;;;;;;;;;;;;;;;;;;;;;;;;;;;;;;;;;;;;;;
          a) Govt. Final Consumption Expenditure (4) ;3836,99330161963;4300,25127212774;5098,13505326921;7843,65041125264;13593,3045625905;23908,4568798732;38076,4605968769;47920,6326480968;66216,7427872617;81404,2039140819;86981,3007579712;121863,869030525;137555,095020925;132834,398445123;127048,449084874;120051,365031767;111633,24425931;113039,587836806;102240,128573799;119957,958629978;127824,058919834;169128,253478417;152692,062299469;130975,994552841;122552,382509897;125922,647342849;144783;161795;155192;154095;183804;188695;184517;198148;221798;262650;311082;322086;345098;357014,7349;400173;488062;551179;628522;739156;736139,186279754;624632,170107598;630978,138721008;749244,512756047;735968,761776485;769833,611799261;780327,551461044;865916,69507013;934040,64217905
;;;;;;;;;;;;;;;;;;;;;;;;;;;;;;;;;;;;;;;;;;;;;;;;;;;;;;
          b) Private Final Consumption Expenditure (4) ;7866,70099496174;8584,7532116173;9533,07017005344;11336,0260509016;17579,2943212791;27097,5535499761;38190,148034515;68566,740959384;86572,4714395008;118240,029401515;137089,285231286;165604,987994593;190952,4196467;201245,196779979;201226,255342487;200264,030317881;176973,638777432;171153,566417318;176026,56690282;183142,233587402;204131;217589;226782;237749;240477;250280;259486;261428;251418;252216;257094,672853214;257861,88228645;263440,097906871;276335,288993672;294854,290925559;324154,054902032;367359,91054015;434187,01;523947;591814;639417,39115314;682069,315042675;787545,034899836;846754,243257482;929571,079295107;1025086,63923562;1090888,96855055;1135595,27537309;1201141,83956902;1267915,05612859;1218702,1181138;1387975,0495;1488843,69313446;1599593,1007103
;;;;;;;;;;;;;;;;;;;;;;;;;;;;;;;;;;;;;;;;;;;;;;;;;;;;;;
          Gross Fixed Capital Formation (4) ;5419,51952180114;7725,06106545864;8074,75053151595;-7427,11911227772;49865,0493944279;28624,6777387652;69514,3076308467;80021,0265870023;99019,1692751035;98803,9352661033;125402,148672681;131898,456729907;135817,397257255;153302,289771781;138392,509974321;80731,7724117164;62663,4511413446;56863,1476372453;65073,6314716838;69431,4091073641;69092,2707904711;98963,8472281721;117894,000680393;124764,759695903;103053,529442032;108899,98411449;110348,603321764;116708,662539616;126314,857847294;130466,9;137282,240481786;135500,809181785;140024,102995062;157748,418172918;192743,195433222;248306,287432848;313565,097733982;412667,265014372;532059,769866733;510336,387396304;612581,978333877;698822,349731246;752412,547512372;760179,253517711;834201,3040943;859203,819759466;771666,452898257;772090,536945877;829325,909733161;889787,293986226;762490,17042927;834211,202979297;1098625,09365406;1174693,42572631
;;;;;;;;;;;;;;;;;;;;;;;;;;;;;;;;;;;;;;;;;;;;;;;;;;;;;;
          Total Fixed Capital Formation (4) ;3068,62749661907;3515,38843484558;4892,01677699918;7744,8890016509;14242,2065075095;28616,7175491241;48358,2221731202;66767,1845796548;81836,2359009988;93679,5804447084;113438,270887063;132261,671221149;130766,96552521;120238,082755282;106050,46817522;83872,7724117165;72695,4511413446;71660,1476372453;62555,6314716838;66392,409107364;83250,6396997052;100480,260126469;103954,756397337;108824,208896511;93002,1729155063;103316,031183698;102848;109241;112959;118196;123324;126095,24;128066;148097,82457;185872,452396473;237691,035141299;288680,412292283;368687,204592322;444499,255731401;414452,290512154;483921,000000002;568828,301265911;615175,031385101;663414,579141101;716600,834828029;737002,343241364;639552,611423523;642096,561607984;657826,697085961;703954,541075969;663545,683303952;796503,608461944;1024263,62156874;1116729,04349658
;;;;;;;;;;;;;;;;;;;;;;;;;;;;;;;;;;;;;;;;;;;;;;;;;;;;;;
          a) Public (4) ;-;-;-;-;-;-;-;-;-;-;-;-;-;-;-;-;-;-;-;-;22304,5214305056;23727,0639236611;16949,2526057188;15762,9256557072;12581,8896747026;13210,7479428946;12914;16102;12437;12958;16353;17508;18121;23291;30386;54940;58741;84042,21;109882;112087,8261;161191,000000003;217944,000000003;246930,999999999;249677,889999999;264461,992472793;270349,511000001;193866,999999999;175510,000000006;179135,599937057;162483,26570656;154372,833993183;108334,810585691;152042,22178829;157387,33809393
;;;;;;;;;;;;;;;;;;;;;;;;;;;;;;;;;;;;;;;;;;;;;;;;;;;;;;
          b) Private (4) ;-;-;-;-;-;-;-;-;-;-;-;-;-;-;-;-;-;-;-;-;60946,1182691996;76753,1962028075;87005,5037916186;93061,2832408037;80420,2832408037;90105,2832408037;89934;93139;100522;105238;106971;108587,24;109945;124806,82457;155486,452396473;182751,035141299;229939,412292283;284644,994592323;334617,255731401;302364,464412154;322729,999999999;350884,301265907;368244,031385102;413736,689141102;452138,842355236;466652,832241363;445685,611423524;466586,561607978;478691,097148903;541471,275369409;509172,849310769;688168,797876253;872221,39978045;959341,705402647
;;;;;;;;;;;;;;;;;;;;;;;;;;;;;;;;;;;;;;;;;;;;;;;;;;;;;;
          Change in Stock (4) ;2350,89202518207;4209,67263061305;3182,73375451678;-15172,0081139286;35622,8428869183;7,96018964104587;21156,0854577264;13253,8420073475;17182,9333741048;5124,3548213949;11963,8777856183;-363,214491242077;5050,43173204496;33064,2070164992;32342,0417991011;-3141,00000000006;-10032;-14797;2518;3039,00000000006;-14158,3689092341;-1516,41289829649;13939,2442830552;15940,550799392;10051,3565265259;5583,95293079177;7500,6033217638;7467,66253961599;13355,8578472943;12270,9;13958,2404817861;9405,56918178534;11958,1029950625;9650,59360291774;6870,74303674896;10615,2522915492;24884,6854416989;43980,0604220494;87560,5141353323;95884,0968841491;128660,978333875;129994,048465335;137237,51612727;96764,6743766102;117600,469266271;122201,476518103;132113,841474734;129993,975337893;171499,2126472;185832,752910257;98944,4871253185;37707,594517353;74361,4720853184;57964,3822297314
;;;;;;;;;;;;;;;;;;;;;;;;;;;;;;;;;;;;;;;;;;;;;;;;;;;;;;
          Domestic Final Demand (4) ;17123,2138183825;20610,0655492037;22705,9557548386;11752,5573498766;81037,6482782975;79630,6881686144;145780,916262239;196508,400194483;251808,383501866;298448,168581701;349472,734661939;419367,313755025;464324,911924879;487381,884996883;466667,214401682;401047,167761365;351270,334178086;341056,301891369;343340,326948302;372531,601324745;401047,329710305;485681,10070659;497368,062979862;493489,754248743;466082,91195193;485102,631457339;514617,603321764;539931,662539616;532924,857847294;536777,9;578180,913335;582057,691468235;587981,200901934;632231,70716659;709395,48635878;835110,34233488;992007,008274132;1168940,27501437;1401104,76986673;1459165,1222963;1652172,36948702;1868953,66477392;2091136,58241221;2235455,49677519;2502928,38338941;2620429,64527484;2487187,59155641;2538663,95103998;2779712,26205822;2893671,11189131;2751025,90034233;3002513,80394034;3453385,48185865;3708327,16861565
;;;;;;;;;;;;;;;;;;;;;;;;;;;;;;;;;;;;;;;;;;;;;;;;;;;;;;
          Net Export (4) ;7074,496;11626,979;17349,673;43651,813;80178,402;84899,085;80158,936;65013;21063;77490;197908;204000;61009;-41094;-45109;-24729;-29250;-20125;-12821;-15467;39478;9495;16026;4475;40147;51717;79573;81602;17483;69661;132500;108458;123041;177047;260888;395661;419484;389887;548133;149952;328605;668426;690800,861125;591536,541088235;371843,916812188;-109863,2152915;10311,95729681;142566,155178715;394976,957037608;250946,532790579;2491,03945138599;275571,630684621;703757,70796153;295109,029935217
;;;;;;;;;;;;;;;;;;;;;;;;;;;;;;;;;;;;;;;;;;;;;;;;;;;;;;
          Exports of Goods & Services (4) ;12292,716;17402,888;24668,358;55240,15;101462,866;120655,902;134952,686;150167;134571;206226;347345;391591;266511;171681;145530;113163;85989;99045;103531;120494;177685;189694;200772;171065;172123;200437;237812;243384;163099;210231;308473;273677;291155;371088;494702;702164;844522;934321;1210701;757711;981866;1410841;1497823,5;1453664,7715;1329530,3631;817538,9802085;753225,28303982;899975,030452;1180937,1831729;1071974,709666;685679,94411914;1074381,0339929;1672055,97120042;1391162,39805471
;;;;;;;;;;;;;;;;;;;;;;;;;;;;;;;;;;;;;;;;;;;;;;;;;;;;;;
          Imports of Goods & Services (4) ;5218,22;5775,909;7318,685;11588,337;21284,464;35756,817;54793,75;85154;113508;128736;149437;187591;205502;212775;190639;137892;115239;119170;116352;135961;138207;180199;184746;166590;131976;148720;158239;161782;145616;140570;175973;165219;168114;194041;233814;306503;425038;544434;662568;607759;653261;742415;807022,638875;862128,230411765;957686,446287812;927402,1955;742913,32574301;757408,875273285;785960,226135292;821028,176875421;683188,904667754;798809,403308282;968298,263238893;1096053,36811949
;;;;;;;;;;;;;;;;;;;;;;;;;;;;;;;;;;;;;;;;;;;;;;;;;;;;;;
          Expenditure on Gross Domestic Product (4) ;24197,7098183825;32237,0445492037;40055,6287548386;55404,3703498766;161216,050278297;164529,773168614;225939,852262239;261521,400194483;272871,383501866;375938,168581701;547380,734661939;623367,313755025;525333,911924879;446287,884996883;421558,214401682;376318,167761365;322020,334178086;320931,301891369;330519,326948302;357064,601324745;440525,329710305;495176,10070659;513394,062979862;497964,754248743;506229,91195193;536819,631457339;594190,603321764;621533,662539616;550407,857847294;606438,9;710680,913335;690515,691468235;711022,200901934;809278,70716659;970283,48635878;1230771,34233488;1411491,00827413;1558827,27501437;1949237,76986673;1609117,1222963;1980777,36948702;2537379,66477392;2781937,44353721;2826992,03786343;2874772,3002016;2510566,42998334;2497499,54885322;2681230,10621869;3174689,21909583;3144617,64468188;2753516,93979371;3278085,43462496;4157143,18982018;4003436,19855087
;;;;;;;;;;;;;;;;;;;;;;;;;;;;;;;;;;;;;;;;;;;;;;;;;;;;;;
Real Gross Domestic Product By Expenditure Components  (Chain-linked,2018=100,Index);-;-;-;-;-;-;-;-;-;-;-;-;-;-;-;-;-;-;-;-;-;-;-;-;-;-;-;-;-;-;-;-;-;-;-;-;-;-;-;-;-;-;-;-;-;-;-;-;-;-;-;-;-;-
;;;;;;;;;;;;;;;;;;;;;;;;;;;;;;;;;;;;;;;;;;;;;;;;;;;;;;
          Gross Final Consumption Expenditure (4) ;-;-;-;-;-;-;-;-;-;-;-;-;-;-;-;-;-;-;-;-;-;-;-;-;-;-;-;-;-;-;750130,788276111;760334,263920019;767879,230359775;800754,756781424;859058,952874071;940327,662549953;1030520,76743226;1112758,17418026;1208911,03470917;1276979,58159864;1312864,532;1410895,168;1554355,501;1661159,03;1817007,558;1888806,763;1780248,284;1855206,84;1950386,352;2005865,139;1928473,267;2046978,813;2179912,003;2299230,863
;;;;;;;;;;;;;;;;;;;;;;;;;;;;;;;;;;;;;;;;;;;;;;;;;;;;;;
          a) Govt. Final Consumption Expenditure (4) ;-;-;-;-;-;-;-;-;-;-;-;-;-;-;-;-;-;-;-;-;-;-;-;-;-;-;-;-;-;-;367344,628924119;371650,414222929;368792,047144332;383414,113419848;413940,37943028;450082,615754347;486030,846231043;494741,678756677;512974,309163125;516056,319315975;522142,193;608668,046;657976,069;731076,936;818985,188;804715,449;663537,862;685401,958;749244,513;726983,878;750966,691;757074,406;827829,891;875326,801
;;;;;;;;;;;;;;;;;;;;;;;;;;;;;;;;;;;;;;;;;;;;;;;;;;;;;;
          b) Private Final Consumption Expenditure (4) ;-;-;-;-;-;-;-;-;-;-;-;-;-;-;-;-;-;-;-;-;-;-;-;-;-;-;-;-;-;-;388850,917718459;394677,09810947;403611,616859893;421812,355252153;450389,552174568;495689,905138731;550157,538003353;622115,263208074;697840,196864932;760056,654663473;789378,166;803342,532;896909,017;931930,555;1001083,604;1085965,888;1115544,994;1168363,45;1201141,839;1278881,261;1176407,922;1288319,72;1351329,151;1423220,464
;;;;;;;;;;;;;;;;;;;;;;;;;;;;;;;;;;;;;;;;;;;;;;;;;;;;;;
          Gross Fixed Capital Formation (4) ;-;-;-;-;-;-;-;-;-;-;-;-;-;-;-;-;-;-;-;-;-;-;-;-;-;-;-;-;-;-;165318,122180895;167853,154250878;170935,179383338;196311,197629004;241379,386923318;296738,857375675;356410,923740694;429993,660195099;481944,667063246;459219,190356773;507913,064;587321,579;616613,873;652395,411;703230,859;732856,828;635632,639;642236,389;657826,697;689869,284;618958,901;683755,737;829229,546;873283,883
;;;;;;;;;;;;;;;;;;;;;;;;;;;;;;;;;;;;;;;;;;;;;;;;;;;;;;
          a) Public (4) ;-;-;-;-;-;-;-;-;-;-;-;-;-;-;-;-;-;-;-;-;-;-;-;-;-;-;-;-;-;-;-;-;-;-;-;-;-;-;-;-;168375,571;225425,794;248039,623;247610,599;261446,258;270772,45;191906,177;174838,56;179135,6;159098,764;142616,667;92672,968;123644,881;124133,59
;;;;;;;;;;;;;;;;;;;;;;;;;;;;;;;;;;;;;;;;;;;;;;;;;;;;;;
          b) Private (4) ;-;-;-;-;-;-;-;-;-;-;-;-;-;-;-;-;-;-;-;-;-;-;-;-;-;-;-;-;-;-;-;-;-;-;-;-;-;-;-;-;340123,767;362299,457;369017,805;405218,863;442184,732;462483,244;443622,221;467398,116;478691,096;530770,521;476342,373;591902,851;706517,626;750108,847
;;;;;;;;;;;;;;;;;;;;;;;;;;;;;;;;;;;;;;;;;;;;;;;;;;;;;;
          Exports of Goods & Services (4) ;-;-;-;-;-;-;-;-;-;-;-;-;-;-;-;-;-;-;-;-;-;-;-;-;-;-;-;-;-;-;807521,578465234;784784,137442372;704154,243236489;851445,787999474;917300,493793773;978771,55059485;1000262,30429112;1002152,39177314;990255,495450859;884091,108956951;922582,592;1016374,811;1050275,831;1049076,378;1027779,14;1034950,801;1106166,014;1087003,066;1180937,183;1123257,688;990928,887;1046445,352;1260957,106;1178832,977
;;;;;;;;;;;;;;;;;;;;;;;;;;;;;;;;;;;;;;;;;;;;;;;;;;;;;;
          Imports of Goods & Services (4) ;-;-;-;-;-;-;-;-;-;-;-;-;-;-;-;-;-;-;-;-;-;-;-;-;-;-;-;-;-;-;258390,616829322;245740,064504229;244734,800685653;277997,138573245;319528,566159782;410859,239736451;554585,015596758;682928,524887688;754693,642514366;706782,074586587;753183,015;794378,326;856072,101;887413,308;944497,91;934170,01;763997,666;765974,985;785960,225;860417,059;689219,278;746707,767;839497,05;922228,928
;;;;;;;;;;;;;;;;;;;;;;;;;;;;;;;;;;;;;;;;;;;;;;;;;;;;;;
          Gross Domestic Product (4) ;-;-;-;-;-;-;-;-;-;-;-;-;-;-;-;-;-;-;-;-;-;-;-;-;-;-;-;-;-;-;1580735,01958366;1586181,96947336;1575262,56649242;1713393,50547544;1861276,10294786;1971926,99497323;2037267,12993137;2082364,42447327;2212262,73472096;2188664,30690469;2298961,888;2551704,279;2689723,822;2757902,357;2863017,676;2992112,834;3048498,983;3076272,292;3174689,219;3209538,854;3094588,101;3251641,862;3495059,261;3468674,541
;;;;;;;;;;;;;;;;;;;;;;;;;;;;;;;;;;;;;;;;;;;;;;;;;;;;;;
Gross Domestic Product By Sectors;-;-;-;-;-;-;-;-;-;-;-;-;-;-;-;-;-;-;-;-;-;-;-;-;-;-;-;-;-;-;-;-;-;-;-;-;-;-;-;-;-;-;-;-;-;-;-;-;-;-;-;-;-;-
;;;;;;;;;;;;;;;;;;;;;;;;;;;;;;;;;;;;;;;;;;;;;;;;;;;;;;
          Implicit Deflators;-;-;-;-;-;-;-;-;-;-;-;-;-;-;-;-;-;-;-;-;-;-;-;-;-;-;-;-;-;-;-;-;-;-;-;-;-;-;-;-;-;-;-;-;-;-;-;-;-;-;-;-;-;-
;;;;;;;;;;;;;;;;;;;;;;;;;;;;;;;;;;;;;;;;;;;;;;;;;;;;;;
                    Oil Sector (5) ;2,7404167380489;3,68182587469868;3,9128811555106;4,64458423260629;15,8881923667468;16,0330433271;17,0061612465085;16,9119532425113;16,4926030926715;22,4690813086036;36,0837395522799;40,5996739981234;40,0023197871333;35,464570276353;33,2520754434676;30,479019589184;14,7371217340408;17,9853234942629;14,466922989254;18,9688294296245;24,3662075890156;22,6818786274453;24,4530774220319;21,4364752709317;21,2885575664028;23,6780164810996;27,9621998654271;28,5592876631661;18,5828035813043;26,1872827738563;35,3299569633421;32,4391619900771;36,035415963601;38,6107885762475;45,7413555953981;64,2665577473278;76,0428774017301;86,6810737600714;113,944330679046;76,6750378864188;103,761607098658;133,907039176195;137,408515373468;130,937901392445;119,271991622143;62,4754374550375;54,3379996231227;69,1031425958067;99,9999999140317;91,1783805428202;62,5554616922814;93,6521519768741;142,042170727683;122,047998790951
;;;;;;;;;;;;;;;;;;;;;;;;;;;;;;;;;;;;;;;;;;;;;;;;;;;;;;
                    Non-oil Sector (5) ;9,96326378753323;10,0984968816633;10,3519093426019;10,9049327762309;12,4850575854965;16,9252451579978;23,9146803508525;29,8256240837723;33,6836913257744;37,9552160498117;41,9398303789666;45,124851361533;47,3237185743889;48,6609441949506;49,2528632245051;48,6952660491473;47,7356223567252;46,5509312690331;47,2956098008677;47,5475942871738;50,671598027777;55,5713605273721;52,3572450898806;53,6358097251541;54,4072204251749;56,0179985345873;56,7323967126275;57,7941248665683;56,8604845104509;56,5783824028765;56,6216415700071;56,8673436865391;56,5748185734709;58,2729194320141;61,1209162412374;63,6282076116306;66,0818087155377;67,4220869921618;70,0858342401051;72,3409731468455;75,8888628304186;79,1187360641571;83,4063100456614;85,5662093961526;88,5515962657354;93,7714863140779;95,0811680985716;95,2545593409868;100,000000017321;101,116500130483;100,39298235592;100,646280759484;104,308844039038;107,826803470624
;;;;;;;;;;;;;;;;;;;;;;;;;;;;;;;;;;;;;;;;;;;;;;;;;;;;;;
                    GDP (5) ;4,13945741458886;4,78588235313853;5,00620551730879;5,65288426281917;14,1678381715758;15,2986681326984;18,2330991018266;19,9303201975614;20,7595172376089;25,7747180495455;35,4724405630618;39,2266299333279;39,4055669074427;37,6110431497101;37,0101095045892;35,6061734694364;30,1645638698695;31,0348691609839;29,9830725355708;32,2572002463801;36,36887330404;37,7753140990376;37,4496817495027;36,1867348307652;36,4400997137024;38,5219863359824;41,2748951423827;42,0607705209977;36,2316455331618;40,1744611316071;44,958889664011;43,5331951035541;45,136742028038;47,2325069857217;52,1300136407522;62,414650515578;69,2835508675624;74,8585241225811;88,1105909923757;73,5205082487953;86,1596436124573;99,4386256141055;103,428367655555;102,505153262155;100,410567643369;83,9061415550661;81,9255496813535;87,1584129009439;100,000000003019;97,9772418321963;88,9784633665439;100,813237550358;118,943424971591;115,416887667896
;;;;;;;;;;;;;;;;;;;;;;;;;;;;;;;;;;;;;;;;;;;;;;;;;;;;;;
          Gross Domestic Product at Current Prices;-;-;-;-;-;-;-;-;-;-;-;-;-;-;-;-;-;-;-;-;-;-;-;-;-;-;-;-;-;-;-;-;-;-;-;-;-;-;-;-;-;-;-;-;-;-;-;-;-;-;-;-;-;-
;;;;;;;;;;;;;;;;;;;;;;;;;;;;;;;;;;;;;;;;;;;;;;;;;;;;;;
                    Oil Sector (5) ;10389,6189711823;17030,7672921698;22450,0526751156;33217,0767733561;126320,436132656;104875,830999416;137999,114753575;146757,823665077;130551,545106406;203623,145781086;341641,476505477;380798,259880481;254737,018245304;163118,355357063;140670,743779451;104450,983772146;72666,1309962794;78775,4042744923;76738,0311076813;98652,1371367965;158928,232923667;179816,79884485;200072,221607738;170237,865288516;169672,080196467;187963,023813032;226729,9707278;228517,779510561;153106,821779;199198,7504;287519,071177802;253805,927192744;261715,76944295;328538,153694392;416733,590756665;610391,779971609;712219,265904899;779672,460908144;1070421,91230653;651555,323735043;880392,574173341;1276416,40223797;1376577,12036889;1290793,8322325;1197428,46315077;659699,399481072;595540,82489923;735363,055153558;1086260,60206616;958288,366462531;612500,0258432;928650,936725313;1617919,34311025;1265524,94459928
;;;;;;;;;;;;;;;;;;;;;;;;;;;;;;;;;;;;;;;;;;;;;;;;;;;;;;
          Non-Oil Sector;-;-;-;-;-;-;-;-;-;-;-;-;-;-;-;-;-;-;-;-;-;-;-;-;-;-;-;-;-;-;-;-;-;-;-;-;-;-;-;-;-;-;-;-;-;-;-;-;-;-;-;-;-;-
;;;;;;;;;;;;;;;;;;;;;;;;;;;;;;;;;;;;;;;;;;;;;;;;;;;;;;
                    Government Sector  (5) ;4619,14070674734;5078,00288872392;5740,2086448636;6895,55631460469;8375,84222741615;11401,1536116117;15973,0325558327;22562,2302132518;30076,1956535779;37211,7410440005;46704,2515942759;57303,2185766134;67177,8040982576;72126,0135523565;75238,0505447107;79200,8822653548;78807,7307758208;78216,5364609898;82425,0387086276;84554,3643130899;98682,3492532107;121055,391992072;106466,543267844;112306,686382652;114552,73560565;122209,241773917;127507,049951662;142010,60045852;141063,142637942;141935,0012;144262,235134622;149889,403421467;151564,560276091;168690,367492139;177529,585744264;201262,586969012;224881,35057518;234303,760570323;249969,920336105;287295,051981889;332671,126793058;371169,464845783;413473,060971922;436992,111958326;465787,449533927;554394,580324575;569764,951785302;576257,093677754;645503,60057777;674981,966502879;663347,432813898;667942,596846723;700710,953435172;736245,641989579
;;;;;;;;;;;;;;;;;;;;;;;;;;;;;;;;;;;;;;;;;;;;;;;;;;;;;;
                    Private Sector (5) ;8902,95014045287;9755,27436830999;11425,3674348594;14808,7372619158;26077,771918225;47738,7885575867;71059,7049528314;90790,3463161541;110416,642741882;132943,281756614;156501,006562186;182628,835297931;200171,089581317;207366,516087464;201676,420077521;188756,301723864;167301,472405986;160486,361155887;163120,257131993;167118,099874858;175914,747533427;187303,909869667;197755,29810428;206143,202577576;213716,096149812;219147,36587039;231078,582642302;241905,282570535;246224,893430352;255671,1484;269249,607022576;279687,569854024;290355,442182893;303963,18598006;367195,309857852;409001,97539426;463365,391794053;533050,053535905;613905,937224102;657371,746579371;753044,968520618;872508,797690163;970393,262196396;1078032,0936726;1188036,3875169;1270477,45017769;1306331,77216869;1346231,95738738;1358187,77976929;1419402,88561437;1360399,45094703;1483637,35050382;1647449,1496988;1783913,3054181
;;;;;;;;;;;;;;;;;;;;;;;;;;;;;;;;;;;;;;;;;;;;;;;;;;;;;;
                    Total (5) ;13522,0908472002;14833,2772570339;17165,576079723;21704,2935765205;34453,6141456412;59139,9421691984;87032,7375086641;113352,576529406;140492,83839546;170155,022800614;203205,258156462;239932,053874544;267348,893679575;279492,529639821;276914,470622232;267957,183989219;246109,203181807;238702,897616877;245545,295840621;251672,464187948;274597,096786638;308359,301861739;304221,841372124;318449,888960228;328268,831755462;341356,607644307;358585,632593964;383915,883029055;387288,036068294;397606,1496;413511,842157197;429576,973275491;441920,002458984;472653,553472199;544724,895602116;610264,562363271;688246,742369233;767353,814106228;863875,857560207;944666,798561261;1085716,09531368;1243678,26253595;1383866,32316832;1515024,20563092;1653823,83705083;1824872,03050226;1876096,72395399;1922489,05106513;2003691,38034705;2094384,85211725;2023746,88376092;2151579,94735054;2348160,10313398;2520158,94740768
;;;;;;;;;;;;;;;;;;;;;;;;;;;;;;;;;;;;;;;;;;;;;;;;;;;;;;
                    Net Taxes on Products (5) ;286;373;440;483;442;514;908;1411;1827;2160;2534;2637;3248;3677;3973;3910;3245;3453;8236;6740;7000;7000;9100;9277;8289;7500;8875;9100;10013;9634;9650;7132,791;7386,429;8087;8825;10115;11025;11801;14940;12895;14668,7;17285;21494;21174;23520;25995;25862;23378;84737,23668262;91944,4261021;117270,03018959;197854,55054911;191063,74357596;217752,306543916
;;;;;;;;;;;;;;;;;;;;;;;;;;;;;;;;;;;;;;;;;;;;;;;;;;;;;;
                     Gross Domestic Product (5) ;24197,7098183825;32237,0445492037;40055,6287548386;55404,3703498766;161216,050278297;164529,773168614;225939,852262239;261521,400194483;272871,383501866;375938,168581701;547380,734661939;623367,313755025;525333,911924879;446287,884996883;421558,214401682;376318,167761365;322020,334178086;320931,301891369;330519,326948302;357064,601324745;440525,329710305;495176,10070659;513394,062979862;497964,754248743;506229,91195193;536819,631457339;594190,603321764;621533,662539616;550407,857847294;606438,9;710680,913335;690515,691468235;711022,200901934;809278,70716659;970283,48635878;1230771,34233488;1411491,00827413;1558827,27501437;1949237,76986673;1609117,1222963;1980777,36948702;2537379,66477392;2781937,44353721;2826992,03786343;2874772,3002016;2510566,42998334;2497499,54885322;2681230,10621869;3174689,21909583;3144617,64468188;2753516,93979371;3278085,43462496;4157143,18982018;4003436,19855087
;;;;;;;;;;;;;;;;;;;;;;;;;;;;;;;;;;;;;;;;;;;;;;;;;;;;;;
          Real Gross Domastic Product (Chain-linked, 2018=100);-;-;-;-;-;-;-;-;-;-;-;-;-;-;-;-;-;-;-;-;-;-;-;-;-;-;-;-;-;-;-;-;-;-;-;-;-;-;-;-;-;-;-;-;-;-;-;-;-;-;-;-;-;-
;;;;;;;;;;;;;;;;;;;;;;;;;;;;;;;;;;;;;;;;;;;;;;;;;;;;;;
                    Oil Sector (5) ;379125,51134757;462563,083420223;573747,368828176;715178,692210228;795058,576940689;654123,043640432;811465,402175388;867775,717923427;791576,34712265;906237,077450591;946801,747115179;937934,279713876;636805,6142765;459947,361792304;423043,500002301;342697,977756516;493082,247047131;437998,261747255;530437,82126083;520074,986718617;652248,538649538;792777,361162978;818188,312884804;794150,452147148;797010,693031828;793829,263372077;810844,53948179;800152,238409253;823916,698624727;760669,795794419;813810,986172804;782405,930431808;726273,757204041;850897,290133312;911065,239174047;949781,350311996;936602,204230497;899472,545836518;939425,336853004;849761,984728606;848476,232;953210,832;1001813,546;985806,11;1003947,739;1055934,022;1095993,281;1064152,841;1086260,603;1051003,934;979131,173;991595,94;1139041,55;1036907,575
;;;;;;;;;;;;;;;;;;;;;;;;;;;;;;;;;;;;;;;;;;;;;;;;;;;;;;
          Non-Oil Sector;-;-;-;-;-;-;-;-;-;-;-;-;-;-;-;-;-;-;-;-;-;-;-;-;-;-;-;-;-;-;-;-;-;-;-;-;-;-;-;-;-;-;-;-;-;-;-;-;-;-;-;-;-;-
;;;;;;;;;;;;;;;;;;;;;;;;;;;;;;;;;;;;;;;;;;;;;;;;;;;;;;
                    Government Sector  (5) ;71248,4199322007;78076,9424944458;87196,3582959293;101568,410311776;118363,049654277;138602,896742481;143006,915760328;158440,888504718;161823,445707339;159319,422392238;171630,180497883;184373,997955293;198233,817255474;210709,649760536;222335,155804472;232526,799231571;231225,226358196;229823,318368533;231074,495501124;236811,893739771;246370,656818612;252647,854618191;270365,964807518;276017,971159255;278597,578098668;279899,22665358;283515,935740026;301726,586414005;308074,434603048;311496,591253986;316900,180724746;325702,830386517;334426,165812547;344735,878440689;358085,941370128;374030,182235772;387514,67511917;403501,28734303;424586,763706027;450517,396033696;484122,797;525881,115;553789,07;581658,457;602983,352;619245,639;622550,138;626604,861;645503,6;659705,327;652780,209;663581,839;693467,727;712593,479
;;;;;;;;;;;;;;;;;;;;;;;;;;;;;;;;;;;;;;;;;;;;;;;;;;;;;;
                    Private Sector (5) ;77872,0180528944;83996,3879056081;95110,5204309121;115132,681672362;166713,04400988;214332,09841322;223608,391849849;230887,787745312;257638,796562359;282863,780593952;305954,137968206;337621,032391961;357478,3897735;358613,383211442;342604,052037437;327353,74996771;299524,763521934;297986,80804933;302632,568103819;307837,126895148;312790,573166827;320010,999682576;331783,110225931;339163,72651021;345752,510991324;350088,183801491;367331,82122772;383612,454519265;394162,020885649;410744,254010041;431262,842099874;447445,267588401;464205,306706129;483769,240712816;546703,806591947;597177,778939003;663899,598445483;741513,807050553;812725,893292051;860446,740738924;950891,855;1050011,79;1109403,513;1191839,931;1265937,762;1326571,539;1349985,851;1390477,112;1358187,78;1411553,915;1362857,058;1474500,036;1558030,083;1624656,784
;;;;;;;;;;;;;;;;;;;;;;;;;;;;;;;;;;;;;;;;;;;;;;;;;;;;;;
                    Total (5) ;135719,490475802;146885,991359446;165820,386477694;199031,88787948;275958,792418106;349418,526095929;363930,172729913;380050,97969125;417094,542984238;448304,714106503;484516,165946089;531707,133952082;564936,361159627;574367,255431971;562230,198394754;550273,580431359;515567,182391902;512777,921106099;519171,434461801;529306,409632249;541915,209850122;554888,883294218;581050,13136171;593726,263464764;603355,270109641;609369,517965806;632065,016414422;664281,85203153;681119,831114191;702752,770075281;730307,053436326;755401,862347186;781124,913171545;811103,267313791;891225,016084753;959110,094831149;1041507,11935251;1138134,17581606;1232596,95333108;1305853,04215313;1430665,917;1571913,714;1659186,604;1770587,03;1867638,65;1946084,148;1973152,793;2018264,6;2003691,38;2071259,24;2015825,047;2137763,99;2251161,083;2337228,654
;;;;;;;;;;;;;;;;;;;;;;;;;;;;;;;;;;;;;;;;;;;;;;;;;;;;;;
                    Net Taxes on Products (5) ;3985,77654256514;5031,14698117023;5537,08591132536;5463,601224793;4875,62626037284;4925,2544379857;4932,32003626518;6225,23553506533;5728,53473255548;5246,49514168441;5221,85697621161;4660,14871597517;4845,32018813312;5385,40364859382;5771,17754892289;5694,02276885707;4814,45827610679;5200,23217643586;12499,0743706619;10153,5690566611;10462,1881769244;9530,82224941317;13141,362411146;13064,8976668024;11481,8845977277;10093,5149159961;11792,8443333992;11868,0536785428;13257,8364387982;12789,4164394817;10410,6930815217;8018,44159754762;8143,3718635337;8490,75030298409;9084,41052168509;10034,0560836867;10774,263219386;11410,2105142632;13955,9047324484;12420,1737062595;13991,145;15799,847;18645,439;18295,449;19044,51;20148,781;19867,824;17883,104;84737,237;91630,831;91851,657;106100,107;102012,538;114827,43
;;;;;;;;;;;;;;;;;;;;;;;;;;;;;;;;;;;;;;;;;;;;;;;;;;;;;;
                     Gross Domestic Product (5) ;584562,356725824;673586,230720089;800119,543960942;980107,990433997;1137901,55086424;1075451,61279078;1239174,15794446;1312178,61831684;1314439,92834053;1458553,95143044;1543115,51721067;1589143,17853596;1333146,43882374;1186587,36270739;1139035,3069596;1056890,22743314;1067545,13530276;1034099,09745917;1102353,09125236;1106929,92137411;1211270,21458036;1310845,75341547;1370890,32268393;1376097,50251737;1389211,10515396;1393540,89058463;1439593,24735298;1477703,93847001;1519135,68856132;1509513,46432096;1580735,01958366;1586181,96947336;1575262,56649242;1713393,50547544;1861276,10294786;1971926,99497323;2037267,12993137;2082364,42447327;2212262,73472096;2188664,30690469;2298961,888;2551704,279;2689723,822;2757902,357;2863017,676;2992112,834;3048498,983;3076272,292;3174689,219;3209538,854;3094588,101;3251641,862;3495059,261;3468674,541
;;;;;;;;;;;;;;;;;;;;;;;;;;;;;;;;;;;;;;;;;;;;;;;;;;;;;;
Contribution Of Services Sector To GDP;-;-;-;-;-;-;-;-;-;-;-;-;-;-;-;-;-;-;-;-;-;-;-;-;-;-;-;-;-;-;-;-;-;-;-;-;-;-;-;-;-;-;-;-;-;-;-;-;-;-;-;-;-;-
;;;;;;;;;;;;;;;;;;;;;;;;;;;;;;;;;;;;;;;;;;;;;;;;;;;;;;
           Total GDP (2) (6) ;23911,7098183825;31864,0445492037;39615,6287548386;54921,3703498766;160774,050278297;164015,773168614;225031,852262239;260110,400194483;271044,383501866;373778,168581701;544846,734661939;620730,313755025;522085,911924879;442610,884996883;417585,214401682;372408,167761365;318775,334178086;317478,301891369;322283,326948302;350324,601324745;433525,329710305;488176,100706589;504294,062979862;488687,754248743;497940,91195193;529319,631457339;585315,603321764;612433,662539616;540394,857847294;596804,9;701030,913335;683382,900468235;703635,771901934;801191,70716659;961458,48635878;1220656,34233488;1400466,00827413;1547026,27501437;1934297,76986673;1596222,1222963;1966108,66948702;2520094,66477392;2760443,44353721;2805818,03786343;2851252,3002016;2484571,42998334;2471637,54885322;2657852,10621869;3089951,98241321;3052673,21857978;2636246,90960412;3080230,88407585;3966079,44624422;3785683,89200695
;;;;;;;;;;;;;;;;;;;;;;;;;;;;;;;;;;;;;;;;;;;;;;;;;;;;;;
          Services Activity (3) (6) ;8789,17003231707;9743,16596694566;11538,1987002656;15090,0492477506;25500,1725515977;44484,5994486599;64198,7003861924;82311,4113568562;103509,145551658;126675,643442285;149789,451377114;175246,68564911;201623,585301503;214533,580124292;213826,374531852;204840,457784194;183645,655988001;173118,644400867;176807,781508882;179199,153818738;194807,444597076;222604,837141592;213892,343874;223052,159385665;228714,164098374;237675,265996669;247710,871191088;267345,613471554;268947,963223011;278551,193241314;286340,565512579;297272,46494902;305177,884379149;328282,657080112;373719,929974691;421606,878881445;476547,47795103;526989,437899174;594742,300639418;671375,073518261;764756,179217665;862538,98300171;972235,192876359;1066735,89409885;1159053,8860581;1294250,90868746;1338498,40255545;1375863,6745752;1451316,67393917;1524157,86117832;1467907,79996734;1544488,71280851;1657138,65562358;1796431,77269377
;;;;;;;;;;;;;;;;;;;;;;;;;;;;;;;;;;;;;;;;;;;;;;;;;;;;;;
          Share % (6) ;36,7567610140545;30,5773046227716;29,1253706249867;27,4757333104026;15,8608758735986;27,122147211371;28,5287170419675;31,6447982454037;38,1890021900953;33,8905944996613;27,4920343369688;28,2323388701573;38,6188519353331;48,4700190158684;51,2054467345602;55,0042871013113;57,6097446377096;54,5292838501142;54,8609768873474;51,1523179191813;44,9356545619266;45,599290260091;42,4142101951617;45,6430834303515;45,9319888381562;44,9020311871477;42,3209068381719;43,6529913073255;49,7687865303506;46,6737443411262;40,8456403370825;43,5001321726571;43,3715704297197;40,974295433122;38,8701057068035;34,5393592167794;34,0277789775352;34,0646727473506;30,7471946617813;42,0602536539484;38,8969435457094;34,2264516908173;35,2202540194247;38,0187125360112;40,6506953445035;52,0915153844517;54,1543157562275;51,7659982418145;46,9689070315491;49,9286281905868;55,6817267236845;50,141978667677;41,7827902361575;47,4532957304421
;;;;;;;;;;;;;;;;;;;;;;;;;;;;;;;;;;;;;;;;;;;;;;;;;;;;;;
          Change % (6) ;-;10,8542209460146;18,4235056593479;30,7834059696281;68,9866754768798;74,4482291586403;44,3166875320183;28,2135165691911;25,753092852339;22,3811120912643;18,2464499936487;16,9953451581207;15,051297292553;6,4030181803802;-0,329647970276015;-4,20243609673116;-10,3469802916193;-5,73224099992942;2,13098775165579;1,35252661927427;8,71002482195091;14,2691633792587;-3,91388317498714;4,28244197326726;2,53842183294855;3,91803539305127;4,22240200398423;7,92647580869383;0,59935516825973;3,57066471269003;2,79638804652917;3,81779627237657;2,6593177513043;7,57091974340389;13,8408995768212;12,813592496926;13,0312387727987;10,5848760683876;12,8565883616831;12,8850382420175;13,9089324853916;12,7861410527047;12,7178263286022;9,71994244961536;8,65425007913892;11,6644294329715;3,41877247842652;2,79158136822606;5,4840461855546;5,01897267130833;-3,6905666167339;5,21701109857655;7,29367213116263;8,4056404452032
